verse	position	greek	strong	transliteration	gloss	inflected
1:1	1	Βίβλος	G976	Biblos	[This is the] record	[This is the] record
1:1	2	γενέσεως	G1078	geneseōs	of [the] genealogy	of [the] genealogy
1:1	3	Ἰησοῦ	G2424	Iēsou	of Jesus	of Jesus
1:1	4	Χριστοῦ	G5547	Christou	Christ	Christ
1:1	5	υἱοῦ	G5207	huiou	[the] son	[the] son
1:1	6	Δαυὶδ	G1138	Dauid	of David	of David
1:1	7	υἱοῦ	G5207	huiou	[the] son	[the] son
1:1	8	Ἀβραάμ	G11	Abraam	of Abraham	of Abraham
1:2	1	Ἀβραὰμ	G11	Abraam	Abraham	Abraham
1:2	2	ἐγέννησεν	G1080	egennēsen	was the father of	was the father of
1:2	3	τὸν	G3588	ton	-	-
1:2	4	Ἰσαάκ	G2464	Isaak	Isaac	Isaac
1:2	5	δὲ	G1161	de	-	-
1:2	6	Ἰσαὰκ	G2464	Isaak	Isaac	Isaac
1:2	7	ἐγέννησεν	G1080	egennēsen	the father of	the father of
1:2	8	τὸν	G3588	ton	-	-
1:2	9	Ἰακώβ	G2384	Iakōb	Jacob	Jacob
1:2	10	δὲ	G1161	de	and	and
1:2	11	Ἰακὼβ	G2384	Iakōb	Jacob	Jacob
1:2	12	ἐγέννησεν	G1080	egennēsen	the father of	the father of
1:2	13	τὸν	G3588	ton	-	-
1:2	14	Ἰούδαν	G2455	Ioudan	Judah	Judah
1:2	15	καὶ	G2532	kai	and	and
1:2	16	τοὺς	G3588	tous	-	-
1:2	17	αὐτοῦ	G846	autou	his	his
1:2	18	ἀδελφοὺς	G80	adelphous	brothers	brothers
1:3	1	Ἰούδας	G2455	Ioudas	Judah	Judah
1:3	2	δὲ	G1161	de	-	-
1:3	3	ἐγέννησεν	G1080	egennēsen	was the father of	was the father of
1:3	4	τὸν	G3588	ton	-	-
1:3	5	Φαρὲς	G5329	Phares	Perez	Perez
1:3	6	καὶ	G2532	kai	and	and
1:3	7	τὸν	G3588	ton	-	-
1:3	8	Ζαρὰ	G2196	Zara	Zerah	Zerah
1:3	9	ἐκ	G1537	ek	by	by
1:3	10	τῆς	G3588	tēs	-	-
1:3	11	Θάμαρ	G2283	Thamar	Tamar	Tamar
1:3	12	Φαρὲς	G5329	Phares	Perez	Perez
1:3	13	δὲ	G1161	de	-	-
1:3	14	ἐγέννησεν	G1080	egennēsen	the father of	the father of
1:3	15	τὸν	G3588	ton	-	-
1:3	16	Ἑσρώμ	G2074	Hesrōm	Hezron	Hezron
1:3	17	δὲ	G1161	de	and	and
1:3	18	Ἑσρὼμ	G2074	Hesrōm	Hezron	Hezron
1:3	19	ἐγέννησεν	G1080	egennēsen	the father of	the father of
1:3	20	τὸν	G3588	ton	-	-
1:3	21	Ἀράμ	G689	Aram	Ram	Ram
1:4	1	Ἀρὰμ	G689	Aram	Ram	Ram
1:4	2	δὲ	G1161	de	-	-
1:4	3	ἐγέννησεν	G1080	egennēsen	was the father of	was the father of
1:4	4	τὸν	G3588	ton	-	-
1:4	5	Ἀμιναδάβ	G284	Aminadab	Amminadab	Amminadab
1:4	6	Ἀμιναδὰβ	G284	Aminadab	Amminadab	Amminadab
1:4	7	δὲ	G1161	de	-	-
1:4	8	ἐγέννησεν	G1080	egennēsen	the father of	the father of
1:4	9	τὸν	G3588	ton	-	-
1:4	10	Ναασσών	G3476	Naassōn	Nahshon	Nahshon
1:4	11	δὲ	G1161	de	and	and
1:4	12	Ναασσὼν	G3476	Naassōn	Nahshon	Nahshon
1:4	13	ἐγέννησεν	G1080	egennēsen	the father of	the father of
1:4	14	τὸν	G3588	ton	-	-
1:4	15	Σαλμών	G4533	Salmōn	Salmon	Salmon
1:5	1	Σαλμὼν	G4533	Salmōn	Salmon	Salmon
1:5	2	δὲ	G1161	de	-	-
1:5	3	ἐγέννησεν	G1080	egennēsen	was the father of	was the father of
1:5	4	τὸν	G3588	ton	-	-
1:5	5	Βόες	G1003	Boes	Boaz	Boaz
1:5	6	ἐκ	G1537	ek	by	by
1:5	7	τῆς	G3588	tēs	-	-
1:5	8	Ῥαχάβ	G4477	Rhachab	Rahab	Rahab
1:5	9	Βόες	G1003	Boes	Boaz	Boaz
1:5	10	δὲ	G1161	de	-	-
1:5	11	ἐγέννησεν	G1080	egennēsen	the father of	the father of
1:5	12	τὸν	G3588	ton	-	-
1:5	13	Ἰωβὴδ	G5601	Iōbēd	Obed	Obed
1:5	14	ἐκ	G1537	ek	by	by
1:5	15	τῆς	G3588	tēs	-	-
1:5	16	Ῥούθ	G4503	Rhouth	Ruth	Ruth
1:5	17	δὲ	G1161	de	-	-
1:5	18	Ἰωβὴδ	G5601	Iōbēd	Obed	Obed
1:5	19	ἐγέννησεν	G1080	egennēsen	the father of	the father of
1:5	20	τὸν	G3588	ton	-	-
1:5	21	Ἰεσσαί	G2421	Iessai	Jesse	Jesse
1:6	1	δὲ	G1161	de	and	and
1:6	2	Ἰεσσαὶ	G2421	Iessai	Jesse	Jesse
1:6	3	ἐγέννησεν	G1080	egennēsen	the father of	the father of
1:6	4	τὸν	G3588	ton	-	-
1:6	5	Δαυὶδ	G1138	Dauid	David	David
1:6	6	τὸν	G3588	ton	the	the
1:6	7	βασιλέα	G935	basilea	king	king
1:6	8	δὲ	G1161	de	Next	Next
1:6	9	Δαυὶδ	G1138	Dauid	David	David
1:6	10	ἐγέννησεν	G1080	egennēsen	was the father of	was the father of
1:6	11	τὸν	G3588	ton	-	-
1:6	12	Σολομῶνα	G4672	Solomōna	Solomon	Solomon
1:6	13	ἐκ	G1537	ek	by	by
1:6	14	τοῦ	G3588	tou	. . .	. . .
1:6	15	Οὐρίου	G3774	Ouriou	Uriah’s	Uriah’s
1:6	16	τῆς	G3588	tēs	[wife]	[wife]
1:7	1	Σολομὼν	G4672	Solomōn	Solomon	Solomon
1:7	2	δὲ	G1161	de	-	-
1:7	3	ἐγέννησεν	G1080	egennēsen	the father of	the father of
1:7	4	τὸν	G3588	ton	-	-
1:7	5	Ῥοβοάμ	G4497	Rhoboam	Rehoboam	Rehoboam
1:7	6	Ῥοβοὰμ	G4497	Rhoboam	Rehoboam	Rehoboam
1:7	7	δὲ	G1161	de	-	-
1:7	8	ἐγέννησεν	G1080	egennēsen	the father of	the father of
1:7	9	τὸν	G3588	ton	-	-
1:7	10	Ἀβιά	G7	Abia	Abijah	Abijah
1:7	11	δὲ	G1161	de	and	and
1:7	12	Ἀβιὰ	G7	Abia	Abijah	Abijah
1:7	13	ἐγέννησεν	G1080	egennēsen	the father of	the father of
1:7	14	τὸν	G3588	ton	-	-
1:7	15	Ἀσάφ	G760	Asaph	Asa	Asa
1:8	1	Ἀσὰφ	G760	Asaph	Asa	Asa
1:8	2	δὲ	G1161	de	-	-
1:8	3	ἐγέννησεν	G1080	egennēsen	was the father of	was the father of
1:8	4	τὸν	G3588	ton	-	-
1:8	5	Ἰωσαφάτ	G2498	Iōsaphat	Jehoshaphat	Jehoshaphat
1:8	6	δὲ	G1161	de	-	-
1:8	7	Ἰωσαφὰτ	G2498	Iōsaphat	Jehoshaphat	Jehoshaphat
1:8	8	ἐγέννησεν	G1080	egennēsen	the father of	the father of
1:8	9	τὸν	G3588	ton	-	-
1:8	10	Ἰωράμ	G2496	Iōram	Joram	Joram
1:8	11	δὲ	G1161	de	and	and
1:8	12	Ἰωρὰμ	G2496	Iōram	Joram	Joram
1:8	13	ἐγέννησεν	G1080	egennēsen	the father of	the father of
1:8	14	τὸν	G3588	ton	-	-
1:8	15	Ὀζίαν	G3604	Ozian	Uzziah	Uzziah
1:9	1	Ὀζίας	G3604	Ozias	Uzziah	Uzziah
1:9	2	δὲ	G1161	de	-	-
1:9	3	ἐγέννησεν	G1080	egennēsen	was the father of	was the father of
1:9	4	τὸν	G3588	ton	-	-
1:9	5	Ἰωαθάμ	G2488	Iōatham	Jotham	Jotham
1:9	6	Ἰωαθὰμ	G2488	Iōatham	Jotham	Jotham
1:9	7	δὲ	G1161	de	-	-
1:9	8	ἐγέννησεν	G1080	egennēsen	the father of	the father of
1:9	9	τὸν	G3588	ton	-	-
1:9	10	Ἄχαζ	G881	Achaz	Ahaz	Ahaz
1:9	11	δὲ	G1161	de	and	and
1:9	12	Ἄχαζ	G881	Achaz	Ahaz	Ahaz
1:9	13	ἐγέννησεν	G1080	egennēsen	the father of	the father of
1:9	14	τὸν	G3588	ton	-	-
1:9	15	Ἑζεκίαν	G1478	Hezekian	Hezekiah	Hezekiah
1:10	1	Ἑζεκίας	G1478	Hezekias	Hezekiah	Hezekiah
1:10	2	δὲ	G1161	de	-	-
1:10	3	ἐγέννησεν	G1080	egennēsen	was the father of	was the father of
1:10	4	τὸν	G3588	ton	-	-
1:10	5	Μανασσῆ	G3128	Manassē	Manasseh	Manasseh
1:10	6	Μανασσῆς	G3128	Manassēs	Manasseh	Manasseh
1:10	7	δὲ	G1161	de	-	-
1:10	8	ἐγέννησεν	G1080	egennēsen	the father of	the father of
1:10	9	τὸν	G3588	ton	-	-
1:10	10	Ἀμώς	G301	Amōs	Amon	Amon
1:10	11	δὲ	G1161	de	-	-
1:10	12	Ἀμὼς	G301	Amōs	Amon	Amon
1:10	13	ἐγέννησεν	G1080	egennēsen	the father of	the father of
1:10	14	τὸν	G3588	ton	-	-
1:10	15	Ἰωσίαν	G2502	Iōsian	Josiah	Josiah
1:11	1	δὲ	G1161	de	and	and
1:11	2	Ἰωσίας	G2502	Iōsias	Josiah	Josiah
1:11	3	ἐγέννησεν	G1080	egennēsen	the father of	the father of
1:11	4	τὸν	G3588	ton	-	-
1:11	5	Ἰεχονίαν	G2423	Iechonian	Jeconiah	Jeconiah
1:11	6	καὶ	G2532	kai	and	and
1:11	7	τοὺς	G3588	tous	-	-
1:11	8	αὐτοῦ	G846	autou	his	his
1:11	9	ἀδελφοὺς	G80	adelphous	brothers	brothers
1:11	10	ἐπὶ	G1909	epi	at [the time]	at [the time]
1:11	11	τῆς	G3588	tēs	of the	of the
1:11	12	μετοικεσίας	G3350	metoikesias	exile	exile
1:11	13	Βαβυλῶνος	G897	Babylōnos	to Babylon	to Babylon
1:12	1	Μετὰ	G3326	Meta	After	After
1:12	2	δὲ	G1161	de	. . .	. . .
1:12	3	τὴν	G3588	tēn	the	the
1:12	4	μετοικεσίαν	G3350	metoikesian	exile	exile
1:12	5	Βαβυλῶνος	G897	Babylōnos	to Babylon	to Babylon
1:12	6	Ἰεχονίας	G2423	Iechonias	Jeconiah	Jeconiah
1:12	7	ἐγέννησεν	G1080	egennēsen	was the father of	was the father of
1:12	8	τὸν	G3588	ton	-	-
1:12	9	Σαλαθιήλ	G4528	Salathiēl	Shealtiel	Shealtiel
1:12	10	δὲ	G1161	de	-	-
1:12	11	Σαλαθιὴλ	G4528	Salathiēl	Shealtiel	Shealtiel
1:12	12	ἐγέννησεν	G1080	egennēsen	the father of	the father of
1:12	13	τὸν	G3588	ton	-	-
1:12	14	Ζοροβαβέλ	G2216	Zorobabel	Zerubbabel	Zerubbabel
1:13	1	Ζοροβαβὲλ	G2216	Zorobabel	Zerubbabel	Zerubbabel
1:13	2	δὲ	G1161	de	-	-
1:13	3	ἐγέννησεν	G1080	egennēsen	the father of	the father of
1:13	4	τὸν	G3588	ton	-	-
1:13	5	Ἀβιούδ	G10	Abioud	Abiud	Abiud
1:13	6	Ἀβιοὺδ	G10	Abioud	Abiud	Abiud
1:13	7	δὲ	G1161	de	-	-
1:13	8	ἐγέννησεν	G1080	egennēsen	the father of	the father of
1:13	9	τὸν	G3588	ton	-	-
1:13	10	Ἐλιακίμ	G1662	Eliakim	Eliakim	Eliakim
1:13	11	δὲ	G1161	de	and	and
1:13	12	Ἐλιακὶμ	G1662	Eliakim	Eliakim	Eliakim
1:13	13	ἐγέννησεν	G1080	egennēsen	the father of	the father of
1:13	14	τὸν	G3588	ton	-	-
1:13	15	Ἀζώρ	G107	Azōr	Azor	Azor
1:14	1	Ἀζὼρ	G107	Azōr	Azor	Azor
1:14	2	δὲ	G1161	de	-	-
1:14	3	ἐγέννησεν	G1080	egennēsen	was the father of	was the father of
1:14	4	τὸν	G3588	ton	-	-
1:14	5	Σαδώκ	G4524	Sadōk	Zadok	Zadok
1:14	6	Σαδὼκ	G4524	Sadōk	Zadok	Zadok
1:14	7	δὲ	G1161	de	-	-
1:14	8	ἐγέννησεν	G1080	egennēsen	the father of	the father of
1:14	9	τὸν	G3588	ton	-	-
1:14	10	Ἀχίμ	G885	Achim	Achim	Achim
1:14	11	δὲ	G1161	de	and	and
1:14	12	Ἀχὶμ	G885	Achim	Achim	Achim
1:14	13	ἐγέννησεν	G1080	egennēsen	the father of	the father of
1:14	14	τὸν	G3588	ton	-	-
1:14	15	Ἐλιούδ	G1664	Elioud	Eliud	Eliud
1:15	1	Ἐλιοὺδ	G1664	Elioud	Eliud	Eliud
1:15	2	δὲ	G1161	de	-	-
1:15	3	ἐγέννησεν	G1080	egennēsen	was the father of	was the father of
1:15	4	τὸν	G3588	ton	-	-
1:15	5	Ἐλεάζαρ	G1648	Eleazar	Eleazar	Eleazar
1:15	6	Ἐλεάζαρ	G1648	Eleazar	Eleazar	Eleazar
1:15	7	δὲ	G1161	de	-	-
1:15	8	ἐγέννησεν	G1080	egennēsen	the father of	the father of
1:15	9	τὸν	G3588	ton	-	-
1:15	10	Ματθάν	G3157	Matthan	Matthan	Matthan
1:15	11	δὲ	G1161	de	-	-
1:15	12	Ματθὰν	G3157	Matthan	Matthan	Matthan
1:15	13	ἐγέννησεν	G1080	egennēsen	the father of	the father of
1:15	14	τὸν	G3588	ton	-	-
1:15	15	Ἰακώβ	G2384	Iakōb	Jacob	Jacob
1:16	1	δὲ	G1161	de	and	and
1:16	2	Ἰακὼβ	G2384	Iakōb	Jacob	Jacob
1:16	3	ἐγέννησεν	G1080	egennēsen	the father of	the father of
1:16	4	τὸν	G3588	ton	-	-
1:16	5	Ἰωσὴφ	G2501	Iōsēph	Joseph	Joseph
1:16	6	τὸν	G3588	ton	the	the
1:16	7	ἄνδρα	G435	andra	husband	husband
1:16	8	Μαρίας	G3137	Marias	of Mary	of Mary
1:16	9	ἐξ	G1537	ex	of	of
1:16	10	ἧς	G3739	hēs	whom	whom
1:16	11	ἐγεννήθη	G1080	egennēthē	was born	was born
1:16	12	Ἰησοῦς	G2424	Iēsous	Jesus	Jesus
1:16	13	ὁ	G3588	ho	who	who
1:16	14	λεγόμενος	G3004	legomenos	is called	is called
1:16	15	Χριστός	G5547	Christos	Christ	Christ
1:17	1	Πᾶσαι	G3956	Pasai	In all	In all
1:17	2	οὖν	G3767	oun	then	then
1:17	3	δεκατέσσαρες	G1180	dekatessares	[there were] fourteen	[there were] fourteen
1:17	4	αἱ	G3588	hai	. . .	. . .
1:17	5	γενεαὶ	G1074	geneai	. . .	. . .
1:17	6	γενεαὶ	G1074	geneai	generations	generations
1:17	7	ἀπὸ	G575	apo	from	from
1:17	8	Ἀβραὰμ	G11	Abraam	Abraham	Abraham
1:17	9	ἕως	G2193	heōs	to	to
1:17	10	Δαυὶδ	G1138	Dauid	David	David
1:17	11	καὶ	G2532	kai	-	-
1:17	12	δεκατέσσαρες	G1180	dekatessares	fourteen	fourteen
1:17	13	γενεαὶ	G1074	geneai	-	-
1:17	14	ἀπὸ	G575	apo	from	from
1:17	15	Δαυὶδ	G1138	Dauid	David	David
1:17	16	ἕως	G2193	heōs	to	to
1:17	17	τῆς	G3588	tēs	the	the
1:17	18	μετοικεσίας	G3350	metoikesias	exile	exile
1:17	19	Βαβυλῶνος	G897	Babylōnos	to Babylon	to Babylon
1:17	20	καὶ	G2532	kai	and	and
1:17	21	δεκατέσσαρες	G1180	dekatessares	fourteen	fourteen
1:17	22	γενεαὶ	G1074	geneai	-	-
1:17	23	ἀπὸ	G575	apo	from	from
1:17	24	τῆς	G3588	tēs	the	the
1:17	25	μετοικεσίας	G3350	metoikesias	exile	exile
1:17	26	Βαβυλῶνος	G897	Babylōnos	. . .	. . .
1:17	27	ἕως	G2193	heōs	to	to
1:17	28	τοῦ	G3588	tou	the	the
1:17	29	Χριστοῦ	G5547	Christou	Christ	Christ
1:18	1	δὲ	G1161	de	-	-
1:18	2	οὕτως	G3779	houtōs	This is how	This is how
1:18	3	ἡ	G3588	hē	the	the
1:18	4	γένεσις	G1078	genesis	birth	birth
1:18	5	Τοῦ	G3588	Tou	-	-
1:18	6	Ἰησοῦ	G2424	Iēsou	of Jesus	of Jesus
1:18	7	Χριστοῦ	G5547	Christou	Christ	Christ
1:18	8	ἦν	G1510	ēn	came about	came about
1:18	9	τῆς	G3588	tēs	-	-
1:18	10	αὐτοῦ	G846	autou	His	His
1:18	11	μητρὸς	G3384	mētros	mother	mother
1:18	12	Μαρίας	G3137	Marias	Mary	Mary
1:18	13	μνηστευθείσης	G3423	mnēsteutheisēs	was pledged in marriage	was pledged in marriage
1:18	14	τῷ	G3588	tō	-	-
1:18	15	Ἰωσήφ	G2501	Iōsēph	to Joseph	to Joseph
1:18	16	ἢ	G2228	ē	but	but
1:18	17	πρὶν	G4250	prin	before	before
1:18	18	αὐτοὺς	G846	autous	they	they
1:18	19	συνελθεῖν	G4905	synelthein	came together	came together
1:18	20	εὑρέθη	G2147	heurethē	she was found	she was found
1:18	21	ἔχουσα	G2192	echousa	to be with child	to be with child
1:18	22	ἐν	G1722	en	. . .	. . .
1:18	23	γαστρὶ	G1064	gastri	. . .	. . .
1:18	24	ἐκ	G1537	ek	through	through
1:18	25	ἁγίου	G40	hagiou	[the] Holy	[the] Holy
1:18	26	πνεύματος	G4151	pneumatos	Spirit	Spirit
1:19	1	δὲ	G1161	de	Because	Because
1:19	2	Ἰωσὴφ	G2501	Iōsēph	Joseph	Joseph
1:19	3	ὁ	G3588	ho	-	-
1:19	4	αὐτῆς	G846	autēs	her	her
1:19	5	ἀνὴρ	G435	anēr	husband	husband
1:19	6	ὢν	G1510	ōn	was	was
1:19	7	δίκαιος	G1342	dikaios	a righteous man	a righteous man
1:19	8	καὶ	G2532	kai	and	and
1:19	9	μὴ	G3361	mē	vvv	vvv
1:19	10	θέλων	G2309	thelōn	was unwilling	was unwilling
1:19	11	αὐτὴν	G846	autēn	vvv	vvv
1:19	12	δειγματίσαι	G1165	deigmatisai	to disgrace her publicly	to disgrace her publicly
1:19	13	ἐβουλήθη	G1014	eboulēthē	he resolved	he resolved
1:19	14	ἀπολῦσαι	G630	apolysai	to divorce	to divorce
1:19	15	αὐτήν	G846	autēn	her	her
1:19	16	λάθρᾳ	G2977	lathra	quietly	quietly
1:20	1	δὲ	G1161	de	But	But
1:20	2	αὐτοῦ	G846	autou	after	after
1:20	3	ἐνθυμηθέντος	G1760	enthymēthentos	he had pondered	he had pondered
1:20	4	Ταῦτα	G3778	Tauta	these things	these things
1:20	5	ἰδοὺ	G2400	idou	-	-
1:20	6	ἄγγελος	G32	angelos	an angel	an angel
1:20	7	Κυρίου	G2962	Kyriou	of [the] Lord	of [the] Lord
1:20	8	ἐφάνη	G5316	ephanē	appeared	appeared
1:20	9	αὐτῷ	G846	autō	to him	to him
1:20	10	κατ’	G2596	kat’	in	in
1:20	11	ὄναρ	G3677	onar	a dream	a dream
1:20	12	λέγων	G3004	legōn	[and] said	[and] said
1:20	13	Ἰωσὴφ	G2501	Iōsēph	Joseph	Joseph
1:20	14	υἱὸς	G5207	huios	son	son
1:20	15	Δαυίδ	G1138	Dauid	of David	of David
1:20	16	φοβηθῇς	G5399	phobēthēs	do not be afraid	do not be afraid
1:20	17	μὴ	G3361	mē	. . .	. . .
1:20	18	παραλαβεῖν	G3880	paralabein	to embrace	to embrace
1:20	19	Μαρίαν	G3137	Marian	Mary	Mary
1:20	20	τὴν	G3588	tēn	[as]	[as]
1:20	21	σου	G4771	sou	your	your
1:20	22	γυναῖκά	G1135	gynaika	wife	wife
1:20	23	γὰρ	G1063	gar	for	for
1:20	24	τὸ	G3588	to	the [One]	the [One]
1:20	25	γεννηθὲν	G1080	gennēthen	conceived	conceived
1:20	26	ἐν	G1722	en	in	in
1:20	27	αὐτῇ	G846	autē	her	her
1:20	28	ἐστιν	G1510	estin	is	is
1:20	29	ἐκ	G1537	ek	from	from
1:20	30	Ἁγίου	G40	Hagiou	[the] Holy	[the] Holy
1:20	31	Πνεύματός	G4151	Pneumatos	Spirit	Spirit
1:21	1	τέξεται	G5088	texetai	She will give birth to	She will give birth to
1:21	2	δὲ	G1161	de	-	-
1:21	3	υἱὸν	G5207	huion	a Son	a Son
1:21	4	καὶ	G2532	kai	and	and
1:21	5	καλέσεις	G2564	kaleseis	you are to give	you are to give
1:21	6	αὐτοῦ	G846	autou	Him	Him
1:21	7	τὸ	G3588	to	the	the
1:21	8	ὄνομα	G3686	onoma	name	name
1:21	9	Ἰησοῦν	G2424	Iēsoun	Jesus	Jesus
1:21	10	γὰρ	G1063	gar	because	because
1:21	11	αὐτὸς	G846	autos	He	He
1:21	12	σώσει	G4982	sōsei	will save	will save
1:21	13	τὸν	G3588	ton	-	-
1:21	14	αὐτοῦ	G846	autou	His	His
1:21	15	λαὸν	G2992	laon	people	people
1:21	16	ἀπὸ	G575	apo	from	from
1:21	17	τῶν	G3588	tōn	-	-
1:21	18	αὐτῶν	G846	autōn	their	their
1:21	19	ἁμαρτιῶν	G266	hamartiōn	sins	sins
1:22	1	ὅλον	G3650	holon	All	All
1:22	2	δὲ	G1161	de	-	-
1:22	3	Τοῦτο	G3778	Touto	this	this
1:22	4	γέγονεν	G1096	gegonen	took place	took place
1:22	5	ἵνα	G2443	hina	to	to
1:22	6	πληρωθῇ	G4137	plērōthē	fulfill	fulfill
1:22	7	τὸ	G3588	to	what	what
1:22	8	ὑπὸ	G5259	hypo	-	-
1:22	9	Κυρίου	G2962	Kyriou	the Lord	the Lord
1:22	10	ῥηθὲν	G2046	rhēthen	had said	had said
1:22	11	διὰ	G1223	dia	through	through
1:22	12	τοῦ	G3588	tou	the	the
1:22	13	προφήτου	G4396	prophētou	prophet	prophet
1:22	14	λέγοντος	G3004	legontos	-	-
1:23	1	Ἰδοὺ	G2400	Idou	Behold	Behold
1:23	2	ἡ	G3588	hē	the	the
1:23	3	παρθένος	G3933	parthenos	virgin	virgin
1:23	4	ἕξει	G2192	hexei	will be with child	will be with child
1:23	5	ἐν	G1722	en	. . .	. . .
1:23	6	γαστρὶ	G1064	gastri	. . .	. . .
1:23	7	καὶ	G2532	kai	and	and
1:23	8	τέξεται	G5088	texetai	will give birth to	will give birth to
1:23	9	υἱόν	G5207	huion	a son	a son
1:23	10	καὶ	G2532	kai	and	and
1:23	11	καλέσουσιν	G2564	kalesousin	they will call	they will call
1:23	12	τὸ	G3588	to	-	-
1:23	13	αὐτοῦ	G846	autou	Him	Him
1:23	14	ὄνομα	G3686	onoma	. . .	. . .
1:23	15	Ἐμμανουήλ	G1694	Emmanouēl	Immanuel	Immanuel
1:23	16	ὅ	G3739	ho	( which	( which
1:23	17	ἐστιν	G1510	estin	means	means
1:23	18	μεθερμηνευόμενον	G3177	methermēneuomenon	. . .	. . .
1:23	19	ὁ	G3588	ho	-	-
1:23	20	Θεός	G2316	Theos	God	God
1:23	21	Μεθ’	G3326	Meth’	with	with
1:23	22	ἡμῶν	G1473	hēmōn	us	us
1:24	1	δὲ	G1161	de	When	When
1:24	2	ὁ	G3588	ho	-	-
1:24	3	Ἰωσὴφ	G2501	Iōsēph	Joseph	Joseph
1:24	4	Ἐγερθεὶς	G1453	Egertheis	woke up	woke up
1:24	5	ἀπὸ	G575	apo	. . .	. . .
1:24	6	τοῦ	G3588	tou	. . .	. . .
1:24	7	ὕπνου	G5258	hypnou	. . .	. . .
1:24	8	ἐποίησεν	G4160	epoiēsen	he did	he did
1:24	9	ὡς	G5613	hōs	as	as
1:24	10	ὁ	G3588	ho	the	the
1:24	11	ἄγγελος	G32	angelos	angel	angel
1:24	12	Κυρίου	G2962	Kyriou	of [the] Lord	of [the] Lord
1:24	13	προσέταξεν	G4367	prosetaxen	had commanded	had commanded
1:24	14	αὐτῷ	G846	autō	him	him
1:24	15	καὶ	G2532	kai	and	and
1:24	16	παρέλαβεν	G3880	parelaben	embraced	embraced
1:24	17	τὴν	G3588	tēn	[Mary as]	[Mary as]
1:24	18	αὐτοῦ	G846	autou	his	his
1:24	19	γυναῖκα	G1135	gynaika	wife	wife
1:25	1	καὶ	G2532	kai	[But]	[But]
1:25	2	ἐγίνωσκεν	G1097	eginōsken	he had no union	he had no union
1:25	3	οὐκ	G3756	ouk	. . .	. . .
1:25	4	αὐτὴν	G846	autēn	with her	with her
1:25	5	ἕως	G2193	heōs	until	until
1:25	6	οὗ	G3739	hou	-	-
1:25	7	ἔτεκεν	G5088	eteken	she gave birth to	she gave birth to
1:25	8	υἱόν	G5207	huion	a Son	a Son
1:25	9	καὶ	G2532	kai	And	And
1:25	10	ἐκάλεσεν	G2564	ekalesen	he gave Him the name	he gave Him the name
1:25	11	τὸ	G3588	to	. . .	. . .
1:25	12	ὄνομα	G3686	onoma	. . .	. . .
1:25	13	αὐτοῦ	G846	autou	. . .	. . .
1:25	14	Ἰησοῦν	G2424	Iēsoun	Jesus	Jesus
2:1	1	δὲ	G1161	de	After	After
2:1	2	Τοῦ	G3588	Tou	-	-
2:1	3	Ἰησοῦ	G2424	Iēsou	Jesus	Jesus
2:1	4	γεννηθέντος	G1080	gennēthentos	was born	was born
2:1	5	ἐν	G1722	en	in	in
2:1	6	Βηθλέεμ	G965	Bēthleem	Bethlehem	Bethlehem
2:1	7	τῆς	G3588	tēs	-	-
2:1	8	Ἰουδαίας	G2449	Ioudaias	in Judea	in Judea
2:1	9	ἐν	G1722	en	during	during
2:1	10	ἡμέραις	G2250	hēmerais	[the] time	[the] time
2:1	11	τοῦ	G3588	tou	-	-
2:1	12	βασιλέως	G935	basileōs	of King	of King
2:1	13	Ἡρῴδου	G2264	Hērōdou	Herod	Herod
2:1	14	ἰδοὺ	G2400	idou	-	-
2:1	15	μάγοι	G3097	magoi	Magi	Magi
2:1	16	ἀπὸ	G575	apo	from [the]	from [the]
2:1	17	ἀνατολῶν	G395	anatolōn	east	east
2:1	18	παρεγένοντο	G3854	paregenonto	arrived	arrived
2:1	19	εἰς	G1519	eis	in	in
2:1	20	Ἱεροσόλυμα	G2414	Hierosolyma	Jerusalem	Jerusalem
2:2	1	λέγοντες	G3004	legontes	asking	asking
2:2	2	Ποῦ	G4226	Pou	Where	Where
2:2	3	ἐστιν	G1510	estin	is	is
2:2	4	ὁ	G3588	ho	the [One who]	the [One who]
2:2	5	τεχθεὶς	G5088	techtheis	has been born	has been born
2:2	6	βασιλεὺς	G935	basileus	King	King
2:2	7	τῶν	G3588	tōn	of the	of the
2:2	8	Ἰουδαίων	G2453	Ioudaiōn	Jews	Jews
2:2	9	γὰρ	G1063	gar	-	-
2:2	10	εἴδομεν	G3708	eidomen	We saw	We saw
2:2	11	αὐτοῦ	G846	autou	His	His
2:2	12	τὸν	G3588	ton	-	-
2:2	13	ἀστέρα	G792	astera	star	star
2:2	14	ἐν	G1722	en	in	in
2:2	15	τῇ	G3588	tē	the	the
2:2	16	ἀνατολῇ	G395	anatolē	east	east
2:2	17	καὶ	G2532	kai	and	and
2:2	18	ἤλθομεν	G2064	ēlthomen	have come	have come
2:2	19	προσκυνῆσαι	G4352	proskynēsai	to worship	to worship
2:2	20	αὐτῷ	G846	autō	Him	Him
2:3	1	δὲ	G1161	de	When	When
2:3	2	ὁ	G3588	ho	-	-
2:3	3	βασιλεὺς	G935	basileus	King	King
2:3	4	Ἡρῴδης	G2264	Hērōdēs	Herod	Herod
2:3	5	Ἀκούσας	G191	Akousas	heard [this]	heard [this]
2:3	6	ἐταράχθη	G5015	etarachthē	he was disturbed	he was disturbed
2:3	7	καὶ	G2532	kai	and	and
2:3	8	πᾶσα	G3956	pasa	all	all
2:3	9	Ἱεροσόλυμα	G2414	Hierosolyma	Jerusalem	Jerusalem
2:3	10	μετ’	G3326	met’	with	with
2:3	11	αὐτοῦ	G846	autou	him	him
2:4	1	καὶ	G2532	kai	And	And
2:4	2	συναγαγὼν	G4863	synagagōn	when he had assembled	when he had assembled
2:4	3	πάντας	G3956	pantas	all	all
2:4	4	τοὺς	G3588	tous	the	the
2:4	5	ἀρχιερεῖς	G749	archiereis	chief priests	chief priests
2:4	6	καὶ	G2532	kai	and	and
2:4	7	γραμματεῖς	G1122	grammateis	scribes	scribes
2:4	8	τοῦ	G3588	tou	of the	of the
2:4	9	λαοῦ	G2992	laou	people	people
2:4	10	ἐπυνθάνετο	G4441	epynthaneto	he asked	he asked
2:4	11	παρ’	G3844	par’	. . .	. . .
2:4	12	αὐτῶν	G846	autōn	them	them
2:4	13	ποῦ	G4226	pou	where	where
2:4	14	ὁ	G3588	ho	the	the
2:4	15	Χριστὸς	G5547	Christos	Christ	Christ
2:4	16	γεννᾶται	G1080	gennatai	was to be born	was to be born
2:5	1	Ἐν	G1722	En	In	In
2:5	2	Βηθλέεμ	G965	Bēthleem	Bethlehem	Bethlehem
2:5	3	τῆς	G3588	tēs	-	-
2:5	4	Ἰουδαίας	G2449	Ioudaias	in Judea	in Judea
2:5	5	Οἱ	G3588	Hoi	-	-
2:5	6	δὲ	G1161	de	-	-
2:5	7	εἶπαν	G2036	eipan	they replied	they replied
2:5	8	αὐτῷ	G846	autō	. . .	. . .
2:5	9	γὰρ	G1063	gar	for	for
2:5	10	οὕτως	G3779	houtōs	this is what	this is what
2:5	11	διὰ	G1223	dia	-	-
2:5	12	τοῦ	G3588	tou	the	the
2:5	13	προφήτου	G4396	prophētou	prophet	prophet
2:5	14	γέγραπται	G1125	gegraptai	has written	has written
2:6	1	Καὶ	G2532	Kai	[But]	[But]
2:6	2	σύ	G4771	sy	you	you
2:6	3	Βηθλέεμ	G965	Bēthleem	Bethlehem	Bethlehem
2:6	4	γῆ	G1093	gē	[in the] land	[in the] land
2:6	5	Ἰούδα	G2448	Iouda	of Judah	of Judah
2:6	6	εἶ	G1510	ei	are	are
2:6	7	οὐδαμῶς	G3760	oudamōs	by no means	by no means
2:6	8	ἐλαχίστη	G1646	elachistē	least	least
2:6	9	ἐν	G1722	en	among	among
2:6	10	τοῖς	G3588	tois	the	the
2:6	11	ἡγεμόσιν	G2232	hēgemosin	rulers	rulers
2:6	12	Ἰούδα	G2448	Iouda	of Judah	of Judah
2:6	13	γὰρ	G1063	gar	for	for
2:6	14	ἐκ	G1537	ek	out	out
2:6	15	σοῦ	G4771	sou	of you	of you
2:6	16	ἐξελεύσεται	G1831	exeleusetai	will come	will come
2:6	17	ἡγούμενος	G2233	hēgoumenos	a ruler	a ruler
2:6	18	ὅστις	G3748	hostis	who	who
2:6	19	ποιμανεῖ	G4165	poimanei	will be the shepherd	will be the shepherd
2:6	20	τὸν	G3588	ton	-	-
2:6	21	μου	G1473	mou	of My	of My
2:6	22	λαόν	G2992	laon	people	people
2:6	23	τὸν	G3588	ton	-	-
2:6	24	Ἰσραήλ	G2474	Israēl	Israel	Israel
2:7	1	Τότε	G5119	Tote	Then	Then
2:7	2	Ἡρῴδης	G2264	Hērōdēs	Herod	Herod
2:7	3	καλέσας	G2564	kalesas	called	called
2:7	4	τοὺς	G3588	tous	the	the
2:7	5	μάγους	G3097	magous	Magi	Magi
2:7	6	λάθρᾳ	G2977	lathra	secretly	secretly
2:7	7	ἠκρίβωσεν	G198	ēkribōsen	[and] learned	[and] learned
2:7	8	παρ’	G3844	par’	from	from
2:7	9	αὐτῶν	G846	autōn	them	them
2:7	10	τὸν	G3588	ton	the	the
2:7	11	χρόνον	G5550	chronon	{exact} time	{exact} time
2:7	12	τοῦ	G3588	tou	the	the
2:7	13	ἀστέρος	G792	asteros	star	star
2:7	14	φαινομένου	G5316	phainomenou	had appeared	had appeared
2:8	1	καὶ	G2532	kai	And	And
2:8	2	πέμψας	G3992	pempsas	sending	sending
2:8	3	αὐτοὺς	G846	autous	them	them
2:8	4	εἰς	G1519	eis	to	to
2:8	5	Βηθλέεμ	G965	Bēthleem	Bethlehem	Bethlehem
2:8	6	εἶπεν	G2036	eipen	he said	he said
2:8	7	Πορευθέντες	G4198	Poreuthentes	Go	Go
2:8	8	ἐξετάσατε	G1833	exetasate	[and] search	[and] search
2:8	9	ἀκριβῶς	G199	akribōs	carefully	carefully
2:8	10	περὶ	G4012	peri	for	for
2:8	11	τοῦ	G3588	tou	the	the
2:8	12	παιδίου	G3813	paidiou	Child	Child
2:8	13	δὲ	G1161	de	and	and
2:8	14	ἐπὰν	G1875	epan	when	when
2:8	15	εὕρητε	G2147	heurēte	you find [Him]	you find [Him]
2:8	16	ἀπαγγείλατέ	G518	apangeilate	report	report
2:8	17	μοι	G1473	moi	to me	to me
2:8	18	ὅπως	G3704	hopōs	so that	so that
2:8	19	κἀγὼ	G2504	kagō	I too	I too
2:8	20	ἐλθὼν	G2064	elthōn	may go	may go
2:8	21	προσκυνήσω	G4352	proskynēsō	[and] worship	[and] worship
2:8	22	αὐτῷ	G846	autō	Him	Him
2:9	1	Οἱ	G3588	Hoi	-	-
2:9	2	δὲ	G1161	de	After	After
2:9	3	ἀκούσαντες	G191	akousantes	they had heard	they had heard
2:9	4	τοῦ	G3588	tou	the	the
2:9	5	βασιλέως	G935	basileōs	king	king
2:9	6	ἐπορεύθησαν	G4198	eporeuthēsan	they went on their way	they went on their way
2:9	7	καὶ	G2532	kai	and	and
2:9	8	ἰδοὺ	G2400	idou	-	-
2:9	9	ὁ	G3588	ho	the	the
2:9	10	ἀστὴρ	G792	astēr	star	star
2:9	11	ὃν	G3739	hon	-	-
2:9	12	εἶδον	G3708	eidon	they had seen	they had seen
2:9	13	ἐν	G1722	en	in	in
2:9	14	τῇ	G3588	tē	the	the
2:9	15	ἀνατολῇ	G395	anatolē	east	east
2:9	16	προῆγεν	G4254	proēgen	went ahead of	went ahead of
2:9	17	αὐτούς	G846	autous	them	them
2:9	18	ἕως	G2193	heōs	until	until
2:9	19	ἐλθὼν	G2064	elthōn	vvv	vvv
2:9	20	ἐστάθη	G2476	estathē	it stood	it stood
2:9	21	ἐπάνω	G1883	epanō	over	over
2:9	22	οὗ	G3757	hou	the place where	the place where
2:9	23	τὸ	G3588	to	the	the
2:9	24	παιδίον	G3813	paidion	Child	Child
2:9	25	ἦν	G1510	ēn	was	was
2:10	1	δὲ	G1161	de	When	When
2:10	2	ἰδόντες	G3708	idontes	they saw	they saw
2:10	3	τὸν	G3588	ton	the	the
2:10	4	ἀστέρα	G792	astera	star	star
2:10	5	ἐχάρησαν	G5463	echarēsan	they rejoiced	they rejoiced
2:10	6	σφόδρα	G4970	sphodra	vvv	vvv
2:10	7	μεγάλην	G3173	megalēn	vvv	vvv
2:10	8	χαρὰν	G5479	charan	with great delight	with great delight
2:11	1	καὶ	G2532	kai	[On]	[On]
2:11	2	ἐλθόντες	G2064	elthontes	coming	coming
2:11	3	εἰς	G1519	eis	to	to
2:11	4	τὴν	G3588	tēn	the	the
2:11	5	οἰκίαν	G3614	oikian	house	house
2:11	6	εἶδον	G3708	eidon	they saw	they saw
2:11	7	τὸ	G3588	to	the	the
2:11	8	παιδίον	G3813	paidion	Child	Child
2:11	9	μετὰ	G3326	meta	with	with
2:11	10	τῆς	G3588	tēs	-	-
2:11	11	αὐτοῦ	G846	autou	His	His
2:11	12	μητρὸς	G3384	mētros	mother	mother
2:11	13	Μαρίας	G3137	Marias	Mary	Mary
2:11	14	καὶ	G2532	kai	and	and
2:11	15	πεσόντες	G4098	pesontes	they fell down	they fell down
2:11	16	προσεκύνησαν	G4352	prosekynēsan	[and] worshiped	[and] worshiped
2:11	17	αὐτῷ	G846	autō	Him	Him
2:11	18	καὶ	G2532	kai	Then	Then
2:11	19	ἀνοίξαντες	G455	anoixantes	they opened	they opened
2:11	20	τοὺς	G3588	tous	-	-
2:11	21	αὐτῶν	G846	autōn	their	their
2:11	22	θησαυροὺς	G2344	thēsaurous	treasures	treasures
2:11	23	προσήνεγκαν	G4374	prosēnenkan	[and] presented	[and] presented
2:11	24	αὐτῷ	G846	autō	Him	Him
2:11	25	δῶρα	G1435	dōra	with gifts	with gifts
2:11	26	χρυσὸν	G5557	chryson	[of] gold	[of] gold
2:11	27	καὶ	G2532	kai	and	and
2:11	28	λίβανον	G3030	libanon	frankincense	frankincense
2:11	29	καὶ	G2532	kai	and	and
2:11	30	σμύρναν	G4666	smyrnan	myrrh	myrrh
2:12	1	Καὶ	G2532	Kai	And	And
2:12	2	χρηματισθέντες	G5537	chrēmatisthentes	having been warned	having been warned
2:12	3	κατ’	G2596	kat’	in	in
2:12	4	ὄναρ	G3677	onar	a dream	a dream
2:12	5	μὴ	G3361	mē	not	not
2:12	6	ἀνακάμψαι	G344	anakampsai	to return	to return
2:12	7	πρὸς	G4314	pros	to	to
2:12	8	Ἡρῴδην	G2264	Hērōdēn	Herod	Herod
2:12	9	ἀνεχώρησαν	G402	anechōrēsan	they withdrew	they withdrew
2:12	10	εἰς	G1519	eis	to	to
2:12	11	τὴν	G3588	tēn	-	-
2:12	12	αὐτῶν	G846	autōn	their	their
2:12	13	χώραν	G5561	chōran	country	country
2:12	14	δι’	G1223	di’	by	by
2:12	15	ἄλλης	G243	allēs	another	another
2:12	16	ὁδοῦ	G3598	hodou	route	route
2:13	1	δὲ	G1161	de	When	When
2:13	2	αὐτῶν	G846	autōn	[the Magi]	[the Magi]
2:13	3	Ἀναχωρησάντων	G402	Anachōrēsantōn	had gone	had gone
2:13	4	ἰδοὺ	G2400	idou	-	-
2:13	5	ἄγγελος	G32	angelos	an angel	an angel
2:13	6	κυρίου	G2962	kyriou	of [the] Lord	of [the] Lord
2:13	7	φαίνεται	G5316	phainetai	appeared	appeared
2:13	8	τῷ	G3588	tō	-	-
2:13	9	Ἰωσὴφ	G2501	Iōsēph	to Joseph	to Joseph
2:13	10	κατ’	G2596	kat’	in	in
2:13	11	ὄναρ	G3677	onar	a dream	a dream
2:13	12	Ἐγερθεὶς	G1453	Egertheis	Get up	Get up
2:13	13	λέγων	G3004	legōn	he said	he said
2:13	14	παράλαβε	G3880	paralabe	Take	Take
2:13	15	τὸ	G3588	to	the	the
2:13	16	παιδίον	G3813	paidion	Child	Child
2:13	17	καὶ	G2532	kai	and	and
2:13	18	τὴν	G3588	tēn	-	-
2:13	19	αὐτοῦ	G846	autou	His	His
2:13	20	μητέρα	G3384	mētera	mother	mother
2:13	21	καὶ	G2532	kai	and	and
2:13	22	φεῦγε	G5343	pheuge	flee	flee
2:13	23	εἰς	G1519	eis	to	to
2:13	24	Αἴγυπτον	G125	Aigypton	Egypt	Egypt
2:13	25	καὶ	G2532	kai	-	-
2:13	26	ἴσθι	G1510	isthi	Stay	Stay
2:13	27	ἐκεῖ	G1563	ekei	there	there
2:13	28	ἕως	G2193	heōs	until	until
2:13	29	ἂν	G302	an	-	-
2:13	30	εἴπω	G2036	eipō	I tell	I tell
2:13	31	σοι	G4771	soi	you	you
2:13	32	γὰρ	G1063	gar	for	for
2:13	33	Ἡρῴδης	G2264	Hērōdēs	Herod	Herod
2:13	34	μέλλει	G3195	mellei	is going	is going
2:13	35	ζητεῖν	G2212	zētein	to search for	to search for
2:13	36	τὸ	G3588	to	the	the
2:13	37	παιδίον	G3813	paidion	Child	Child
2:13	38	τοῦ	G3588	tou	-	-
2:13	39	ἀπολέσαι	G622	apolesai	to kill	to kill
2:13	40	αὐτό	G846	auto	Him	Him
2:14	1	Ὁ	G3588	Ho	-	-
2:14	2	δὲ	G1161	de	So	So
2:14	3	ἐγερθεὶς	G1453	egertheis	he got up	he got up
2:14	4	παρέλαβεν	G3880	parelaben	took	took
2:14	5	τὸ	G3588	to	the	the
2:14	6	παιδίον	G3813	paidion	Child	Child
2:14	7	καὶ	G2532	kai	and	and
2:14	8	τὴν	G3588	tēn	-	-
2:14	9	αὐτοῦ	G846	autou	His	His
2:14	10	μητέρα	G3384	mētera	mother	mother
2:14	11	νυκτὸς	G3571	nyktos	by night	by night
2:14	12	καὶ	G2532	kai	and	and
2:14	13	ἀνεχώρησεν	G402	anechōrēsen	withdrew	withdrew
2:14	14	εἰς	G1519	eis	to	to
2:14	15	Αἴγυπτον	G125	Aigypton	Egypt	Egypt
2:15	1	καὶ	G2532	kai	-	-
2:15	2	ἐκεῖ	G1563	ekei	where	where
2:15	3	ἦν	G1510	ēn	he stayed	he stayed
2:15	4	ἕως	G2193	heōs	until	until
2:15	5	τῆς	G3588	tēs	the	the
2:15	6	τελευτῆς	G5054	teleutēs	death	death
2:15	7	Ἡρῴδου	G2264	Hērōdou	of Herod	of Herod
2:15	8	ἵνα	G2443	hina	This	This
2:15	9	πληρωθῇ	G4137	plērōthē	fulfilled	fulfilled
2:15	10	τὸ	G3588	to	what	what
2:15	11	ὑπὸ	G5259	hypo	-	-
2:15	12	κυρίου	G2962	kyriou	[the] Lord	[the] Lord
2:15	13	ῥηθὲν	G2046	rhēthen	had spoken	had spoken
2:15	14	διὰ	G1223	dia	through	through
2:15	15	τοῦ	G3588	tou	the	the
2:15	16	προφήτου	G4396	prophētou	prophet	prophet
2:15	17	λέγοντος	G3004	legontos	-	-
2:15	18	Ἐξ	G1537	Ex	Out	Out
2:15	19	Αἰγύπτου	G125	Aigyptou	of Egypt	of Egypt
2:15	20	ἐκάλεσα	G2564	ekalesa	I called	I called
2:15	21	τὸν	G3588	ton	-	-
2:15	22	μου	G1473	mou	My	My
2:15	23	υἱόν	G5207	huion	Son	Son
2:16	1	Τότε	G5119	Tote	When	When
2:16	2	Ἡρῴδης	G2264	Hērōdēs	Herod	Herod
2:16	3	ἰδὼν	G3708	idōn	saw	saw
2:16	4	ὅτι	G3754	hoti	that	that
2:16	5	ἐνεπαίχθη	G1702	enepaichthē	he had been outwitted	he had been outwitted
2:16	6	ὑπὸ	G5259	hypo	by	by
2:16	7	τῶν	G3588	tōn	the	the
2:16	8	μάγων	G3097	magōn	Magi	Magi
2:16	9	λίαν	G3029	lian	vvv	vvv
2:16	10	ἐθυμώθη	G2373	ethymōthē	he was filled with rage	he was filled with rage
2:16	11	καὶ	G2532	kai	-	-
2:16	12	ἀποστείλας	G649	aposteilas	Sending orders	Sending orders
2:16	13	ἀνεῖλεν	G337	aneilen	he put to death	he put to death
2:16	14	πάντας	G3956	pantas	all	all
2:16	15	τοὺς	G3588	tous	the	the
2:16	16	παῖδας	G3816	paidas	boys	boys
2:16	17	τοὺς	G3588	tous	-	-
2:16	18	ἐν	G1722	en	in	in
2:16	19	Βηθλέεμ	G965	Bēthleem	Bethlehem	Bethlehem
2:16	20	καὶ	G2532	kai	and	and
2:16	21	ἐν	G1722	en	. . .	. . .
2:16	22	πᾶσι	G3956	pasi	. . .	. . .
2:16	23	τοῖς	G3588	tois	-	-
2:16	24	αὐτῆς	G846	autēs	its	its
2:16	25	ὁρίοις	G3725	horiois	vicinity	vicinity
2:16	26	ἀπὸ	G575	apo	[who were]	[who were]
2:16	27	διετοῦς	G1332	dietous	two years old	two years old
2:16	28	καὶ	G2532	kai	and	and
2:16	29	κατωτέρω	G2736	katōterō	under	under
2:16	30	κατὰ	G2596	kata	according to	according to
2:16	31	τὸν	G3588	ton	the	the
2:16	32	χρόνον	G5550	chronon	time	time
2:16	33	ὃν	G3739	hon	-	-
2:16	34	ἠκρίβωσεν	G198	ēkribōsen	he had learned	he had learned
2:16	35	παρὰ	G3844	para	from	from
2:16	36	τῶν	G3588	tōn	the	the
2:16	37	μάγων	G3097	magōn	Magi	Magi
2:17	1	τότε	G5119	tote	Then	Then
2:17	2	τὸ	G3588	to	what was	what was
2:17	3	ῥηθὲν	G2046	rhēthen	spoken	spoken
2:17	4	διὰ	G1223	dia	through	through
2:17	5	τοῦ	G3588	tou	the	the
2:17	6	προφήτου	G4396	prophētou	prophet	prophet
2:17	7	Ἰερεμίου	G2408	Ieremiou	Jeremiah	Jeremiah
2:17	8	λέγοντος	G3004	legontos	-	-
2:17	9	ἐπληρώθη	G4137	eplērōthē	was fulfilled	was fulfilled
2:18	1	Φωνὴ	G5456	Phōnē	A voice	A voice
2:18	2	ἠκούσθη	G191	ēkousthē	is heard	is heard
2:18	3	ἐν	G1722	en	in	in
2:18	4	Ῥαμὰ	G4471	Rhama	Ramah	Ramah
2:18	5	κλαυθμὸς	G2805	klauthmos	weeping	weeping
2:18	6	καὶ	G2532	kai	and	and
2:18	7	πολύς	G4183	polys	great	great
2:18	8	ὀδυρμὸς	G3602	odyrmos	mourning	mourning
2:18	9	Ῥαχὴλ	G4478	Rhachēl	Rachel	Rachel
2:18	10	κλαίουσα	G2799	klaiousa	weeping [for]	weeping [for]
2:18	11	τὰ	G3588	ta	-	-
2:18	12	αὐτῆς	G846	autēs	her	her
2:18	13	τέκνα	G5043	tekna	children	children
2:18	14	καὶ	G2532	kai	and	and
2:18	15	ἤθελεν	G2309	ēthelen	refusing	refusing
2:18	16	οὐκ	G3756	ouk	. . .	. . .
2:18	17	παρακληθῆναι	G3870	paraklēthēnai	to be comforted	to be comforted
2:18	18	ὅτι	G3754	hoti	because	because
2:18	19	εἰσίν	G1510	eisin	they are	they are
2:18	20	οὐκ	G3756	ouk	no more	no more
2:19	1	δὲ	G1161	de	After	After
2:19	2	τοῦ	G3588	tou	-	-
2:19	3	Ἡρῴδου	G2264	Hērōdou	Herod	Herod
2:19	4	Τελευτήσαντος	G5053	Teleutēsantos	died	died
2:19	5	ἰδοὺ	G2400	idou	-	-
2:19	6	ἄγγελος	G32	angelos	an angel	an angel
2:19	7	Κυρίου	G2962	Kyriou	of [the] Lord	of [the] Lord
2:19	8	φαίνεται	G5316	phainetai	appeared	appeared
2:19	9	κατ’	G2596	kat’	in	in
2:19	10	ὄναρ	G3677	onar	a dream	a dream
2:19	11	τῷ	G3588	tō	to	to
2:19	12	Ἰωσὴφ	G2501	Iōsēph	Joseph	Joseph
2:19	13	ἐν	G1722	en	in	in
2:19	14	Αἰγύπτῳ	G125	Aigyptō	Egypt	Egypt
2:20	1	Ἐγερθεὶς	G1453	Egertheis	Get up	Get up
2:20	2	λέγων	G3004	legōn	he said	he said
2:20	3	παράλαβε	G3880	paralabe	Take	Take
2:20	4	τὸ	G3588	to	the	the
2:20	5	παιδίον	G3813	paidion	Child	Child
2:20	6	καὶ	G2532	kai	and	and
2:20	7	τὴν	G3588	tēn	-	-
2:20	8	αὐτοῦ	G846	autou	His	His
2:20	9	μητέρα	G3384	mētera	mother	mother
2:20	10	καὶ	G2532	kai	and	and
2:20	11	πορεύου	G4198	poreuou	go	go
2:20	12	εἰς	G1519	eis	to	to
2:20	13	γῆν	G1093	gēn	[the] land	[the] land
2:20	14	Ἰσραήλ	G2474	Israēl	of Israel	of Israel
2:20	15	γὰρ	G1063	gar	for	for
2:20	16	οἱ	G3588	hoi	those	those
2:20	17	ζητοῦντες	G2212	zētountes	seeking	seeking
2:20	18	τὴν	G3588	tēn	the	the
2:20	19	τοῦ	G3588	tou	vvv	vvv
2:20	20	παιδίου	G3813	paidiou	Child’s	Child’s
2:20	21	ψυχὴν	G5590	psychēn	life	life
2:20	22	τεθνήκασιν	G2348	tethnēkasin	are now dead	are now dead
2:21	1	Ὁ	G3588	Ho	-	-
2:21	2	δὲ	G1161	de	So	So
2:21	3	ἐγερθεὶς	G1453	egertheis	[Joseph] got up	[Joseph] got up
2:21	4	παρέλαβεν	G3880	parelaben	took	took
2:21	5	τὸ	G3588	to	the	the
2:21	6	παιδίον	G3813	paidion	Child	Child
2:21	7	καὶ	G2532	kai	and	and
2:21	8	τὴν	G3588	tēn	-	-
2:21	9	αὐτοῦ	G846	autou	His	His
2:21	10	μητέρα	G3384	mētera	mother	mother
2:21	11	καὶ	G2532	kai	and	and
2:21	12	εἰσῆλθεν	G1525	eisēlthen	went	went
2:21	13	εἰς	G1519	eis	to	to
2:21	14	γῆν	G1093	gēn	[the] land	[the] land
2:21	15	Ἰσραήλ	G2474	Israēl	of Israel	of Israel
2:22	1	δὲ	G1161	de	But	But
2:22	2	ἀκούσας	G191	akousas	when he learned	when he learned
2:22	3	ὅτι	G3754	hoti	that	that
2:22	4	Ἀρχέλαος	G745	Archelaos	Archelaus	Archelaus
2:22	5	βασιλεύει	G936	basileuei	was reigning in	was reigning in
2:22	6	τῆς	G3588	tēs	-	-
2:22	7	Ἰουδαίας	G2449	Ioudaias	Judea	Judea
2:22	8	ἀντὶ	G473	anti	in place of	in place of
2:22	9	τοῦ	G3588	tou	-	-
2:22	10	αὐτοῦ	G846	autou	his	his
2:22	11	πατρὸς	G3962	patros	father	father
2:22	12	Ἡρῴδου	G2264	Hērōdou	Herod	Herod
2:22	13	ἐφοβήθη	G5399	ephobēthē	he was afraid	he was afraid
2:22	14	ἀπελθεῖν	G565	apelthein	to go	to go
2:22	15	ἐκεῖ	G1563	ekei	there	there
2:22	16	δὲ	G1161	de	And	And
2:22	17	χρηματισθεὶς	G5537	chrēmatistheis	having been warned	having been warned
2:22	18	κατ’	G2596	kat’	in	in
2:22	19	ὄναρ	G3677	onar	a dream	a dream
2:22	20	ἀνεχώρησεν	G402	anechōrēsen	he withdrew	he withdrew
2:22	21	εἰς	G1519	eis	to	to
2:22	22	τὰ	G3588	ta	the	the
2:22	23	μέρη	G3313	merē	district	district
2:22	24	τῆς	G3588	tēs	-	-
2:22	25	Γαλιλαίας	G1056	Galilaias	of Galilee	of Galilee
2:23	1	καὶ	G2532	kai	and	and
2:23	2	ἐλθὼν	G2064	elthōn	he went	he went
2:23	3	κατῴκησεν	G2730	katōkēsen	[and] lived	[and] lived
2:23	4	εἰς	G1519	eis	in	in
2:23	5	πόλιν	G4172	polin	a town	a town
2:23	6	λεγομένην	G3004	legomenēn	called	called
2:23	7	Ναζαρέτ	G3478	Nazaret	Nazareth	Nazareth
2:23	8	ὅπως	G3704	hopōs	So	So
2:23	9	πληρωθῇ	G4137	plērōthē	was fulfilled	was fulfilled
2:23	10	τὸ	G3588	to	what	what
2:23	11	ῥηθὲν	G2046	rhēthen	was spoken	was spoken
2:23	12	διὰ	G1223	dia	through	through
2:23	13	τῶν	G3588	tōn	the	the
2:23	14	προφητῶν	G4396	prophētōn	prophets	prophets
2:23	15	ὅτι	G3754	hoti	-	-
2:23	16	κληθήσεται	G2564	klēthēsetai	He will be called	He will be called
2:23	17	Ναζωραῖος	G3480	Nazōraios	a Nazarene	a Nazarene
3:1	1	δὲ	G1161	de	-	-
3:1	2	Ἐν	G1722	En	In	In
3:1	3	ταῖς	G3588	tais	-	-
3:1	4	ἐκείναις	G1565	ekeinais	those	those
3:1	5	ἡμέραις	G2250	hēmerais	days	days
3:1	6	Ἰωάννης	G2491	Iōannēs	John	John
3:1	7	ὁ	G3588	ho	the	the
3:1	8	βαπτιστὴς	G910	baptistēs	Baptist	Baptist
3:1	9	παραγίνεται	G3854	paraginetai	came	came
3:1	10	κηρύσσων	G2784	kēryssōn	preaching	preaching
3:1	11	ἐν	G1722	en	in	in
3:1	12	τῇ	G3588	tē	the	the
3:1	13	ἐρήμῳ	G2048	erēmō	wilderness	wilderness
3:1	14	τῆς	G3588	tēs	-	-
3:1	15	Ἰουδαίας	G2449	Ioudaias	of Judea	of Judea
3:2	1	καὶ	G2532	kai	and	and
3:2	2	λέγων	G3004	legōn	saying	saying
3:2	3	Μετανοεῖτε	G3340	Metanoeite	Repent	Repent
3:2	4	γὰρ	G1063	gar	for	for
3:2	5	ἡ	G3588	hē	the	the
3:2	6	βασιλεία	G932	basileia	kingdom	kingdom
3:2	7	τῶν	G3588	tōn	of	of
3:2	8	οὐρανῶν	G3772	ouranōn	heaven	heaven
3:2	9	ἤγγικεν	G1448	ēngiken	is near	is near
3:3	1	γάρ	G1063	gar	-	-
3:3	2	οὗτος	G3778	houtos	This	This
3:3	3	ἐστιν	G1510	estin	is	is
3:3	4	ὁ	G3588	ho	he who	he who
3:3	5	ῥηθεὶς	G2046	rhētheis	was spoken of	was spoken of
3:3	6	διὰ	G1223	dia	through	through
3:3	7	τοῦ	G3588	tou	the	the
3:3	8	προφήτου	G4396	prophētou	prophet	prophet
3:3	9	Ἠσαΐου	G2268	Ēsaiou	Isaiah	Isaiah
3:3	10	λέγοντος	G3004	legontos	-	-
3:3	11	Φωνὴ	G5456	Phōnē	[A] voice	[A] voice
3:3	12	βοῶντος	G994	boōntos	of one calling	of one calling
3:3	13	ἐν	G1722	en	in	in
3:3	14	τῇ	G3588	tē	the	the
3:3	15	ἐρήμῳ	G2048	erēmō	wilderness	wilderness
3:3	16	Ἑτοιμάσατε	G2090	Hetoimasate	Prepare	Prepare
3:3	17	τὴν	G3588	tēn	the	the
3:3	18	ὁδὸν	G3598	hodon	way	way
3:3	19	Κυρίου	G2962	Kyriou	for [the] Lord	for [the] Lord
3:3	20	ποιεῖτε	G4160	poieite	make	make
3:3	21	εὐθείας	G2117	eutheias	straight	straight
3:3	22	τρίβους	G5147	tribous	paths	paths
3:3	23	τὰς	G3588	tas	-	-
3:3	24	αὐτοῦ	G846	autou	for Him	for Him
3:4	1	δὲ	G1161	de	-	-
3:4	2	Ἰωάννης	G2491	Iōannēs	John	John
3:4	3	Αὐτὸς	G846	Autos	-	-
3:4	4	ὁ	G3588	ho	-	-
3:4	5	εἶχεν	G2192	eichen	wore	wore
3:4	6	τὸ	G3588	to	-	-
3:4	7	αὐτοῦ	G846	autou	-	-
3:4	8	ἔνδυμα	G1742	endyma	a garment	a garment
3:4	9	ἀπὸ	G575	apo	of	of
3:4	10	καμήλου	G2574	kamēlou	camel’s	camel’s
3:4	11	τριχῶν	G2359	trichōn	hair	hair
3:4	12	καὶ	G2532	kai	with	with
3:4	13	δερματίνην	G1193	dermatinēn	[a] leather	[a] leather
3:4	14	ζώνην	G2223	zōnēn	belt	belt
3:4	15	περὶ	G4012	peri	around	around
3:4	16	τὴν	G3588	tēn	-	-
3:4	17	αὐτοῦ	G846	autou	his	his
3:4	18	ὀσφὺν	G3751	osphyn	waist	waist
3:4	19	δὲ	G1161	de	-	-
3:4	20	ἡ	G3588	hē	-	-
3:4	21	αὐτοῦ	G846	autou	His	His
3:4	22	τροφὴ	G5160	trophē	food	food
3:4	23	ἦν	G1510	ēn	was	was
3:4	24	ἀκρίδες	G200	akrides	locusts	locusts
3:4	25	καὶ	G2532	kai	and	and
3:4	26	ἄγριον	G66	agrion	wild	wild
3:4	27	μέλι	G3192	meli	honey	honey
3:5	1	Τότε	G5119	Tote	-	-
3:5	2	ἐξεπορεύετο	G1607	exeporeueto	[People] went out	[People] went out
3:5	3	πρὸς	G4314	pros	to	to
3:5	4	αὐτὸν	G846	auton	him	him
3:5	5	Ἱεροσόλυμα	G2414	Hierosolyma	[from] Jerusalem	[from] Jerusalem
3:5	6	καὶ	G2532	kai	and	and
3:5	7	πᾶσα	G3956	pasa	all	all
3:5	8	ἡ	G3588	hē	-	-
3:5	9	Ἰουδαία	G2449	Ioudaia	Judea	Judea
3:5	10	καὶ	G2532	kai	and	and
3:5	11	ἡ	G3588	hē	the	the
3:5	12	πᾶσα	G3956	pasa	whole	whole
3:5	13	περίχωρος	G4066	perichōros	region around	region around
3:5	14	τοῦ	G3588	tou	the	the
3:5	15	Ἰορδάνου	G2446	Iordanou	Jordan	Jordan
3:6	1	καὶ	G2532	kai	-	-
3:6	2	ἐξομολογούμενοι	G1843	exomologoumenoi	Confessing	Confessing
3:6	3	τὰς	G3588	tas	-	-
3:6	4	αὐτῶν	G846	autōn	their	their
3:6	5	ἁμαρτίας	G266	hamartias	sins	sins
3:6	6	ἐβαπτίζοντο	G907	ebaptizonto	they were baptized	they were baptized
3:6	7	ὑπ’	G5259	hyp’	by	by
3:6	8	αὐτοῦ	G846	autou	him	him
3:6	9	ἐν	G1722	en	in	in
3:6	10	τῷ	G3588	tō	the	the
3:6	11	Ἰορδάνῃ	G2446	Iordanē	Jordan	Jordan
3:6	12	ποταμῷ	G4215	potamō	River	River
3:7	1	δὲ	G1161	de	But when	But when
3:7	2	Ἰδὼν	G3708	Idōn	[John] saw	[John] saw
3:7	3	πολλοὺς	G4183	pollous	many	many
3:7	4	τῶν	G3588	tōn	of the	of the
3:7	5	Φαρισαίων	G5330	Pharisaiōn	Pharisees	Pharisees
3:7	6	καὶ	G2532	kai	and	and
3:7	7	Σαδδουκαίων	G4523	Saddoukaiōn	Sadducees	Sadducees
3:7	8	ἐρχομένους	G2064	erchomenous	coming	coming
3:7	9	ἐπὶ	G1909	epi	to	to
3:7	10	αὐτοῦ	G846	autou	his [place of]	his [place of]
3:7	11	τὸ	G3588	to	-	-
3:7	12	βάπτισμα	G908	baptisma	baptism	baptism
3:7	13	εἶπεν	G2036	eipen	he said	he said
3:7	14	αὐτοῖς	G846	autois	to them	to them
3:7	15	Γεννήματα	G1081	Gennēmata	[You] brood	[You] brood
3:7	16	ἐχιδνῶν	G2191	echidnōn	of vipers	of vipers
3:7	17	τίς	G5101	tis	who	who
3:7	18	ὑπέδειξεν	G5263	hypedeixen	warned	warned
3:7	19	ὑμῖν	G4771	hymin	you	you
3:7	20	φυγεῖν	G5343	phygein	to flee	to flee
3:7	21	ἀπὸ	G575	apo	from	from
3:7	22	τῆς	G3588	tēs	the	the
3:7	23	μελλούσης	G3195	mellousēs	coming	coming
3:7	24	ὀργῆς	G3709	orgēs	wrath	wrath
3:8	1	ποιήσατε	G4160	poiēsate	Produce	Produce
3:8	2	καρπὸν	G2590	karpon	fruit	fruit
3:8	3	οὖν	G3767	oun	then	then
3:8	4	ἄξιον	G514	axion	in keeping with	in keeping with
3:8	5	τῆς	G3588	tēs	-	-
3:8	6	μετανοίας	G3341	metanoias	repentance	repentance
3:9	1	καὶ	G2532	kai	And	And
3:9	2	μὴ	G3361	mē	{do} not	{do} not
3:9	3	δόξητε	G1380	doxēte	presume	presume
3:9	4	λέγειν	G3004	legein	to say	to say
3:9	5	ἐν	G1722	en	to	to
3:9	6	ἑαυτοῖς	G1438	heautois	yourselves	yourselves
3:9	7	ἔχομεν	G2192	echomen	We have	We have
3:9	8	τὸν	G3588	ton	-	-
3:9	9	Ἀβραάμ	G11	Abraam	Abraham	Abraham
3:9	10	Πατέρα	G3962	Patera	[as our] father	[as our] father
3:9	11	γὰρ	G1063	gar	For	For
3:9	12	λέγω	G3004	legō	I tell	I tell
3:9	13	ὑμῖν	G4771	hymin	you	you
3:9	14	ὅτι	G3754	hoti	that	that
3:9	15	ἐκ	G1537	ek	out of	out of
3:9	16	τῶν	G3588	tōn	-	-
3:9	17	τούτων	G3778	toutōn	these	these
3:9	18	λίθων	G3037	lithōn	stones	stones
3:9	19	ὁ	G3588	ho	-	-
3:9	20	Θεὸς	G2316	Theos	God	God
3:9	21	δύναται	G1410	dynatai	can	can
3:9	22	ἐγεῖραι	G1453	egeirai	raise up	raise up
3:9	23	τέκνα	G5043	tekna	children	children
3:9	24	τῷ	G3588	tō	for	for
3:9	25	Ἀβραάμ	G11	Abraam	Abraham	Abraham
3:10	1	ἡ	G3588	hē	The	The
3:10	2	ἀξίνη	G513	axinē	axe	axe
3:10	3	ἤδη	G2235	ēdē	vvv	vvv
3:10	4	δὲ	G1161	de	vvv	vvv
3:10	5	κεῖται	G2749	keitai	lies ready	lies ready
3:10	6	πρὸς	G4314	pros	at	at
3:10	7	τὴν	G3588	tēn	the	the
3:10	8	ῥίζαν	G4491	rhizan	root	root
3:10	9	τῶν	G3588	tōn	of the	of the
3:10	10	δένδρων	G1186	dendrōn	trees	trees
3:10	11	οὖν	G3767	oun	and	and
3:10	12	πᾶν	G3956	pan	every	every
3:10	13	δένδρον	G1186	dendron	tree	tree
3:10	14	μὴ	G3361	mē	vvv	vvv
3:10	15	ποιοῦν	G4160	poioun	that does not produce	that does not produce
3:10	16	καλὸν	G2570	kalon	good	good
3:10	17	καρπὸν	G2590	karpon	fruit	fruit
3:10	18	ἐκκόπτεται	G1581	ekkoptetai	will be cut down	will be cut down
3:10	19	καὶ	G2532	kai	and	and
3:10	20	βάλλεται	G906	balletai	thrown	thrown
3:10	21	εἰς	G1519	eis	into	into
3:10	22	πῦρ	G4442	pyr	[the] fire	[the] fire
3:11	1	Ἐγὼ	G1473	Egō	I	I
3:11	2	μὲν	G3303	men	-	-
3:11	3	βαπτίζω	G907	baptizō	baptize	baptize
3:11	4	ὑμᾶς	G4771	hymas	you	you
3:11	5	ἐν	G1722	en	with	with
3:11	6	ὕδατι	G5204	hydati	water	water
3:11	7	εἰς	G1519	eis	for	for
3:11	8	μετάνοιαν	G3341	metanoian	repentance	repentance
3:11	9	ὁ	G3588	ho	-	-
3:11	10	δὲ	G1161	de	but	but
3:11	11	ὀπίσω	G3694	opisō	after	after
3:11	12	μου	G1473	mou	me	me
3:11	13	ἐρχόμενος	G2064	erchomenos	will come	will come
3:11	14	ἐστιν	G1510	estin	[One]	[One]
3:11	15	ἰσχυρότερός	G2478	ischyroteros	more powerful	more powerful
3:11	16	μού	G1473	mou	than I	than I
3:11	17	οὗ	G3739	hou	whose	whose
3:11	18	τὰ	G3588	ta	-	-
3:11	19	ὑποδήματα	G5266	hypodēmata	sandals	sandals
3:11	20	εἰμὶ	G1510	eimi	I am	I am
3:11	21	οὐκ	G3756	ouk	not	not
3:11	22	ἱκανὸς	G2425	hikanos	worthy	worthy
3:11	23	βαστάσαι	G941	bastasai	to carry	to carry
3:11	24	αὐτὸς	G846	autos	He	He
3:11	25	βαπτίσει	G907	baptisei	will baptize	will baptize
3:11	26	ὑμᾶς	G4771	hymas	you	you
3:11	27	ἐν	G1722	en	with	with
3:11	28	Ἁγίῳ	G40	Hagiō	[the] Holy	[the] Holy
3:11	29	Πνεύματι	G4151	Pneumati	Spirit	Spirit
3:11	30	καὶ	G2532	kai	and	and
3:11	31	πυρί	G4442	pyri	with fire	with fire
3:12	1	οὗ	G3739	hou	His	His
3:12	2	τὸ	G3588	to	-	-
3:12	3	πτύον	G4425	ptyon	winnowing fork [is]	winnowing fork [is]
3:12	4	ἐν	G1722	en	in	in
3:12	5	τῇ	G3588	tē	-	-
3:12	6	αὐτοῦ	G846	autou	His	His
3:12	7	χειρὶ	G5495	cheiri	hand	hand
3:12	8	καὶ	G2532	kai	-	-
3:12	9	διακαθαριεῖ	G1245	diakathariei	to clear	to clear
3:12	10	τὴν	G3588	tēn	-	-
3:12	11	αὐτοῦ	G846	autou	His	His
3:12	12	ἅλωνα	G257	halōna	threshing floor	threshing floor
3:12	13	καὶ	G2532	kai	and	and
3:12	14	συνάξει	G4863	synaxei	to gather	to gather
3:12	15	τὸν	G3588	ton	-	-
3:12	16	αὐτοῦ	G846	autou	His	His
3:12	17	σῖτον	G4621	siton	wheat	wheat
3:12	18	εἰς	G1519	eis	into	into
3:12	19	τὴν	G3588	tēn	the	the
3:12	20	ἀποθήκην	G596	apothēkēn	barn	barn
3:12	21	δὲ	G1161	de	but	but
3:12	22	κατακαύσει	G2618	katakausei	He will burn up	He will burn up
3:12	23	τὸ	G3588	to	the	the
3:12	24	ἄχυρον	G892	achyron	chaff	chaff
3:12	25	ἀσβέστῳ	G762	asbestō	with unquenchable	with unquenchable
3:12	26	πυρὶ	G4442	pyri	fire	fire
3:13	1	Τότε	G5119	Tote	At that time	At that time
3:13	2	ὁ	G3588	ho	-	-
3:13	3	Ἰησοῦς	G2424	Iēsous	Jesus	Jesus
3:13	4	παραγίνεται	G3854	paraginetai	came	came
3:13	5	ἀπὸ	G575	apo	from	from
3:13	6	τῆς	G3588	tēs	-	-
3:13	7	Γαλιλαίας	G1056	Galilaias	Galilee	Galilee
3:13	8	ἐπὶ	G1909	epi	to	to
3:13	9	τὸν	G3588	ton	the	the
3:13	10	Ἰορδάνην	G2446	Iordanēn	Jordan	Jordan
3:13	11	πρὸς	G4314	pros	-	-
3:13	12	τὸν	G3588	ton	-	-
3:13	13	Ἰωάννην	G2491	Iōannēn	-	-
3:13	14	τοῦ	G3588	tou	-	-
3:13	15	βαπτισθῆναι	G907	baptisthēnai	to be baptized	to be baptized
3:13	16	ὑπ’	G5259	hyp’	by	by
3:13	17	αὐτοῦ	G846	autou	[John]	[John]
3:14	1	ὁ	G3588	ho	-	-
3:14	2	δὲ	G1161	de	But	But
3:14	3	Ἰωάννης	G2491	Iōannēs	John	John
3:14	4	διεκώλυεν	G1254	diekōlyen	tried to prevent	tried to prevent
3:14	5	αὐτὸν	G846	auton	Him	Him
3:14	6	λέγων	G3004	legōn	saying	saying
3:14	7	Ἐγὼ	G1473	Egō	I	I
3:14	8	ἔχω	G2192	echō	vvv	vvv
3:14	9	χρείαν	G5532	chreian	need	need
3:14	10	βαπτισθῆναι	G907	baptisthēnai	to be baptized	to be baptized
3:14	11	ὑπὸ	G5259	hypo	by	by
3:14	12	σοῦ	G4771	sou	You	You
3:14	13	καὶ	G2532	kai	and	and
3:14	14	σὺ	G4771	sy	{do} You	{do} You
3:14	15	ἔρχῃ	G2064	erchē	come	come
3:14	16	πρός	G4314	pros	to	to
3:14	17	με	G1473	me	me	me
3:15	1	Ἄφες	G863	Aphes	Let [it] be so	Let [it] be so
3:15	2	ἄρτι	G737	arti	now	now
3:15	3	δὲ	G1161	de	-	-
3:15	4	ὁ	G3588	ho	-	-
3:15	5	Ἰησοῦς	G2424	Iēsous	Jesus	Jesus
3:15	6	Ἀποκριθεὶς	G611	Apokritheis	replied	replied
3:15	7	εἶπεν	G2036	eipen	. . .	. . .
3:15	8	πρὸς	G4314	pros	. . .	. . .
3:15	9	αὐτόν	G846	auton	. . .	. . .
3:15	10	γὰρ	G1063	gar	-	-
3:15	11	ἐστὶν	G1510	estin	It is	It is
3:15	12	πρέπον	G4241	prepon	fitting	fitting
3:15	13	ἡμῖν	G1473	hēmin	for us	for us
3:15	14	πληρῶσαι	G4137	plērōsai	to fulfill	to fulfill
3:15	15	πᾶσαν	G3956	pasan	all	all
3:15	16	δικαιοσύνην	G1343	dikaiosynēn	righteousness	righteousness
3:15	17	οὕτως	G3779	houtōs	in this way	in this way
3:15	18	τότε	G5119	tote	Then	Then
3:15	19	ἀφίησιν	G863	aphiēsin	[John] permitted	[John] permitted
3:15	20	αὐτόν	G846	auton	Him	Him
3:16	1	δὲ	G1161	de	As soon as	As soon as
3:16	2	εὐθὺς	G2112	euthys	. . .	. . .
3:16	3	Βαπτισθεὶς	G907	Baptistheis	[Jesus] was baptized	[Jesus] was baptized
3:16	4	ὁ	G3588	ho	-	-
3:16	5	Ἰησοῦς	G2424	Iēsous	He	He
3:16	6	ἀνέβη	G305	anebē	went up	went up
3:16	7	ἀπὸ	G575	apo	out of	out of
3:16	8	τοῦ	G3588	tou	the	the
3:16	9	ὕδατος	G5204	hydatos	water	water
3:16	10	καὶ	G2532	kai	-	-
3:16	11	ἰδοὺ	G2400	idou	Suddenly	Suddenly
3:16	12	οἱ	G3588	hoi	the	the
3:16	13	οὐρανοί	G3772	ouranoi	heavens	heavens
3:16	14	ἠνεῴχθησαν	G455	ēneōchthēsan	were opened	were opened
3:16	15	καὶ	G2532	kai	and	and
3:16	16	εἶδεν	G3708	eiden	He saw	He saw
3:16	17	τὸ	G3588	to	the	the
3:16	18	Πνεῦμα	G4151	Pneuma	Spirit	Spirit
3:16	19	τοῦ	G3588	tou	of	of
3:16	20	Θεοῦ	G2316	Theou	God	God
3:16	21	καταβαῖνον	G2597	katabainon	descending	descending
3:16	22	ὡσεὶ	G5616	hōsei	like	like
3:16	23	περιστερὰν	G4058	peristeran	a dove	a dove
3:16	24	καὶ	G2532	kai	and	and
3:16	25	ἐρχόμενον	G2064	erchomenon	resting	resting
3:16	26	ἐπ’	G1909	ep’	on	on
3:16	27	αὐτόν	G846	auton	Him	Him
3:17	1	καὶ	G2532	kai	And	And
3:17	2	ἰδοὺ	G2400	idou	-	-
3:17	3	φωνὴ	G5456	phōnē	a voice	a voice
3:17	4	ἐκ	G1537	ek	from	from
3:17	5	τῶν	G3588	tōn	-	-
3:17	6	οὐρανῶν	G3772	ouranōn	heaven	heaven
3:17	7	λέγουσα	G3004	legousa	said	said
3:17	8	Οὗτός	G3778	Houtos	This	This
3:17	9	ἐστιν	G1510	estin	is	is
3:17	10	ὁ	G3588	ho	-	-
3:17	11	μου	G1473	mou	My	My
3:17	12	ὁ	G3588	ho	-	-
3:17	13	ἀγαπητός	G27	agapētos	beloved	beloved
3:17	14	Υἱός	G5207	Huios	Son	Son
3:17	15	ἐν	G1722	en	in	in
3:17	16	ᾧ	G3739	hō	whom	whom
3:17	17	εὐδόκησα	G2106	eudokēsa	I am well pleased	I am well pleased
4:1	1	Τότε	G5119	Tote	Then	Then
4:1	2	ὁ	G3588	ho	-	-
4:1	3	Ἰησοῦς	G2424	Iēsous	Jesus	Jesus
4:1	4	ἀνήχθη	G321	anēchthē	was led	was led
4:1	5	ὑπὸ	G5259	hypo	by	by
4:1	6	τοῦ	G3588	tou	the	the
4:1	7	Πνεύματος	G4151	Pneumatos	Spirit	Spirit
4:1	8	εἰς	G1519	eis	into	into
4:1	9	τὴν	G3588	tēn	the	the
4:1	10	ἔρημον	G2048	erēmon	wilderness	wilderness
4:1	11	πειρασθῆναι	G3985	peirasthēnai	to be tempted	to be tempted
4:1	12	ὑπὸ	G5259	hypo	by	by
4:1	13	τοῦ	G3588	tou	the	the
4:1	14	διαβόλου	G1228	diabolou	devil	devil
4:2	1	καὶ	G2532	kai	vvv	vvv
4:2	2	νηστεύσας	G3522	nēsteusas	After fasting	After fasting
4:2	3	τεσσεράκοντα	G5062	tesserakonta	forty	forty
4:2	4	ἡμέρας	G2250	hēmeras	days	days
4:2	5	καὶ	G2532	kai	and	and
4:2	6	τεσσεράκοντα	G5062	tesserakonta	forty	forty
4:2	7	νύκτας	G3571	nyktas	nights	nights
4:2	8	ὕστερον	G5305	hysteron	-	-
4:2	9	ἐπείνασεν	G3983	epeinasen	He was hungry	He was hungry
4:3	1	Καὶ	G2532	Kai	-	-
4:3	2	ὁ	G3588	ho	The	The
4:3	3	πειράζων	G3985	peirazōn	tempter	tempter
4:3	4	προσελθὼν	G4334	proselthōn	came	came
4:3	5	αὐτῷ	G846	autō	to Him	to Him
4:3	6	εἶπεν	G2036	eipen	[and] said	[and] said
4:3	7	Εἰ	G1487	Ei	If	If
4:3	8	εἶ	G1510	ei	You are	You are
4:3	9	Υἱὸς	G5207	Huios	[the] Son	[the] Son
4:3	10	τοῦ	G3588	tou	-	-
4:3	11	Θεοῦ	G2316	Theou	of God	of God
4:3	12	εἰπὲ	G2036	eipe	tell	tell
4:3	13	ἵνα	G2443	hina	. . .	. . .
4:3	14	οὗτοι	G3778	houtoi	these	these
4:3	15	οἱ	G3588	hoi	-	-
4:3	16	λίθοι	G3037	lithoi	stones	stones
4:3	17	γένωνται	G1096	genōntai	to become	to become
4:3	18	ἄρτοι	G740	artoi	bread	bread
4:4	1	Ὁ	G3588	Ho	-	-
4:4	2	δὲ	G1161	de	But	But
4:4	3	ἀποκριθεὶς	G611	apokritheis	[Jesus] answered	[Jesus] answered
4:4	4	εἶπεν	G2036	eipen	. . .	. . .
4:4	5	Γέγραπται	G1125	Gegraptai	It is written	It is written
4:4	6	ὁ	G3588	ho	-	-
4:4	7	ἄνθρωπος	G444	anthrōpos	Man	Man
4:4	8	Οὐκ	G3756	Ouk	. . .	. . .
4:4	9	ζήσεται	G2198	zēsetai	shall not live	shall not live
4:4	10	ἐπ’	G1909	ep’	on	on
4:4	11	ἄρτῳ	G740	artō	bread	bread
4:4	12	μόνῳ	G3441	monō	alone	alone
4:4	13	Ἀλλ’	G235	All’	but	but
4:4	14	ἐπὶ	G1909	epi	on	on
4:4	15	παντὶ	G3956	panti	every	every
4:4	16	ῥήματι	G4487	rhēmati	word	word
4:4	17	ἐκπορευομένῳ	G1607	ekporeuomenō	that comes	that comes
4:4	18	διὰ	G1223	dia	from	from
4:4	19	στόματος	G4750	stomatos	[the] mouth	[the] mouth
4:4	20	Θεοῦ	G2316	Theou	of God	of God
4:5	1	Τότε	G5119	Tote	Then	Then
4:5	2	ὁ	G3588	ho	the	the
4:5	3	διάβολος	G1228	diabolos	devil	devil
4:5	4	παραλαμβάνει	G3880	paralambanei	took	took
4:5	5	αὐτὸν	G846	auton	Him	Him
4:5	6	εἰς	G1519	eis	to	to
4:5	7	τὴν	G3588	tēn	the	the
4:5	8	ἁγίαν	G40	hagian	holy	holy
4:5	9	πόλιν	G4172	polin	city	city
4:5	10	καὶ	G2532	kai	and	and
4:5	11	ἔστησεν	G2476	estēsen	set	set
4:5	12	αὐτὸν	G846	auton	Him	Him
4:5	13	ἐπὶ	G1909	epi	on	on
4:5	14	τὸ	G3588	to	the	the
4:5	15	πτερύγιον	G4419	pterygion	pinnacle	pinnacle
4:5	16	τοῦ	G3588	tou	of the	of the
4:5	17	ἱεροῦ	G2411	hierou	temple	temple
4:6	1	Εἰ	G1487	Ei	If	If
4:6	2	εἶ	G1510	ei	You are	You are
4:6	3	Υἱὸς	G5207	Huios	[the] Son	[the] Son
4:6	4	τοῦ	G3588	tou	-	-
4:6	5	Θεοῦ	G2316	Theou	of God	of God
4:6	6	καὶ	G2532	kai	-	-
4:6	7	λέγει	G3004	legei	he said	he said
4:6	8	αὐτῷ	G846	autō	-	-
4:6	9	βάλε	G906	bale	throw	throw
4:6	10	σεαυτὸν	G4572	seauton	Yourself	Yourself
4:6	11	κάτω	G2736	katō	down	down
4:6	12	γὰρ	G1063	gar	For	For
4:6	13	γέγραπται	G1125	gegraptai	it is written	it is written
4:6	14	ἐντελεῖται	G1781	enteleitai	He will command	He will command
4:6	15	ὅτι	G3754	hoti	-	-
4:6	16	Τοῖς	G3588	Tois	-	-
4:6	17	αὐτοῦ	G846	autou	His	His
4:6	18	ἀγγέλοις	G32	angelois	angels	angels
4:6	19	περὶ	G4012	peri	concerning	concerning
4:6	20	σοῦ	G4771	sou	You	You
4:6	21	καὶ	G2532	kai	and	and
4:6	22	σε	G4771	se	vvv	vvv
4:6	23	ἀροῦσίν	G142	arousin	they will lift You up	they will lift You up
4:6	24	ἐπὶ	G1909	epi	in	in
4:6	25	χειρῶν	G5495	cheirōn	[their] hands	[their] hands
4:6	26	μή‿	G3361	mē	vvv	vvv
4:6	27	ποτε	G4219	pote	vvv	vvv
4:6	28	προσκόψῃς	G4350	proskopsēs	so that You will not strike	so that You will not strike
4:6	29	τὸν	G3588	ton	-	-
4:6	30	σου	G4771	sou	Your	Your
4:6	31	πόδα	G4228	poda	foot	foot
4:6	32	πρὸς	G4314	pros	against	against
4:6	33	λίθον	G3037	lithon	a stone	a stone
4:7	1	Ἰησοῦς	G2424	Iēsous	Jesus	Jesus
4:7	2	Ἔφη	G5346	Ephē	replied	replied
4:7	3	αὐτῷ	G846	autō	-	-
4:7	4	ὁ	G3588	ho	-	-
4:7	5	Πάλιν	G3825	Palin	vvv	vvv
4:7	6	γέγραπται	G1125	gegraptai	It is also written	It is also written
4:7	7	ἐκπειράσεις	G1598	ekpeiraseis	Do not put	Do not put
4:7	8	Οὐκ	G3756	Ouk	. . .	. . .
4:7	9	Κύριον	G2962	Kyrion	[the] Lord	[the] Lord
4:7	10	τὸν	G3588	ton	-	-
4:7	11	σου	G4771	sou	your	your
4:7	12	Θεόν	G2316	Theon	God {to the test}	God {to the test}
4:8	1	Πάλιν	G3825	Palin	Again	Again
4:8	2	ὁ	G3588	ho	the	the
4:8	3	διάβολος	G1228	diabolos	devil	devil
4:8	4	παραλαμβάνει	G3880	paralambanei	took	took
4:8	5	αὐτὸν	G846	auton	Him	Him
4:8	6	εἰς	G1519	eis	to	to
4:8	7	λίαν	G3029	lian	a very	a very
4:8	8	ὑψηλὸν	G5308	hypsēlon	high	high
4:8	9	ὄρος	G3735	oros	mountain	mountain
4:8	10	καὶ	G2532	kai	and	and
4:8	11	δείκνυσιν	G1166	deiknysin	showed	showed
4:8	12	αὐτῷ	G846	autō	Him	Him
4:8	13	πάσας	G3956	pasas	all	all
4:8	14	τὰς	G3588	tas	the	the
4:8	15	βασιλείας	G932	basileias	kingdoms	kingdoms
4:8	16	τοῦ	G3588	tou	of the	of the
4:8	17	κόσμου	G2889	kosmou	world	world
4:8	18	καὶ	G2532	kai	and	and
4:8	19	τὴν	G3588	tēn	-	-
4:8	20	αὐτῶν	G846	autōn	their	their
4:8	21	δόξαν	G1391	doxan	glory	glory
4:9	1	πάντα	G3956	panta	All	All
4:9	2	Ταῦτά	G3778	Tauta	this	this
4:9	3	δώσω	G1325	dōsō	I will give	I will give
4:9	4	σοι	G4771	soi	You	You
4:9	5	καὶ	G2532	kai	-	-
4:9	6	εἶπεν	G2036	eipen	he said	he said
4:9	7	αὐτῷ	G846	autō	-	-
4:9	8	ἐὰν	G1437	ean	if	if
4:9	9	πεσὼν	G4098	pesōn	You will fall down	You will fall down
4:9	10	προσκυνήσῃς	G4352	proskynēsēs	[and] worship	[and] worship
4:9	11	μοι	G1473	moi	me	me
4:10	1	Ὕπαγε	G5217	Hypage	Away from Me	Away from Me
4:10	2	Σατανᾶ	G4567	Satana	Satan	Satan
4:10	3	Τότε	G5119	Tote	-	-
4:10	4	Ἰησοῦς	G2424	Iēsous	Jesus	Jesus
4:10	5	λέγει	G3004	legei	told	told
4:10	6	αὐτῷ	G846	autō	him	him
4:10	7	ὁ	G3588	ho	-	-
4:10	8	γάρ	G1063	gar	For	For
4:10	9	γέγραπται	G1125	gegraptai	it is written	it is written
4:10	10	προσκυνήσεις	G4352	proskynēseis	Worship	Worship
4:10	11	Κύριον	G2962	Kyrion	[the] Lord	[the] Lord
4:10	12	τὸν	G3588	ton	-	-
4:10	13	σου	G4771	sou	your	your
4:10	14	θεόν	G2316	theon	God	God
4:10	15	καὶ	G2532	kai	and	and
4:10	16	λατρεύσεις	G3000	latreuseis	serve	serve
4:10	17	αὐτῷ	G846	autō	Him	Him
4:10	18	μόνῳ	G3441	monō	only	only
4:11	1	Τότε	G5119	Tote	Then	Then
4:11	2	ὁ	G3588	ho	the	the
4:11	3	διάβολος	G1228	diabolos	devil	devil
4:11	4	ἀφίησιν	G863	aphiēsin	left	left
4:11	5	αὐτὸν	G846	auton	Him	Him
4:11	6	καὶ	G2532	kai	and	and
4:11	7	ἰδοὺ	G2400	idou	-	-
4:11	8	ἄγγελοι	G32	angeloi	angels	angels
4:11	9	προσῆλθον	G4334	prosēlthon	came	came
4:11	10	καὶ	G2532	kai	and	and
4:11	11	διηκόνουν	G1247	diēkonoun	ministered	ministered
4:11	12	αὐτῷ	G846	autō	to Him	to Him
4:12	1	δὲ	G1161	de	When	When
4:12	2	Ἀκούσας	G191	Akousas	[Jesus] heard	[Jesus] heard
4:12	3	ὅτι	G3754	hoti	that	that
4:12	4	Ἰωάννης	G2491	Iōannēs	John	John
4:12	5	παρεδόθη	G3860	paredothē	had been imprisoned	had been imprisoned
4:12	6	ἀνεχώρησεν	G402	anechōrēsen	He withdrew	He withdrew
4:12	7	εἰς	G1519	eis	to	to
4:12	8	τὴν	G3588	tēn	-	-
4:12	9	Γαλιλαίαν	G1056	Galilaian	Galilee	Galilee
4:13	1	καὶ	G2532	kai	-	-
4:13	2	καταλιπὼν	G2641	katalipōn	Leaving	Leaving
4:13	3	τὴν	G3588	tēn	-	-
4:13	4	Ναζαρὰ	G3478	Nazara	Nazareth	Nazareth
4:13	5	ἐλθὼν	G2064	elthōn	He went	He went
4:13	6	κατῴκησεν	G2730	katōkēsen	[and] lived	[and] lived
4:13	7	εἰς	G1519	eis	in	in
4:13	8	Καφαρναοὺμ	G2584	Kapharnaoum	Capernaum	Capernaum
4:13	9	τὴν	G3588	tēn	which [is]	which [is]
4:13	10	παραθαλασσίαν	G3864	parathalassian	by the sea	by the sea
4:13	11	ἐν	G1722	en	in	in
4:13	12	ὁρίοις	G3725	horiois	[the] region	[the] region
4:13	13	Ζαβουλὼν	G2194	Zaboulōn	of Zebulun	of Zebulun
4:13	14	καὶ	G2532	kai	and	and
4:13	15	Νεφθαλίμ	G3508	Nephthalim	Naphtali	Naphtali
4:14	1	ἵνα	G2443	hina	to	to
4:14	2	πληρωθῇ	G4137	plērōthē	fulfill	fulfill
4:14	3	τὸ	G3588	to	what	what
4:14	4	ῥηθὲν	G2046	rhēthen	was spoken	was spoken
4:14	5	διὰ	G1223	dia	through	through
4:14	6	τοῦ	G3588	tou	the	the
4:14	7	προφήτου	G4396	prophētou	prophet	prophet
4:14	8	Ἠσαΐου	G2268	Ēsaiou	Isaiah	Isaiah
4:14	9	λέγοντος	G3004	legontos	-	-
4:15	1	Γῆ	G1093	Gē	Land	Land
4:15	2	Ζαβουλὼν	G2194	Zaboulōn	of Zebulun	of Zebulun
4:15	3	καὶ	G2532	kai	and	and
4:15	4	γῆ	G1093	gē	land	land
4:15	5	Νεφθαλίμ	G3508	Nephthalim	of Naphtali	of Naphtali
4:15	6	ὁδὸν	G3598	hodon	[the] Way	[the] Way
4:15	7	θαλάσσης	G2281	thalassēs	of [the] Sea	of [the] Sea
4:15	8	πέραν	G4008	peran	beyond	beyond
4:15	9	τοῦ	G3588	tou	the	the
4:15	10	Ἰορδάνου	G2446	Iordanou	Jordan	Jordan
4:15	11	Γαλιλαία	G1056	Galilaia	Galilee	Galilee
4:15	12	τῶν	G3588	tōn	of the	of the
4:15	13	ἐθνῶν	G1484	ethnōn	Gentiles	Gentiles
4:16	1	ὁ	G3588	ho	the	the
4:16	2	λαὸς	G2992	laos	people	people
4:16	3	ὁ	G3588	ho	-	-
4:16	4	καθήμενος	G2521	kathēmenos	living	living
4:16	5	ἐν	G1722	en	in	in
4:16	6	σκοτίᾳ	G4653	skotia	darkness	darkness
4:16	7	εἶδεν	G3708	eiden	have seen	have seen
4:16	8	μέγα	G3173	mega	[a] great	[a] great
4:16	9	φῶς	G5457	phōs	light	light
4:16	10	καὶ	G2532	kai	-	-
4:16	11	τοῖς	G3588	tois	on those	on those
4:16	12	καθημένοις	G2521	kathēmenois	living	living
4:16	13	ἐν	G1722	en	in [the]	in [the]
4:16	14	χώρᾳ	G5561	chōra	land	land
4:16	15	καὶ	G2532	kai	-	-
4:16	16	σκιᾷ	G4639	skia	[of the] shadow	[of the] shadow
4:16	17	θανάτου	G2288	thanatou	of death	of death
4:16	18	φῶς	G5457	phōs	a light	a light
4:16	19	ἀνέτειλεν	G393	aneteilen	has dawned	has dawned
4:16	20	αὐτοῖς	G846	autois	-	-
4:17	1	Ἀπὸ	G575	Apo	From	From
4:17	2	τότε	G5119	tote	that time [on]	that time [on]
4:17	3	Ἰησοῦς	G2424	Iēsous	Jesus	Jesus
4:17	4	ἤρξατο	G756	ērxato	began	began
4:17	5	ὁ	G3588	ho	-	-
4:17	6	κηρύσσειν	G2784	kēryssein	to preach	to preach
4:17	7	καὶ	G2532	kai	-	-
4:17	8	λέγειν	G3004	legein	-	-
4:17	9	Μετανοεῖτε	G3340	Metanoeite	Repent	Repent
4:17	10	γὰρ	G1063	gar	for	for
4:17	11	ἡ	G3588	hē	the	the
4:17	12	βασιλεία	G932	basileia	kingdom	kingdom
4:17	13	τῶν	G3588	tōn	of	of
4:17	14	οὐρανῶν	G3772	ouranōn	heaven	heaven
4:17	15	ἤγγικεν	G1448	ēngiken	is near	is near
4:18	1	δὲ	G1161	de	-	-
4:18	2	Περιπατῶν	G4043	Peripatōn	As [Jesus] was walking	As [Jesus] was walking
4:18	3	παρὰ	G3844	para	beside	beside
4:18	4	τὴν	G3588	tēn	the	the
4:18	5	θάλασσαν	G2281	thalassan	Sea	Sea
4:18	6	τῆς	G3588	tēs	-	-
4:18	7	Γαλιλαίας	G1056	Galilaias	of Galilee	of Galilee
4:18	8	εἶδεν	G3708	eiden	He saw	He saw
4:18	9	δύο	G1417	dyo	two	two
4:18	10	ἀδελφούς	G80	adelphous	brothers	brothers
4:18	11	Σίμωνα	G4613	Simōna	Simon	Simon
4:18	12	τὸν	G3588	ton	-	-
4:18	13	λεγόμενον	G3004	legomenon	called	called
4:18	14	Πέτρον	G4074	Petron	Peter	Peter
4:18	15	καὶ	G2532	kai	and	and
4:18	16	τὸν	G3588	ton	-	-
4:18	17	αὐτοῦ	G846	autou	his	his
4:18	18	ἀδελφὸν	G80	adelphon	brother	brother
4:18	19	Ἀνδρέαν	G406	Andrean	Andrew	Andrew
4:18	20	βάλλοντας	G906	ballontas	They were casting	They were casting
4:18	21	ἀμφίβληστρον	G293	amphiblēstron	a net	a net
4:18	22	εἰς	G1519	eis	into	into
4:18	23	τὴν	G3588	tēn	the	the
4:18	24	θάλασσαν	G2281	thalassan	sea	sea
4:18	25	γὰρ	G1063	gar	for	for
4:18	26	ἦσαν	G1510	ēsan	they were	they were
4:18	27	ἁλιεῖς	G231	halieis	fishermen	fishermen
4:19	1	Δεῦτε	G1205	Deute	Come, follow	Come, follow
4:19	2	ὀπίσω	G3694	opisō	. . .	. . .
4:19	3	μου	G1473	mou	Me	Me
4:19	4	καὶ	G2532	kai	-	-
4:19	5	λέγει	G3004	legei	[Jesus] said	[Jesus] said
4:19	6	αὐτοῖς	G846	autois	-	-
4:19	7	καὶ	G2532	kai	and	and
4:19	8	ποιήσω	G4160	poiēsō	I will make	I will make
4:19	9	ὑμᾶς	G4771	hymas	you	you
4:19	10	ἁλιεῖς	G231	halieis	fishers	fishers
4:19	11	ἀνθρώπων	G444	anthrōpōn	of men	of men
4:20	1	οἱ	G3588	hoi	-	-
4:20	2	δὲ	G1161	de	And	And
4:20	3	εὐθέως	G2112	eutheōs	at once	at once
4:20	4	ἀφέντες	G863	aphentes	they left	they left
4:20	5	τὰ	G3588	ta	[their]	[their]
4:20	6	δίκτυα	G1350	diktya	nets	nets
4:20	7	ἠκολούθησαν	G190	ēkolouthēsan	[and] followed	[and] followed
4:20	8	αὐτῷ	G846	autō	Him	Him
4:21	1	Καὶ	G2532	Kai	-	-
4:21	2	προβὰς	G4260	probas	Going on	Going on
4:21	3	ἐκεῖθεν	G1564	ekeithen	from there	from there
4:21	4	εἶδεν	G3708	eiden	He saw	He saw
4:21	5	δύο	G1417	dyo	two	two
4:21	6	ἄλλους	G243	allous	other	other
4:21	7	ἀδελφούς	G80	adelphous	brothers	brothers
4:21	8	Ἰάκωβον	G2385	Iakōbon	James	James
4:21	9	τὸν	G3588	ton	[son]	[son]
4:21	10	τοῦ	G3588	tou	-	-
4:21	11	Ζεβεδαίου	G2199	Zebedaiou	of Zebedee	of Zebedee
4:21	12	καὶ	G2532	kai	and	and
4:21	13	τὸν	G3588	ton	-	-
4:21	14	αὐτοῦ	G846	autou	his	his
4:21	15	ἀδελφὸν	G80	adelphon	brother	brother
4:21	16	Ἰωάννην	G2491	Iōannēn	John	John
4:21	17	ἐν	G1722	en	[They were] in	[They were] in
4:21	18	τῷ	G3588	tō	-	-
4:21	19	πλοίῳ	G4143	ploiō	a boat	a boat
4:21	20	μετὰ	G3326	meta	with	with
4:21	21	τοῦ	G3588	tou	-	-
4:21	22	αὐτῶν	G846	autōn	their	their
4:21	23	πατρὸς	G3962	patros	father	father
4:21	24	Ζεβεδαίου	G2199	Zebedaiou	Zebedee	Zebedee
4:21	25	καταρτίζοντας	G2675	katartizontas	mending	mending
4:21	26	τὰ	G3588	ta	-	-
4:21	27	αὐτῶν	G846	autōn	their	their
4:21	28	δίκτυα	G1350	diktya	nets	nets
4:21	29	καὶ	G2532	kai	-	-
4:21	30	ἐκάλεσεν	G2564	ekalesen	[Jesus] called	[Jesus] called
4:21	31	αὐτούς	G846	autous	them	them
4:22	1	οἱ	G3588	hoi	-	-
4:22	2	δὲ	G1161	de	and	and
4:22	3	εὐθέως	G2112	eutheōs	immediately	immediately
4:22	4	ἀφέντες	G863	aphentes	they left	they left
4:22	5	τὸ	G3588	to	the	the
4:22	6	πλοῖον	G4143	ploion	boat	boat
4:22	7	καὶ	G2532	kai	and	and
4:22	8	τὸν	G3588	ton	-	-
4:22	9	αὐτῶν	G846	autōn	their	their
4:22	10	πατέρα	G3962	patera	father	father
4:22	11	ἠκολούθησαν	G190	ēkolouthēsan	[and] followed	[and] followed
4:22	12	αὐτῷ	G846	autō	Him	Him
4:23	1	Καὶ	G2532	Kai	-	-
4:23	2	περιῆγεν	G4013	periēgen	[Jesus] went	[Jesus] went
4:23	3	ἐν	G1722	en	throughout	throughout
4:23	4	ὅλῃ	G3650	holē	. . .	. . .
4:23	5	τῇ	G3588	tē	-	-
4:23	6	Γαλιλαίᾳ	G1056	Galilaia	Galilee	Galilee
4:23	7	διδάσκων	G1321	didaskōn	teaching	teaching
4:23	8	ἐν	G1722	en	in	in
4:23	9	ταῖς	G3588	tais	-	-
4:23	10	αὐτῶν	G846	autōn	their	their
4:23	11	συναγωγαῖς	G4864	synagōgais	synagogues	synagogues
4:23	12	καὶ	G2532	kai	-	-
4:23	13	κηρύσσων	G2784	kēryssōn	preaching	preaching
4:23	14	τὸ	G3588	to	the	the
4:23	15	εὐαγγέλιον	G2098	euangelion	gospel	gospel
4:23	16	τῆς	G3588	tēs	of the	of the
4:23	17	βασιλείας	G932	basileias	kingdom	kingdom
4:23	18	καὶ	G2532	kai	and	and
4:23	19	θεραπεύων	G2323	therapeuōn	healing	healing
4:23	20	πᾶσαν	G3956	pasan	every	every
4:23	21	νόσον	G3554	noson	disease	disease
4:23	22	καὶ	G2532	kai	and	and
4:23	23	πᾶσαν	G3956	pasan	-	-
4:23	24	μαλακίαν	G3119	malakian	sickness	sickness
4:23	25	ἐν	G1722	en	among	among
4:23	26	τῷ	G3588	tō	the	the
4:23	27	λαῷ	G2992	laō	people	people
4:24	1	καὶ	G2532	kai	-	-
4:24	2	ἡ	G3588	hē	-	-
4:24	3	ἀκοὴ	G189	akoē	News	News
4:24	4	αὐτοῦ	G846	autou	about Him	about Him
4:24	5	ἀπῆλθεν	G565	apēlthen	spread	spread
4:24	6	ὅλην	G3650	holēn	all	all
4:24	7	εἰς	G1519	eis	over	over
4:24	8	τὴν	G3588	tēn	-	-
4:24	9	Συρίαν	G4947	Syrian	Syria	Syria
4:24	10	καὶ	G2532	kai	and	and
4:24	11	προσήνεγκαν	G4374	prosēnenkan	[people] brought	[people] brought
4:24	12	αὐτῷ	G846	autō	to Him	to Him
4:24	13	πάντας	G3956	pantas	all	all
4:24	14	τοὺς	G3588	tous	who	who
4:24	15	κακῶς	G2560	kakōs	were ill	were ill
4:24	16	ἔχοντας	G2192	echontas	with	with
4:24	17	ποικίλαις	G4164	poikilais	various	various
4:24	18	νόσοις	G3554	nosois	diseases	diseases
4:24	19	καὶ	G2532	kai	-	-
4:24	20	συνεχομένους	G4912	synechomenous	those suffering	those suffering
4:24	21	βασάνοις	G931	basanois	acute pain	acute pain
4:24	22	καὶ	G2532	kai	-	-
4:24	23	δαιμονιζομένους	G1139	daimonizomenous	[the] demon-possessed	[the] demon-possessed
4:24	24	καὶ	G2532	kai	-	-
4:24	25	σεληνιαζομένους	G4583	selēniazomenous	[those] having seizures	[those] having seizures
4:24	26	καὶ	G2532	kai	and	and
4:24	27	παραλυτικούς	G3885	paralytikous	[the] paralyzed	[the] paralyzed
4:24	28	καὶ	G2532	kai	and	and
4:24	29	ἐθεράπευσεν	G2323	etherapeusen	He healed	He healed
4:24	30	αὐτούς	G846	autous	them	them
4:25	1	Καὶ	G2532	Kai	-	-
4:25	2	πολλοὶ	G4183	polloi	Large	Large
4:25	3	ὄχλοι	G3793	ochloi	crowds	crowds
4:25	4	ἠκολούθησαν	G190	ēkolouthēsan	followed	followed
4:25	5	αὐτῷ	G846	autō	Him	Him
4:25	6	ἀπὸ	G575	apo	[having come] from	[having come] from
4:25	7	τῆς	G3588	tēs	-	-
4:25	8	Γαλιλαίας	G1056	Galilaias	Galilee	Galilee
4:25	9	καὶ	G2532	kai	-	-
4:25	10	Δεκαπόλεως	G1179	Dekapoleōs	[the] Decapolis	[the] Decapolis
4:25	11	καὶ	G2532	kai	-	-
4:25	12	Ἱεροσολύμων	G2414	Hierosolymōn	Jerusalem	Jerusalem
4:25	13	καὶ	G2532	kai	-	-
4:25	14	Ἰουδαίας	G2449	Ioudaias	Judea	Judea
4:25	15	καὶ	G2532	kai	and	and
4:25	16	πέραν	G4008	peran	beyond	beyond
4:25	17	τοῦ	G3588	tou	the	the
4:25	18	Ἰορδάνου	G2446	Iordanou	Jordan	Jordan
5:1	1	δὲ	G1161	de	When	When
5:1	2	Ἰδὼν	G3708	Idōn	Jesus saw	Jesus saw
5:1	3	τοὺς	G3588	tous	the	the
5:1	4	ὄχλους	G3793	ochlous	crowds	crowds
5:1	5	ἀνέβη	G305	anebē	He went up	He went up
5:1	6	εἰς	G1519	eis	on	on
5:1	7	τὸ	G3588	to	the	the
5:1	8	ὄρος	G3735	oros	mountain	mountain
5:1	9	καὶ	G2532	kai	and	and
5:1	10	αὐτοῦ	G846	autou	-	-
5:1	11	καθίσαντος	G2523	kathisantos	sat down	sat down
5:1	12	οἱ	G3588	hoi	-	-
5:1	13	αὐτοῦ	G846	autou	His	His
5:1	14	μαθηταὶ	G3101	mathētai	disciples	disciples
5:1	15	προσῆλθαν	G4334	prosēlthan	came	came
5:1	16	αὐτῷ	G846	autō	to Him	to Him
5:2	1	καὶ	G2532	kai	and	and
5:2	2	ἀνοίξας	G455	anoixas	He began	He began
5:2	3	τὸ	G3588	to	. . .	. . .
5:2	4	αὐτοῦ	G846	autou	. . .	. . .
5:2	5	στόμα	G4750	stoma	. . .	. . .
5:2	6	ἐδίδασκεν	G1321	edidasken	to teach	to teach
5:2	7	αὐτοὺς	G846	autous	them	them
5:2	8	λέγων	G3004	legōn	saying	saying
5:3	1	Μακάριοι	G3107	Makarioi	Blessed [are]	Blessed [are]
5:3	2	οἱ	G3588	hoi	the	the
5:3	3	πτωχοὶ	G4434	ptōchoi	poor	poor
5:3	4	τῷ	G3588	tō	in	in
5:3	5	πνεύματι	G4151	pneumati	spirit	spirit
5:3	6	Ὅτι	G3754	Hoti	for	for
5:3	7	αὐτῶν	G846	autōn	theirs	theirs
5:3	8	ἐστιν	G1510	estin	is	is
5:3	9	ἡ	G3588	hē	the	the
5:3	10	βασιλεία	G932	basileia	kingdom	kingdom
5:3	11	τῶν	G3588	tōn	of	of
5:3	12	οὐρανῶν	G3772	ouranōn	heaven	heaven
5:4	1	Μακάριοι	G3107	Makarioi	Blessed [are]	Blessed [are]
5:4	2	οἱ	G3588	hoi	those who	those who
5:4	3	πενθοῦντες	G3996	penthountes	mourn	mourn
5:4	4	Ὅτι	G3754	Hoti	for	for
5:4	5	αὐτοὶ	G846	autoi	they	they
5:4	6	παρακληθήσονται	G3870	paraklēthēsontai	will be comforted	will be comforted
5:5	1	Μακάριοι	G3107	Makarioi	Blessed [are]	Blessed [are]
5:5	2	οἱ	G3588	hoi	the	the
5:5	3	πραεῖς	G4239	praeis	meek	meek
5:5	4	Ὅτι	G3754	Hoti	for	for
5:5	5	αὐτοὶ	G846	autoi	they	they
5:5	6	κληρονομήσουσιν	G2816	klēronomēsousin	will inherit	will inherit
5:5	7	τὴν	G3588	tēn	the	the
5:5	8	γῆν	G1093	gēn	earth	earth
5:6	1	Μακάριοι	G3107	Makarioi	Blessed [are]	Blessed [are]
5:6	2	οἱ	G3588	hoi	those	those
5:6	3	πεινῶντες	G3983	peinōntes	who hunger	who hunger
5:6	4	καὶ	G2532	kai	and	and
5:6	5	διψῶντες	G1372	dipsōntes	thirst	thirst
5:6	6	τὴν	G3588	tēn	for	for
5:6	7	δικαιοσύνην	G1343	dikaiosynēn	righteousness	righteousness
5:6	8	Ὅτι	G3754	Hoti	for	for
5:6	9	αὐτοὶ	G846	autoi	they	they
5:6	10	χορτασθήσονται	G5526	chortasthēsontai	will be filled	will be filled
5:7	1	Μακάριοι	G3107	Makarioi	Blessed [are]	Blessed [are]
5:7	2	οἱ	G3588	hoi	the	the
5:7	3	ἐλεήμονες	G1655	eleēmones	merciful	merciful
5:7	4	Ὅτι	G3754	Hoti	for	for
5:7	5	αὐτοὶ	G846	autoi	they	they
5:7	6	ἐλεηθήσονται	G1653	eleēthēsontai	will be shown mercy	will be shown mercy
5:8	1	Μακάριοι	G3107	Makarioi	Blessed [are]	Blessed [are]
5:8	2	οἱ	G3588	hoi	the	the
5:8	3	καθαροὶ	G2513	katharoi	pure	pure
5:8	4	τῇ	G3588	tē	-	-
5:8	5	καρδίᾳ	G2588	kardia	in heart	in heart
5:8	6	Ὅτι	G3754	Hoti	for	for
5:8	7	αὐτοὶ	G846	autoi	they	they
5:8	8	ὄψονται	G3708	opsontai	will see	will see
5:8	9	τὸν	G3588	ton	-	-
5:8	10	Θεὸν	G2316	Theon	God	God
5:9	1	Μακάριοι	G3107	Makarioi	Blessed [are]	Blessed [are]
5:9	2	οἱ	G3588	hoi	the	the
5:9	3	εἰρηνοποιοί	G1518	eirēnopoioi	peacemakers	peacemakers
5:9	4	Ὅτι	G3754	Hoti	for	for
5:9	5	αὐτοὶ	G846	autoi	they	they
5:9	6	κληθήσονται	G2564	klēthēsontai	will be called	will be called
5:9	7	υἱοὶ	G5207	huioi	sons	sons
5:9	8	Θεοῦ	G2316	Theou	of God	of God
5:10	1	Μακάριοι	G3107	Makarioi	Blessed [are]	Blessed [are]
5:10	2	οἱ	G3588	hoi	those who	those who
5:10	3	δεδιωγμένοι	G1377	dediōgmenoi	are persecuted	are persecuted
5:10	4	ἕνεκεν	G1752	heneken	because of	because of
5:10	5	δικαιοσύνης	G1343	dikaiosynēs	righteousness	righteousness
5:10	6	Ὅτι	G3754	Hoti	for	for
5:10	7	αὐτῶν	G846	autōn	theirs	theirs
5:10	8	ἐστιν	G1510	estin	is	is
5:10	9	ἡ	G3588	hē	the	the
5:10	10	βασιλεία	G932	basileia	kingdom	kingdom
5:10	11	τῶν	G3588	tōn	of	of
5:10	12	οὐρανῶν	G3772	ouranōn	heaven	heaven
5:11	1	Μακάριοί	G3107	Makarioi	Blessed	Blessed
5:11	2	ἐστε	G1510	este	are you	are you
5:11	3	ὅταν	G3752	hotan	when	when
5:11	4	ὀνειδίσωσιν	G3679	oneidisōsin	[people] insult	[people] insult
5:11	5	ὑμᾶς	G4771	hymas	you	you
5:11	6	καὶ	G2532	kai	-	-
5:11	7	διώξωσιν	G1377	diōxōsin	persecute [you]	persecute [you]
5:11	8	καὶ	G2532	kai	and	and
5:11	9	ψευδόμενοι	G5574	pseudomenoi	falsely	falsely
5:11	10	εἴπωσιν	G2036	eipōsin	say	say
5:11	11	πᾶν	G3956	pan	all kinds of	all kinds of
5:11	12	πονηρὸν	G4190	ponēron	evil	evil
5:11	13	καθ’	G2596	kath’	against	against
5:11	14	ὑμῶν	G4771	hymōn	you	you
5:11	15	ἕνεκεν	G1752	heneken	because of	because of
5:11	16	ἐμοῦ	G1473	emou	Me	Me
5:12	1	χαίρετε	G5463	chairete	Rejoice	Rejoice
5:12	2	καὶ	G2532	kai	and	and
5:12	3	ἀγαλλιᾶσθε	G21	agalliasthe	be glad	be glad
5:12	4	ὅτι	G3754	hoti	because	because
5:12	5	πολὺς	G4183	polys	great [is]	great [is]
5:12	6	ὁ	G3588	ho	-	-
5:12	7	ὑμῶν	G4771	hymōn	your	your
5:12	8	μισθὸς	G3408	misthos	reward	reward
5:12	9	ἐν	G1722	en	in	in
5:12	10	τοῖς	G3588	tois	-	-
5:12	11	οὐρανοῖς	G3772	ouranois	heaven	heaven
5:12	12	γὰρ	G1063	gar	for	for
5:12	13	οὕτως	G3779	houtōs	in the same way	in the same way
5:12	14	ἐδίωξαν	G1377	ediōxan	they persecuted	they persecuted
5:12	15	τοὺς	G3588	tous	the	the
5:12	16	προφήτας	G4396	prophētas	prophets	prophets
5:12	17	τοὺς	G3588	tous	-	-
5:12	18	πρὸ	G4253	pro	before	before
5:12	19	ὑμῶν	G4771	hymōn	you	you
5:13	1	Ὑμεῖς	G4771	Hymeis	You	You
5:13	2	ἐστε	G1510	este	are	are
5:13	3	τὸ	G3588	to	the	the
5:13	4	ἅλας	G217	halas	salt	salt
5:13	5	τῆς	G3588	tēs	of the	of the
5:13	6	γῆς	G1093	gēs	earth	earth
5:13	7	δὲ	G1161	de	But	But
5:13	8	ἐὰν	G1437	ean	if	if
5:13	9	τὸ	G3588	to	the	the
5:13	10	ἅλας	G217	halas	salt	salt
5:13	11	μωρανθῇ	G3471	mōranthē	loses its savor	loses its savor
5:13	12	ἐν	G1722	en	how	how
5:13	13	τίνι	G5101	tini	. . .	. . .
5:13	14	ἁλισθήσεται	G233	halisthēsetai	can it be made salty again	can it be made salty again
5:13	15	ἰσχύει	G2480	ischyei	It is no longer good	It is no longer good
5:13	16	ἔτι	G2089	eti	. . .	. . .
5:13	17	εἰς	G1519	eis	for	for
5:13	18	οὐδὲν	G3762	ouden	[anything]	[anything]
5:13	19	εἰ	G1487	ei	except	except
5:13	20	μὴ	G3361	mē	. . .	. . .
5:13	21	βληθὲν	G906	blēthen	to be thrown	to be thrown
5:13	22	ἔξω	G1854	exō	out	out
5:13	23	καταπατεῖσθαι	G2662	katapateisthai	[and] trampled	[and] trampled
5:13	24	ὑπὸ	G5259	hypo	by	by
5:13	25	τῶν	G3588	tōn	-	-
5:13	26	ἀνθρώπων	G444	anthrōpōn	men	men
5:14	1	Ὑμεῖς	G4771	Hymeis	You	You
5:14	2	ἐστε	G1510	este	are	are
5:14	3	τὸ	G3588	to	the	the
5:14	4	φῶς	G5457	phōs	light	light
5:14	5	τοῦ	G3588	tou	of the	of the
5:14	6	κόσμου	G2889	kosmou	world	world
5:14	7	πόλις	G4172	polis	A city	A city
5:14	8	κειμένη	G2749	keimenē	-	-
5:14	9	ἐπάνω	G1883	epanō	on	on
5:14	10	ὄρους	G3735	orous	a hill	a hill
5:14	11	δύναται	G1410	dynatai	cannot	cannot
5:14	12	οὐ	G3756	ou	. . .	. . .
5:14	13	κρυβῆναι	G2928	krybēnai	be hidden	be hidden
5:15	1	οὐδὲ	G3761	oude	Neither	Neither
5:15	2	καίουσιν	G2545	kaiousin	do [people] light	do [people] light
5:15	3	λύχνον	G3088	lychnon	a lamp	a lamp
5:15	4	καὶ	G2532	kai	and	and
5:15	5	τιθέασιν	G5087	titheasin	put	put
5:15	6	αὐτὸν	G846	auton	it	it
5:15	7	ὑπὸ	G5259	hypo	under	under
5:15	8	τὸν	G3588	ton	-	-
5:15	9	μόδιον	G3426	modion	a basket	a basket
5:15	10	ἀλλ’	G235	all’	Instead	Instead
5:15	11	ἐπὶ	G1909	epi	[they set it] on	[they set it] on
5:15	12	τὴν	G3588	tēn	-	-
5:15	13	λυχνίαν	G3087	lychnian	a stand	a stand
5:15	14	καὶ	G2532	kai	and	and
5:15	15	λάμπει	G2989	lampei	it gives light	it gives light
5:15	16	πᾶσιν	G3956	pasin	to everyone	to everyone
5:15	17	τοῖς	G3588	tois	-	-
5:15	18	ἐν	G1722	en	in	in
5:15	19	τῇ	G3588	tē	the	the
5:15	20	οἰκίᾳ	G3614	oikia	house	house
5:16	1	οὕτως	G3779	houtōs	In the same way	In the same way
5:16	2	τὸ	G3588	to	{let}	{let}
5:16	3	ὑμῶν	G4771	hymōn	your	your
5:16	4	φῶς	G5457	phōs	light	light
5:16	5	λαμψάτω	G2989	lampsatō	shine	shine
5:16	6	ἔμπροσθεν	G1715	emprosthen	before	before
5:16	7	τῶν	G3588	tōn	-	-
5:16	8	ἀνθρώπων	G444	anthrōpōn	men	men
5:16	9	ὅπως	G3704	hopōs	that	that
5:16	10	ἴδωσιν	G3708	idōsin	they may see	they may see
5:16	11	ὑμῶν	G4771	hymōn	your	your
5:16	12	τὰ	G3588	ta	-	-
5:16	13	καλὰ	G2570	kala	good	good
5:16	14	ἔργα	G2041	erga	deeds	deeds
5:16	15	καὶ	G2532	kai	and	and
5:16	16	δοξάσωσιν	G1392	doxasōsin	glorify	glorify
5:16	17	τὸν	G3588	ton	-	-
5:16	18	ὑμῶν	G4771	hymōn	your	your
5:16	19	πατέρα	G3962	patera	Father	Father
5:16	20	τὸν	G3588	ton	-	-
5:16	21	ἐν	G1722	en	in	in
5:16	22	τοῖς	G3588	tois	-	-
5:16	23	οὐρανοῖς	G3772	ouranois	heaven	heaven
5:17	1	Μὴ	G3361	Mē	{Do} not	{Do} not
5:17	2	νομίσητε	G3543	nomisēte	think	think
5:17	3	ὅτι	G3754	hoti	that	that
5:17	4	ἦλθον	G2064	ēlthon	I have come	I have come
5:17	5	καταλῦσαι	G2647	katalysai	to abolish	to abolish
5:17	6	τὸν	G3588	ton	the	the
5:17	7	νόμον	G3551	nomon	Law	Law
5:17	8	ἢ	G2228	ē	or	or
5:17	9	τοὺς	G3588	tous	the	the
5:17	10	προφήτας	G4396	prophētas	Prophets	Prophets
5:17	11	ἦλθον	G2064	ēlthon	I have not come	I have not come
5:17	12	οὐκ	G3756	ouk	. . .	. . .
5:17	13	καταλῦσαι	G2647	katalysai	to abolish [them]	to abolish [them]
5:17	14	ἀλλὰ	G235	alla	but	but
5:17	15	πληρῶσαι	G4137	plērōsai	to fulfill [them]	to fulfill [them]
5:18	1	γὰρ	G1063	gar	For	For
5:18	2	λέγω	G3004	legō	I tell	I tell
5:18	3	ὑμῖν	G4771	hymin	you	you
5:18	4	ἀμὴν	G281	amēn	truly	truly
5:18	5	ἕως	G2193	heōs	until	until
5:18	6	ἂν	G302	an	. . .	. . .
5:18	7	ὁ	G3588	ho	-	-
5:18	8	οὐρανὸς	G3772	ouranos	heaven	heaven
5:18	9	καὶ	G2532	kai	and	and
5:18	10	ἡ	G3588	hē	-	-
5:18	11	γῆ	G1093	gē	earth	earth
5:18	12	παρέλθῃ	G3928	parelthē	pass away	pass away
5:18	13	οὐ	G3756	ou	not	not
5:18	14	μὴ	G3361	mē	. . .	. . .
5:18	15	ἓν	G1520	hen	a single	a single
5:18	16	ἰῶτα	G2503	iōta	jot	jot
5:18	17	ἢ	G2228	ē	not	not
5:18	18	μία	G1520	mia	a	a
5:18	19	κεραία	G2762	keraia	stroke of a pen	stroke of a pen
5:18	20	παρέλθῃ	G3928	parelthē	will disappear	will disappear
5:18	21	ἀπὸ	G575	apo	from	from
5:18	22	τοῦ	G3588	tou	the	the
5:18	23	νόμου	G3551	nomou	Law	Law
5:18	24	ἕως	G2193	heōs	until	until
5:18	25	ἂν	G302	an	. . .	. . .
5:18	26	πάντα	G3956	panta	everything	everything
5:18	27	γένηται	G1096	genētai	is accomplished	is accomplished
5:19	1	ἐὰν	G1437	ean	vvv	vvv
5:19	2	οὖν	G3767	oun	So then	So then
5:19	3	Ὃς	G3739	Hos	whoever	whoever
5:19	4	λύσῃ	G3089	lysē	breaks	breaks
5:19	5	μίαν	G1520	mian	one	one
5:19	6	τῶν	G3588	tōn	of the	of the
5:19	7	τῶν	G3588	tōn	-	-
5:19	8	ἐλαχίστων	G1646	elachistōn	least	least
5:19	9	τούτων	G3778	toutōn	of these	of these
5:19	10	ἐντολῶν	G1785	entolōn	commandments	commandments
5:19	11	καὶ	G2532	kai	and	and
5:19	12	διδάξῃ	G1321	didaxē	teaches	teaches
5:19	13	τοὺς	G3588	tous	-	-
5:19	14	ἀνθρώπους	G444	anthrōpous	others	others
5:19	15	οὕτως	G3779	houtōs	to do likewise	to do likewise
5:19	16	κληθήσεται	G2564	klēthēsetai	will be called	will be called
5:19	17	ἐλάχιστος	G1646	elachistos	least	least
5:19	18	ἐν	G1722	en	in	in
5:19	19	τῇ	G3588	tē	the	the
5:19	20	βασιλείᾳ	G932	basileia	kingdom	kingdom
5:19	21	τῶν	G3588	tōn	of	of
5:19	22	οὐρανῶν	G3772	ouranōn	heaven	heaven
5:19	23	δ’	G1161	d’	but	but
5:19	24	ὃς	G3739	hos	whoever	whoever
5:19	25	ἂν	G302	an	. . .	. . .
5:19	26	ποιήσῃ	G4160	poiēsē	practices	practices
5:19	27	καὶ	G2532	kai	and	and
5:19	28	διδάξῃ	G1321	didaxē	teaches [them]	teaches [them]
5:19	29	οὗτος	G3778	houtos	-	-
5:19	30	κληθήσεται	G2564	klēthēsetai	will be called	will be called
5:19	31	μέγας	G3173	megas	great	great
5:19	32	ἐν	G1722	en	in	in
5:19	33	τῇ	G3588	tē	the	the
5:19	34	βασιλείᾳ	G932	basileia	kingdom	kingdom
5:19	35	τῶν	G3588	tōn	of	of
5:19	36	οὐρανῶν	G3772	ouranōn	heaven	heaven
5:20	1	γὰρ	G1063	gar	For	For
5:20	2	λέγω	G3004	legō	I tell	I tell
5:20	3	ὑμῖν	G4771	hymin	you	you
5:20	4	ὅτι	G3754	hoti	that	that
5:20	5	ἐὰν	G1437	ean	unless	unless
5:20	6	μὴ	G3361	mē	. . .	. . .
5:20	7	ὑμῶν	G4771	hymōn	your	your
5:20	8	ἡ	G3588	hē	-	-
5:20	9	δικαιοσύνη	G1343	dikaiosynē	righteousness	righteousness
5:20	10	περισσεύσῃ	G4052	perisseusē	exceeds	exceeds
5:20	11	πλεῖον	G4119	pleion	. . .	. . .
5:20	12	τῶν	G3588	tōn	[that] of the	[that] of the
5:20	13	γραμματέων	G1122	grammateōn	scribes	scribes
5:20	14	καὶ	G2532	kai	and	and
5:20	15	Φαρισαίων	G5330	Pharisaiōn	Pharisees	Pharisees
5:20	16	εἰσέλθητε	G1525	eiselthēte	you will never enter	you will never enter
5:20	17	οὐ	G3756	ou	. . .	. . .
5:20	18	μὴ	G3361	mē	. . .	. . .
5:20	19	εἰς	G1519	eis	. . .	. . .
5:20	20	τὴν	G3588	tēn	the	the
5:20	21	βασιλείαν	G932	basileian	kingdom	kingdom
5:20	22	τῶν	G3588	tōn	of	of
5:20	23	οὐρανῶν	G3772	ouranōn	heaven	heaven
5:21	1	Ἠκούσατε	G191	Ēkousate	You have heard	You have heard
5:21	2	ὅτι	G3754	hoti	that	that
5:21	3	ἐρρέθη	G2046	errethē	it was said	it was said
5:21	4	τοῖς	G3588	tois	to the	to the
5:21	5	ἀρχαίοις	G744	archaiois	ancients	ancients
5:21	6	φονεύσεις	G5407	phoneuseis	Do not murder	Do not murder
5:21	7	Οὐ	G3756	Ou	. . .	. . .
5:21	8	δ’	G1161	d’	and	and
5:21	9	ὃς	G3739	hos	Anyone who	Anyone who
5:21	10	ἂν	G302	an	. . .	. . .
5:21	11	φονεύσῃ	G5407	phoneusē	murders	murders
5:21	12	ἔσται	G1510	estai	will be	will be
5:21	13	ἔνοχος	G1777	enochos	subject	subject
5:21	14	τῇ	G3588	tē	to	to
5:21	15	κρίσει	G2920	krisei	judgment	judgment
5:22	1	δὲ	G1161	de	But	But
5:22	2	ἐγὼ	G1473	egō	I	I
5:22	3	λέγω	G3004	legō	tell	tell
5:22	4	ὑμῖν	G4771	hymin	you	you
5:22	5	ὅτι	G3754	hoti	that	that
5:22	6	πᾶς	G3956	pas	anyone	anyone
5:22	7	ὁ	G3588	ho	who	who
5:22	8	ὀργιζόμενος	G3710	orgizomenos	is angry with	is angry with
5:22	9	τῷ	G3588	tō	-	-
5:22	10	αὐτοῦ	G846	autou	his	his
5:22	11	ἀδελφῷ	G80	adelphō	brother	brother
5:22	12	ἔσται	G1510	estai	will be	will be
5:22	13	ἔνοχος	G1777	enochos	subject	subject
5:22	14	τῇ	G3588	tē	to	to
5:22	15	κρίσει	G2920	krisei	judgment	judgment
5:22	16	δ’	G1161	d’	Again	Again
5:22	17	ὃς	G3739	hos	anyone who	anyone who
5:22	18	ἂν	G302	an	. . .	. . .
5:22	19	εἴπῃ	G2036	eipē	says	says
5:22	20	τῷ	G3588	tō	to	to
5:22	21	αὐτοῦ	G846	autou	his	his
5:22	22	ἀδελφῷ	G80	adelphō	brother	brother
5:22	23	Ῥακά	G4469	Rhaka	Raca	Raca
5:22	24	ἔσται	G1510	estai	will be	will be
5:22	25	ἔνοχος	G1777	enochos	subject	subject
5:22	26	τῷ	G3588	tō	to the	to the
5:22	27	συνεδρίῳ	G4892	synedriō	Sanhedrin	Sanhedrin
5:22	28	δ’	G1161	d’	But	But
5:22	29	ὃς	G3739	hos	anyone who	anyone who
5:22	30	ἂν	G302	an	. . .	. . .
5:22	31	εἴπῃ	G2036	eipē	says	says
5:22	32	Μωρέ	G3474	Mōre	You fool	You fool
5:22	33	ἔσται	G1510	estai	will be	will be
5:22	34	ἔνοχος	G1777	enochos	subject	subject
5:22	35	εἰς	G1519	eis	to	to
5:22	36	τὴν	G3588	tēn	the	the
5:22	37	τοῦ	G3588	tou	-	-
5:22	38	πυρός	G4442	pyros	fire	fire
5:22	39	γέενναν	G1067	geennan	of hell	of hell
5:23	1	οὖν	G3767	oun	So	So
5:23	2	Ἐὰν	G1437	Ean	if	if
5:23	3	προσφέρῃς	G4374	prospherēs	you are offering	you are offering
5:23	4	τὸ	G3588	to	-	-
5:23	5	σου	G4771	sou	your	your
5:23	6	δῶρόν	G1435	dōron	gift	gift
5:23	7	ἐπὶ	G1909	epi	at	at
5:23	8	τὸ	G3588	to	the	the
5:23	9	θυσιαστήριον	G2379	thysiastērion	altar	altar
5:23	10	κἀκεῖ	G2546	kakei	and there	and there
5:23	11	μνησθῇς	G3403	mnēsthēs	remember	remember
5:23	12	ὅτι	G3754	hoti	that	that
5:23	13	ὁ	G3588	ho	-	-
5:23	14	σου	G4771	sou	your	your
5:23	15	ἀδελφός	G80	adelphos	brother	brother
5:23	16	ἔχει	G2192	echei	has	has
5:23	17	τι	G5100	ti	something	something
5:23	18	κατὰ	G2596	kata	against	against
5:23	19	σοῦ	G4771	sou	you	you
5:24	1	ἄφες	G863	aphes	leave	leave
5:24	2	τὸ	G3588	to	-	-
5:24	3	σου	G4771	sou	your	your
5:24	4	δῶρόν	G1435	dōron	gift	gift
5:24	5	ἐκεῖ	G1563	ekei	there	there
5:24	6	ἔμπροσθεν	G1715	emprosthen	before	before
5:24	7	τοῦ	G3588	tou	the	the
5:24	8	θυσιαστηρίου	G2379	thysiastēriou	altar	altar
5:24	9	καὶ	G2532	kai	-	-
5:24	10	πρῶτον	G4412	prōton	First	First
5:24	11	ὕπαγε	G5217	hypage	go [and]	go [and]
5:24	12	διαλλάγηθι	G1259	diallagēthi	be reconciled	be reconciled
5:24	13	τῷ	G3588	tō	to	to
5:24	14	σου	G4771	sou	your	your
5:24	15	ἀδελφῷ	G80	adelphō	brother	brother
5:24	16	καὶ	G2532	kai	-	-
5:24	17	τότε	G5119	tote	then	then
5:24	18	ἐλθὼν	G2064	elthōn	come [and]	come [and]
5:24	19	πρόσφερε	G4374	prosphere	offer	offer
5:24	20	τὸ	G3588	to	-	-
5:24	21	σου	G4771	sou	your	your
5:24	22	δῶρόν	G1435	dōron	gift	gift
5:25	1	ἴσθι	G1510	Isthi	vvv	vvv
5:25	2	εὐνοῶν	G2132	eunoōn	Reconcile	Reconcile
5:25	3	ταχὺ	G5035	tachy	quickly	quickly
5:25	4	μετ’	G3326	met’	-	-
5:25	5	αὐτοῦ	G846	autou	-	-
5:25	6	τῷ	G3588	tō	with	with
5:25	7	σου	G4771	sou	your	your
5:25	8	ἀντιδίκῳ	G476	antidikō	adversary	adversary
5:25	9	ἕως	G2193	heōs	while	while
5:25	10	ὅτου	G3755	hotou	. . .	. . .
5:25	11	εἶ	G1510	ei	you are still	you are still
5:25	12	ἐν	G1722	en	on	on
5:25	13	τῇ	G3588	tē	the	the
5:25	14	ὁδῷ	G3598	hodō	way [to court]	way [to court]
5:25	15	μή‿	G3361	mē	Otherwise	Otherwise
5:25	16	ποτέ	G4219	pote	. . .	. . .
5:25	17	ὁ	G3588	ho	-	-
5:25	18	ἀντίδικος	G476	antidikos	[he]	[he]
5:25	19	παραδῷ	G3860	paradō	may hand you over	may hand you over
5:25	20	σε	G4771	se	. . .	. . .
5:25	21	τῷ	G3588	tō	to the	to the
5:25	22	κριτῇ	G2923	kritē	judge	judge
5:25	23	καὶ	G2532	kai	and	and
5:25	24	ὁ	G3588	ho	the	the
5:25	25	κριτὴς	G2923	kritēs	judge [may hand you over]	judge [may hand you over]
5:25	26	τῷ	G3588	tō	to the	to the
5:25	27	ὑπηρέτῃ	G5257	hypēretē	officer	officer
5:25	28	καὶ	G2532	kai	and	and
5:25	29	βληθήσῃ	G906	blēthēsē	you may be thrown	you may be thrown
5:25	30	εἰς	G1519	eis	into	into
5:25	31	φυλακὴν	G5438	phylakēn	prison	prison
5:26	1	ἀμὴν	G281	amēn	Truly	Truly
5:26	2	λέγω	G3004	legō	I tell	I tell
5:26	3	σοι	G4771	soi	you	you
5:26	4	οὐ	G3756	ou	vvv	vvv
5:26	5	μὴ	G3361	mē	vvv	vvv
5:26	6	ἐξέλθῃς	G1831	exelthēs	you will not get out	you will not get out
5:26	7	ἐκεῖθεν	G1564	ekeithen	-	-
5:26	8	ἕως	G2193	heōs	until	until
5:26	9	ἂν	G302	an	. . .	. . .
5:26	10	ἀποδῷς	G591	apodōs	you have paid	you have paid
5:26	11	τὸν	G3588	ton	the	the
5:26	12	ἔσχατον	G2078	eschaton	last	last
5:26	13	κοδράντην	G2835	kodrantēn	penny	penny
5:27	1	Ἠκούσατε	G191	Ēkousate	You have heard	You have heard
5:27	2	ὅτι	G3754	hoti	that	that
5:27	3	ἐρρέθη	G2046	errethē	it was said	it was said
5:27	4	μοιχεύσεις	G3431	moicheuseis	Do not commit adultery	Do not commit adultery
5:27	5	Οὐ	G3756	Ou	. . .	. . .
5:28	1	δὲ	G1161	de	But	But
5:28	2	ἐγὼ	G1473	egō	I	I
5:28	3	λέγω	G3004	legō	tell	tell
5:28	4	ὑμῖν	G4771	hymin	you	you
5:28	5	ὅτι	G3754	hoti	that	that
5:28	6	πᾶς	G3956	pas	anyone	anyone
5:28	7	ὁ	G3588	ho	-	-
5:28	8	βλέπων	G991	blepōn	who looks at	who looks at
5:28	9	γυναῖκα	G1135	gynaika	a woman	a woman
5:28	10	πρὸς	G4314	pros	to	to
5:28	11	τὸ	G3588	to	-	-
5:28	12	ἐπιθυμῆσαι	G1937	epithymēsai	lust after	lust after
5:28	13	αὐτὴν	G846	autēn	her	her
5:28	14	ἤδη	G2235	ēdē	{has} already	{has} already
5:28	15	ἐμοίχευσεν	G3431	emoicheusen	committed adultery with	committed adultery with
5:28	16	αὐτὴν	G846	autēn	her	her
5:28	17	ἐν	G1722	en	in	in
5:28	18	τῇ	G3588	tē	-	-
5:28	19	αὐτοῦ	G846	autou	his	his
5:28	20	καρδίᾳ	G2588	kardia	heart	heart
5:29	1	δὲ	G1161	de	-	-
5:29	2	εἰ	G1487	ei	If	If
5:29	3	ὁ	G3588	ho	-	-
5:29	4	σου	G4771	sou	your	your
5:29	5	ὁ	G3588	ho	-	-
5:29	6	δεξιὸς	G1188	dexios	right	right
5:29	7	ὀφθαλμός	G3788	ophthalmos	eye	eye
5:29	8	σκανδαλίζει	G4624	skandalizei	causes you to sin	causes you to sin
5:29	9	σε	G4771	se	. . .	. . .
5:29	10	ἔξελε	G1807	exele	gouge it out	gouge it out
5:29	11	αὐτὸν	G846	auton	. . .	. . .
5:29	12	καὶ	G2532	kai	and	and
5:29	13	βάλε	G906	bale	throw [it]	throw [it]
5:29	14	ἀπὸ	G575	apo	away	away
5:29	15	σοῦ	G4771	sou	. . .	. . .
5:29	16	γάρ	G1063	gar	-	-
5:29	17	συμφέρει	G4851	sympherei	It is better	It is better
5:29	18	σοι	G4771	soi	for you	for you
5:29	19	ἵνα	G2443	hina	to	to
5:29	20	ἀπόληται	G622	apolētai	lose	lose
5:29	21	ἓν	G1520	hen	one	one
5:29	22	τῶν	G3588	tōn	vvv	vvv
5:29	23	σου	G4771	sou	vvv	vvv
5:29	24	μελῶν	G3196	melōn	part of your body	part of your body
5:29	25	καὶ	G2532	kai	[than for]	[than for]
5:29	26	μὴ	G3361	mē	. . .	. . .
5:29	27	σου	G4771	sou	your	your
5:29	28	ὅλον	G3650	holon	whole	whole
5:29	29	τὸ	G3588	to	-	-
5:29	30	σῶμά	G4983	sōma	body	body
5:29	31	βληθῇ	G906	blēthē	to be thrown	to be thrown
5:29	32	εἰς	G1519	eis	into	into
5:29	33	γέενναν	G1067	geennan	hell	hell
5:30	1	καὶ	G2532	kai	And	And
5:30	2	εἰ	G1487	ei	if	if
5:30	3	ἡ	G3588	hē	-	-
5:30	4	σου	G4771	sou	your	your
5:30	5	δεξιά	G1188	dexia	right	right
5:30	6	χεὶρ	G5495	cheir	hand	hand
5:30	7	σκανδαλίζει	G4624	skandalizei	causes you to sin	causes you to sin
5:30	8	σε	G4771	se	. . .	. . .
5:30	9	ἔκκοψον	G1581	ekkopson	cut it off	cut it off
5:30	10	αὐτὴν	G846	autēn	. . .	. . .
5:30	11	καὶ	G2532	kai	and	and
5:30	12	βάλε	G906	bale	throw [it]	throw [it]
5:30	13	ἀπὸ	G575	apo	away	away
5:30	14	σοῦ	G4771	sou	. . .	. . .
5:30	15	γάρ	G1063	gar	-	-
5:30	16	συμφέρει	G4851	sympherei	It is better	It is better
5:30	17	σοι	G4771	soi	for you	for you
5:30	18	ἵνα	G2443	hina	to	to
5:30	19	ἀπόληται	G622	apolētai	lose	lose
5:30	20	ἓν	G1520	hen	one	one
5:30	21	τῶν	G3588	tōn	vvv	vvv
5:30	22	σου	G4771	sou	vvv	vvv
5:30	23	μελῶν	G3196	melōn	part of your body	part of your body
5:30	24	καὶ	G2532	kai	[than for]	[than for]
5:30	25	μὴ	G3361	mē	. . .	. . .
5:30	26	σου	G4771	sou	your	your
5:30	27	ὅλον	G3650	holon	whole	whole
5:30	28	τὸ	G3588	to	-	-
5:30	29	σῶμά	G4983	sōma	body	body
5:30	30	ἀπέλθῃ	G565	apelthē	to depart	to depart
5:30	31	εἰς	G1519	eis	into	into
5:30	32	γέενναν	G1067	geennan	hell	hell
5:31	1	Ἐρρέθη	G2046	Errethē	It has also been said	It has also been said
5:31	2	δέ	G1161	de	. . .	. . .
5:31	3	Ὃς	G3739	Hos	Whoever	Whoever
5:31	4	ἂν	G302	an	. . .	. . .
5:31	5	ἀπολύσῃ	G630	apolysē	divorces	divorces
5:31	6	τὴν	G3588	tēn	-	-
5:31	7	αὐτοῦ	G846	autou	his	his
5:31	8	γυναῖκα	G1135	gynaika	wife	wife
5:31	9	δότω	G1325	dotō	must give	must give
5:31	10	αὐτῇ	G846	autē	her	her
5:31	11	ἀποστάσιον	G647	apostasion	a certificate of divorce	a certificate of divorce
5:32	1	δὲ	G1161	de	But	But
5:32	2	ἐγὼ	G1473	egō	I	I
5:32	3	λέγω	G3004	legō	tell	tell
5:32	4	ὑμῖν	G4771	hymin	you	you
5:32	5	ὅτι	G3754	hoti	that	that
5:32	6	πᾶς	G3956	pas	anyone	anyone
5:32	7	ὁ	G3588	ho	-	-
5:32	8	ἀπολύων	G630	apolyōn	who divorces	who divorces
5:32	9	τὴν	G3588	tēn	-	-
5:32	10	αὐτοῦ	G846	autou	his	his
5:32	11	γυναῖκα	G1135	gynaika	wife	wife
5:32	12	παρεκτὸς	G3924	parektos	except	except
5:32	13	λόγου	G3056	logou	for	for
5:32	14	πορνείας	G4202	porneias	sexual immorality	sexual immorality
5:32	15	ποιεῖ	G4160	poiei	brings	brings
5:32	16	μοιχευθῆναι	G3431	moicheuthēnai	adultery	adultery
5:32	17	αὐτὴν	G846	autēn	upon her	upon her
5:32	18	καὶ	G2532	kai	And	And
5:32	19	ὃς	G3739	hos	he who	he who
5:32	20	ἐὰν	G1437	ean	. . .	. . .
5:32	21	γαμήσῃ	G1060	gamēsē	marries	marries
5:32	22	ἀπολελυμένην	G630	apolelymenēn	a divorced woman	a divorced woman
5:32	23	μοιχᾶται	G3429	moichatai	commits adultery	commits adultery
5:33	1	Πάλιν	G3825	Palin	Again	Again
5:33	2	ἠκούσατε	G191	ēkousate	you have heard	you have heard
5:33	3	ὅτι	G3754	hoti	that	that
5:33	4	ἐρρέθη	G2046	errethē	it was said	it was said
5:33	5	τοῖς	G3588	tois	to the	to the
5:33	6	ἀρχαίοις	G744	archaiois	ancients	ancients
5:33	7	ἐπιορκήσεις	G1964	epiorkēseis	Do not break your oath	Do not break your oath
5:33	8	Οὐκ	G3756	Ouk	. . .	. . .
5:33	9	δὲ	G1161	de	but	but
5:33	10	ἀποδώσεις	G591	apodōseis	fulfill	fulfill
5:33	11	τοὺς	G3588	tous	-	-
5:33	12	σου	G4771	sou	your	your
5:33	13	ὅρκους	G3727	horkous	vows	vows
5:33	14	τῷ	G3588	tō	to the	to the
5:33	15	Κυρίῳ	G2962	Kyriō	Lord	Lord
5:34	1	δὲ	G1161	de	But	But
5:34	2	ἐγὼ	G1473	egō	I	I
5:34	3	λέγω	G3004	legō	tell	tell
5:34	4	ὑμῖν	G4771	hymin	you	you
5:34	5	μὴ	G3361	mē	not	not
5:34	6	ὀμόσαι	G3660	omosai	to swear	to swear
5:34	7	ὅλως	G3654	holōs	at all	at all
5:34	8	μήτε	G3383	mēte	[either]	[either]
5:34	9	ἐν	G1722	en	by	by
5:34	10	τῷ	G3588	tō	-	-
5:34	11	οὐρανῷ	G3772	ouranō	heaven	heaven
5:34	12	ὅτι	G3754	hoti	for	for
5:34	13	ἐστὶν	G1510	estin	it is	it is
5:34	14	τοῦ	G3588	tou	-	-
5:34	15	Θεοῦ	G2316	Theou	God’s	God’s
5:34	16	θρόνος	G2362	thronos	throne	throne
5:35	1	μήτε	G3383	mēte	[or]	[or]
5:35	2	ἐν	G1722	en	by	by
5:35	3	τῇ	G3588	tē	the	the
5:35	4	γῇ	G1093	gē	earth	earth
5:35	5	ὅτι	G3754	hoti	for	for
5:35	6	ἐστιν	G1510	estin	it is	it is
5:35	7	ὑποπόδιόν	G5286	hypopodion	His footstool	His footstool
5:35	8	τῶν	G3588	tōn	. . .	. . .
5:35	9	αὐτοῦ	G846	autou	. . .	. . .
5:35	10	ποδῶν	G4228	podōn	. . .	. . .
5:35	11	μήτε	G3383	mēte	[or]	[or]
5:35	12	εἰς	G1519	eis	by	by
5:35	13	Ἱεροσόλυμα	G2414	Hierosolyma	Jerusalem	Jerusalem
5:35	14	ὅτι	G3754	hoti	for	for
5:35	15	ἐστὶν	G1510	estin	it is	it is
5:35	16	πόλις	G4172	polis	[the] city	[the] city
5:35	17	τοῦ	G3588	tou	of the	of the
5:35	18	μεγάλου	G3173	megalou	great	great
5:35	19	Βασιλέως	G935	Basileōs	King	King
5:36	1	μήτε	G3383	mēte	Nor	Nor
5:36	2	ὀμόσῃς	G3660	omosēs	should you swear	should you swear
5:36	3	ἐν	G1722	en	by	by
5:36	4	τῇ	G3588	tē	-	-
5:36	5	σου	G4771	sou	your	your
5:36	6	κεφαλῇ	G2776	kephalē	head	head
5:36	7	ὅτι	G3754	hoti	for	for
5:36	8	δύνασαι	G1410	dynasai	you cannot	you cannot
5:36	9	οὐ	G3756	ou	. . .	. . .
5:36	10	ποιῆσαι	G4160	poiēsai	make	make
5:36	11	μίαν	G1520	mian	a single	a single
5:36	12	τρίχα	G2359	tricha	hair	hair
5:36	13	λευκὴν	G3022	leukēn	white	white
5:36	14	ἢ	G2228	ē	or	or
5:36	15	μέλαιναν	G3189	melainan	black	black
5:37	1	δὲ	G1161	de	Simply	Simply
5:37	2	ἔστω	G1510	estō	let	let
5:37	3	ὁ	G3588	ho	-	-
5:37	4	ὑμῶν	G4771	hymōn	your	your
5:37	5	λόγος	G3056	logos	-	-
5:37	6	Ναὶ	G3483	Nai	Yes	Yes
5:37	7	ναί	G3483	nai	[be] ‘Yes	[be] ‘Yes
5:37	8	οὒ	G3756	ou	[and your] ‘No	[and your] ‘No
5:37	9	Οὔ	G3756	Ou	No	No
5:37	10	τὸ	G3588	to	Anything	Anything
5:37	11	δὲ	G1161	de	. . .	. . .
5:37	12	περισσὸν	G4053	perisson	more	more
5:37	13	τούτων	G3778	toutōn	. . .	. . .
5:37	14	ἐστιν	G1510	estin	comes	comes
5:37	15	ἐκ	G1537	ek	from	from
5:37	16	τοῦ	G3588	tou	the	the
5:37	17	πονηροῦ	G4190	ponērou	evil [one]	evil [one]
5:38	1	Ἠκούσατε	G191	Ēkousate	You have heard	You have heard
5:38	2	ὅτι	G3754	hoti	that	that
5:38	3	ἐρρέθη	G2046	errethē	it was said	it was said
5:38	4	Ὀφθαλμὸν	G3788	Ophthalmon	Eye	Eye
5:38	5	ἀντὶ	G473	anti	for	for
5:38	6	ὀφθαλμοῦ	G3788	ophthalmou	eye	eye
5:38	7	καὶ	G2532	kai	and	and
5:38	8	ὀδόντα	G3599	odonta	tooth	tooth
5:38	9	ἀντὶ	G473	anti	for	for
5:38	10	ὀδόντος	G3599	odontos	tooth	tooth
5:39	1	δὲ	G1161	de	But	But
5:39	2	ἐγὼ	G1473	egō	I	I
5:39	3	λέγω	G3004	legō	tell	tell
5:39	4	ὑμῖν	G4771	hymin	you	you
5:39	5	μὴ	G3361	mē	not	not
5:39	6	ἀντιστῆναι	G436	antistēnai	to resist	to resist
5:39	7	τῷ	G3588	tō	an	an
5:39	8	πονηρῷ	G4190	ponērō	evil [person]	evil [person]
5:39	9	ἀλλ’	G235	all’	-	-
5:39	10	ὅστις	G3748	hostis	[If] someone	[If] someone
5:39	11	ῥαπίζει	G4474	rhapizei	slaps	slaps
5:39	12	σε	G4771	se	you	you
5:39	13	εἰς	G1519	eis	on	on
5:39	14	τὴν	G3588	tēn	-	-
5:39	15	σου	G4771	sou	your	your
5:39	16	δεξιὰν	G1188	dexian	right	right
5:39	17	σιαγόνα	G4600	siagona	cheek	cheek
5:39	18	στρέψον	G4762	strepson	turn	turn
5:39	19	αὐτῷ	G846	autō	to him	to him
5:39	20	τὴν	G3588	tēn	the	the
5:39	21	ἄλλην	G243	allēn	other	other
5:39	22	καὶ	G2532	kai	also	also
5:40	1	καὶ	G2532	kai	-	-
5:40	2	τῷ	G3588	tō	if someone	if someone
5:40	3	θέλοντί	G2309	thelonti	wants	wants
5:40	4	κριθῆναι	G2919	krithēnai	to sue	to sue
5:40	5	σοι	G4771	soi	you	you
5:40	6	καὶ	G2532	kai	and	and
5:40	7	λαβεῖν	G2983	labein	take	take
5:40	8	τὸν	G3588	ton	-	-
5:40	9	σου	G4771	sou	your	your
5:40	10	χιτῶνά	G5509	chitōna	tunic	tunic
5:40	11	ἄφες	G863	aphes	let him have	let him have
5:40	12	αὐτῷ	G846	autō	. . .	. . .
5:40	13	τὸ	G3588	to	[your]	[your]
5:40	14	ἱμάτιον	G2440	himation	cloak	cloak
5:40	15	καὶ	G2532	kai	as well	as well
5:41	1	καὶ	G2532	kai	and	and
5:41	2	ὅστις	G3748	hostis	if someone	if someone
5:41	3	ἀγγαρεύσει	G29	angareusei	forces you to go	forces you to go
5:41	4	σε	G4771	se	. . .	. . .
5:41	5	ἕν	G1520	hen	one	one
5:41	6	μίλιον	G3400	milion	mile	mile
5:41	7	ὕπαγε	G5217	hypage	go	go
5:41	8	μετ’	G3326	met’	with	with
5:41	9	αὐτοῦ	G846	autou	him	him
5:41	10	δύο	G1417	dyo	two [miles]	two [miles]
5:42	1	δός	G1325	dos	Give	Give
5:42	2	τῷ	G3588	tō	to the [one]	to the [one]
5:42	3	αἰτοῦντί	G154	aitounti	who asks	who asks
5:42	4	σε	G4771	se	you	you
5:42	5	καὶ	G2532	kai	and	and
5:42	6	ἀποστραφῇς	G654	apostraphēs	do not turn away from	do not turn away from
5:42	7	μὴ	G3361	mē	. . .	. . .
5:42	8	τὸν	G3588	ton	the [one]	the [one]
5:42	9	θέλοντα	G2309	thelonta	who wants	who wants
5:42	10	δανίσασθαι	G1155	danisasthai	to borrow	to borrow
5:42	11	ἀπὸ	G575	apo	from	from
5:42	12	σοῦ	G4771	sou	you	you
5:43	1	Ἠκούσατε	G191	Ēkousate	You have heard	You have heard
5:43	2	ὅτι	G3754	hoti	that	that
5:43	3	ἐρρέθη	G2046	errethē	it was said	it was said
5:43	4	Ἀγαπήσεις	G25	Agapēseis	Love	Love
5:43	5	τὸν	G3588	ton	-	-
5:43	6	σου	G4771	sou	your	your
5:43	7	πλησίον	G4139	plēsion	neighbor	neighbor
5:43	8	καὶ	G2532	kai	and	and
5:43	9	μισήσεις	G3404	misēseis	Hate	Hate
5:43	10	τὸν	G3588	ton	-	-
5:43	11	σου	G4771	sou	your	your
5:43	12	ἐχθρόν	G2190	echthron	enemy	enemy
5:44	1	δὲ	G1161	de	But	But
5:44	2	ἐγὼ	G1473	egō	I	I
5:44	3	λέγω	G3004	legō	tell	tell
5:44	4	ὑμῖν	G4771	hymin	you	you
5:44	5	ἀγαπᾶτε	G25	agapate	love	love
5:44	6	τοὺς	G3588	tous	-	-
5:44	7	ὑμῶν	G4771	hymōn	your	your
5:44	8	ἐχθροὺς	G2190	echthrous	enemies	enemies
5:44	9	καὶ	G2532	kai	and	and
5:44	10	προσεύχεσθε	G4336	proseuchesthe	pray	pray
5:44	11	ὑπὲρ	G5228	hyper	for	for
5:44	12	τῶν	G3588	tōn	those who	those who
5:44	13	διωκόντων	G1377	diōkontōn	persecute	persecute
5:44	14	ὑμᾶς	G4771	hymas	you	you
5:45	1	ὅπως	G3704	hopōs	that	that
5:45	2	γένησθε	G1096	genēsthe	you may be	you may be
5:45	3	υἱοὶ	G5207	huioi	sons	sons
5:45	4	τοῦ	G3588	tou	of	of
5:45	5	ὑμῶν	G4771	hymōn	your	your
5:45	6	Πατρὸς	G3962	Patros	Father	Father
5:45	7	τοῦ	G3588	tou	-	-
5:45	8	ἐν	G1722	en	in	in
5:45	9	οὐρανοῖς	G3772	ouranois	heaven	heaven
5:45	10	ὅτι	G3754	hoti	-	-
5:45	11	ἀνατέλλει	G393	anatellei	He causes	He causes
5:45	12	τὸν	G3588	ton	-	-
5:45	13	αὐτοῦ	G846	autou	His	His
5:45	14	ἥλιον	G2246	hēlion	sun {to rise}	sun {to rise}
5:45	15	ἐπὶ	G1909	epi	on	on
5:45	16	πονηροὺς	G4190	ponērous	[the] evil	[the] evil
5:45	17	καὶ	G2532	kai	and	and
5:45	18	ἀγαθοὺς	G18	agathous	[the] good	[the] good
5:45	19	καὶ	G2532	kai	and	and
5:45	20	βρέχει	G1026	brechei	sends rain	sends rain
5:45	21	ἐπὶ	G1909	epi	on	on
5:45	22	δικαίους	G1342	dikaious	[the] righteous	[the] righteous
5:45	23	καὶ	G2532	kai	and	and
5:45	24	ἀδίκους	G94	adikous	[the] unrighteous	[the] unrighteous
5:46	1	γὰρ	G1063	gar	-	-
5:46	2	ἐὰν	G1437	ean	If	If
5:46	3	ἀγαπήσητε	G25	agapēsēte	you love	you love
5:46	4	τοὺς	G3588	tous	those	those
5:46	5	ἀγαπῶντας	G25	agapōntas	who love	who love
5:46	6	ὑμᾶς	G4771	hymas	you	you
5:46	7	τίνα	G5101	tina	what	what
5:46	8	μισθὸν	G3408	misthon	reward	reward
5:46	9	ἔχετε	G2192	echete	will you get	will you get
5:46	10	οὐχὶ	G3780	ouchi	Do not	Do not
5:46	11	καὶ	G2532	kai	even	even
5:46	12	οἱ	G3588	hoi	-	-
5:46	13	τελῶναι	G5057	telōnai	tax collectors	tax collectors
5:46	14	ποιοῦσιν	G4160	poiousin	do	do
5:46	15	τὸ	G3588	to	the	the
5:46	16	αὐτὸ	G846	auto	same	same
5:47	1	καὶ	G2532	kai	And	And
5:47	2	ἐὰν	G1437	ean	if	if
5:47	3	ἀσπάσησθε	G782	aspasēsthe	you greet	you greet
5:47	4	μόνον	G3440	monon	only	only
5:47	5	τοὺς	G3588	tous	-	-
5:47	6	ὑμῶν	G4771	hymōn	your	your
5:47	7	ἀδελφοὺς	G80	adelphous	brothers	brothers
5:47	8	τί	G5101	ti	what	what
5:47	9	ποιεῖτε	G4160	poieite	are you doing	are you doing
5:47	10	περισσὸν	G4053	perisson	more than others	more than others
5:47	11	οὐχὶ	G3780	ouchi	Do not	Do not
5:47	12	καὶ	G2532	kai	even	even
5:47	13	οἱ	G3588	hoi	-	-
5:47	14	ἐθνικοὶ	G1482	ethnikoi	Gentiles	Gentiles
5:47	15	ποιοῦσιν	G4160	poiousin	do	do
5:47	16	τὸ	G3588	to	the	the
5:47	17	αὐτὸ	G846	auto	same	same
5:48	1	Ἔσεσθε	G1510	Esesthe	Be	Be
5:48	2	ὑμεῖς	G4771	hymeis	-	-
5:48	3	τέλειοι	G5046	teleioi	perfect	perfect
5:48	4	οὖν	G3767	oun	therefore	therefore
5:48	5	ὡς	G5613	hōs	as	as
5:48	6	ὁ	G3588	ho	-	-
5:48	7	ὑμῶν	G4771	hymōn	your	your
5:48	8	ὁ	G3588	ho	-	-
5:48	9	οὐράνιος	G3770	ouranios	heavenly	heavenly
5:48	10	Πατὴρ	G3962	Patēr	Father	Father
5:48	11	ἐστιν	G1510	estin	is	is
5:48	12	τέλειός	G5046	teleios	perfect	perfect
6:1	1	Προσέχετε	G4337	Prosechete	Be careful	Be careful
6:1	2	δὲ	G1161	de	-	-
6:1	3	τὴν	G3588	tēn	-	-
6:1	4	μὴ	G3361	mē	not	not
6:1	5	ποιεῖν	G4160	poiein	to perform	to perform
6:1	6	ὑμῶν	G4771	hymōn	your	your
6:1	7	δικαιοσύνην	G1343	dikaiosynēn	righteous acts	righteous acts
6:1	8	ἔμπροσθεν	G1715	emprosthen	before	before
6:1	9	τῶν	G3588	tōn	-	-
6:1	10	ἀνθρώπων	G444	anthrōpōn	men	men
6:1	11	πρὸς	G4314	pros	vvv	vvv
6:1	12	τὸ	G3588	to	vvv	vvv
6:1	13	θεαθῆναι	G2300	theathēnai	to be seen	to be seen
6:1	14	αὐτοῖς	G846	autois	by them	by them
6:1	15	εἰ	G1487	ei	If	If
6:1	16	δὲ	G1161	de	[you do]	[you do]
6:1	17	μή¦γε	G1490	mē¦ge	. . .	. . .
6:1	18	ἔχετε	G2192	echete	you will have	you will have
6:1	19	οὐκ	G3756	ouk	no	no
6:1	20	μισθὸν	G3408	misthon	reward	reward
6:1	21	παρὰ	G3844	para	from	from
6:1	22	τῷ	G3588	tō	-	-
6:1	23	ὑμῶν	G4771	hymōn	your	your
6:1	24	Πατρὶ	G3962	Patri	Father	Father
6:1	25	τῷ	G3588	tō	-	-
6:1	26	ἐν	G1722	en	in	in
6:1	27	τοῖς	G3588	tois	-	-
6:1	28	οὐρανοῖς	G3772	ouranois	heaven	heaven
6:2	1	οὖν	G3767	oun	So	So
6:2	2	Ὅταν	G3752	Hotan	when	when
6:2	3	ποιῇς	G4160	poiēs	you give to the needy	you give to the needy
6:2	4	ἐλεημοσύνην	G1654	eleēmosynēn	. . .	. . .
6:2	5	σαλπίσῃς	G4537	salpisēs	do not sound a trumpet	do not sound a trumpet
6:2	6	μὴ	G3361	mē	. . .	. . .
6:2	7	ἔμπροσθέν	G1715	emprosthen	before	before
6:2	8	σου	G4771	sou	you	you
6:2	9	ὥσπερ	G5618	hōsper	as	as
6:2	10	οἱ	G3588	hoi	the	the
6:2	11	ὑποκριταὶ	G5273	hypokritai	hypocrites	hypocrites
6:2	12	ποιοῦσιν	G4160	poiousin	do	do
6:2	13	ἐν	G1722	en	in	in
6:2	14	ταῖς	G3588	tais	the	the
6:2	15	συναγωγαῖς	G4864	synagōgais	synagogues	synagogues
6:2	16	καὶ	G2532	kai	and	and
6:2	17	ἐν	G1722	en	on	on
6:2	18	ταῖς	G3588	tais	the	the
6:2	19	ῥύμαις	G4505	rhymais	streets	streets
6:2	20	ὅπως	G3704	hopōs	to	to
6:2	21	δοξασθῶσιν	G1392	doxasthōsin	be honored	be honored
6:2	22	ὑπὸ	G5259	hypo	by	by
6:2	23	τῶν	G3588	tōn	-	-
6:2	24	ἀνθρώπων	G444	anthrōpōn	men	men
6:2	25	ἀμὴν	G281	amēn	Truly	Truly
6:2	26	λέγω	G3004	legō	I tell	I tell
6:2	27	ὑμῖν	G4771	hymin	you	you
6:2	28	ἀπέχουσιν	G568	apechousin	they already have	they already have
6:2	29	τὸν	G3588	ton	-	-
6:2	30	αὐτῶν	G846	autōn	their	their
6:2	31	μισθὸν	G3408	misthon	full reward	full reward
6:3	1	δὲ	G1161	de	But [when]	But [when]
6:3	2	σοῦ	G4771	sou	you	you
6:3	3	ποιοῦντος	G4160	poiountos	give to the needy	give to the needy
6:3	4	ἐλεημοσύνην	G1654	eleēmosynēn	. . .	. . .
6:3	5	μὴ	G3361	mē	{do} not {let}	{do} not {let}
6:3	6	ἡ	G3588	hē	-	-
6:3	7	σου	G4771	sou	your	your
6:3	8	ἀριστερά	G710	aristera	left [hand]	left [hand]
6:3	9	γνώτω	G1097	gnōtō	know	know
6:3	10	τί	G5101	ti	what	what
6:3	11	ἡ	G3588	hē	-	-
6:3	12	σου	G4771	sou	your	your
6:3	13	δεξιά	G1188	dexia	right hand	right hand
6:3	14	ποιεῖ	G4160	poiei	is doing	is doing
6:4	1	ὅπως	G3704	hopōs	so that	so that
6:4	2	σου	G4771	sou	your	your
6:4	3	ἡ	G3588	hē	-	-
6:4	4	ἐλεημοσύνη	G1654	eleēmosynē	giving	giving
6:4	5	ᾖ	G1510	ē	may be	may be
6:4	6	ἐν	G1722	en	in	in
6:4	7	τῷ	G3588	tō	-	-
6:4	8	κρυπτῷ	G2927	kryptō	secret	secret
6:4	9	καὶ	G2532	kai	And	And
6:4	10	ὁ	G3588	ho	-	-
6:4	11	σου	G4771	sou	your	your
6:4	12	Πατήρ	G3962	Patēr	Father	Father
6:4	13	ὁ	G3588	ho	-	-
6:4	14	βλέπων	G991	blepōn	who sees	who sees
6:4	15	ἐν	G1722	en	vvv	vvv
6:4	16	τῷ	G3588	tō	what is done	what is done
6:4	17	κρυπτῷ	G2927	kryptō	in secret	in secret
6:4	18	ἀποδώσει	G591	apodōsei	will reward	will reward
6:4	19	σοι	G4771	soi	you	you
6:5	1	Καὶ	G2532	Kai	And	And
6:5	2	ὅταν	G3752	hotan	when	when
6:5	3	προσεύχησθε	G4336	proseuchēsthe	you pray	you pray
6:5	4	ἔσεσθε	G1510	esesthe	do not be	do not be
6:5	5	οὐκ	G3756	ouk	. . .	. . .
6:5	6	ὡς	G5613	hōs	like	like
6:5	7	οἱ	G3588	hoi	the	the
6:5	8	ὑποκριταί	G5273	hypokritai	hypocrites	hypocrites
6:5	9	ὅτι	G3754	hoti	For	For
6:5	10	φιλοῦσιν	G5368	philousin	they love	they love
6:5	11	προσεύχεσθαι	G4336	proseuchesthai	to pray	to pray
6:5	12	ἑστῶτες	G2476	hestōtes	standing	standing
6:5	13	ἐν	G1722	en	in	in
6:5	14	ταῖς	G3588	tais	the	the
6:5	15	συναγωγαῖς	G4864	synagōgais	synagogues	synagogues
6:5	16	καὶ	G2532	kai	and	and
6:5	17	ἐν	G1722	en	on	on
6:5	18	ταῖς	G3588	tais	the	the
6:5	19	τῶν	G3588	tōn	-	-
6:5	20	πλατειῶν	G4113	plateiōn	street	street
6:5	21	γωνίαις	G1137	gōniais	corners	corners
6:5	22	ὅπως	G3704	hopōs	vvv	vvv
6:5	23	φανῶσιν	G5316	phanōsin	to be seen	to be seen
6:5	24	τοῖς	G3588	tois	-	-
6:5	25	ἀνθρώποις	G444	anthrōpois	by men	by men
6:5	26	ἀμὴν	G281	amēn	Truly	Truly
6:5	27	λέγω	G3004	legō	I tell	I tell
6:5	28	ὑμῖν	G4771	hymin	you	you
6:5	29	ἀπέχουσιν	G568	apechousin	they already have	they already have
6:5	30	τὸν	G3588	ton	-	-
6:5	31	αὐτῶν	G846	autōn	their	their
6:5	32	μισθὸν	G3408	misthon	full reward	full reward
6:6	1	δὲ	G1161	de	But	But
6:6	2	σὺ	G4771	sy	-	-
6:6	3	ὅταν	G3752	hotan	when	when
6:6	4	προσεύχῃ	G4336	proseuchē	you pray	you pray
6:6	5	εἴσελθε	G1525	eiselthe	go	go
6:6	6	εἰς	G1519	eis	into	into
6:6	7	τὸ	G3588	to	-	-
6:6	8	σου	G4771	sou	your	your
6:6	9	ταμεῖόν	G5009	tameion	inner room	inner room
6:6	10	καὶ	G2532	kai	-	-
6:6	11	κλείσας	G2808	kleisas	shut	shut
6:6	12	τὴν	G3588	tēn	-	-
6:6	13	σου	G4771	sou	your	your
6:6	14	θύραν	G2374	thyran	door	door
6:6	15	πρόσευξαι	G4336	proseuxai	[and] pray	[and] pray
6:6	16	τῷ	G3588	tō	to	to
6:6	17	σου	G4771	sou	your	your
6:6	18	Πατρί	G3962	Patri	Father	Father
6:6	19	τῷ	G3588	tō	who [is]	who [is]
6:6	20	ἐν	G1722	en	vvv	vvv
6:6	21	τῷ	G3588	tō	vvv	vvv
6:6	22	κρυπτῷ	G2927	kryptō	unseen	unseen
6:6	23	καὶ	G2532	kai	And	And
6:6	24	ὁ	G3588	ho	-	-
6:6	25	σου	G4771	sou	your	your
6:6	26	Πατήρ	G3962	Patēr	Father	Father
6:6	27	ὁ	G3588	ho	who	who
6:6	28	βλέπων	G991	blepōn	sees	sees
6:6	29	ἐν	G1722	en	vvv	vvv
6:6	30	τῷ	G3588	tō	what is done	what is done
6:6	31	κρυπτῷ	G2927	kryptō	in secret	in secret
6:6	32	ἀποδώσει	G591	apodōsei	will reward	will reward
6:6	33	σοι	G4771	soi	you	you
6:7	1	δὲ	G1161	de	And	And
6:7	2	Προσευχόμενοι	G4336	Proseuchomenoi	[when] you pray	[when] you pray
6:7	3	βατταλογήσητε	G945	battalogēsēte	do not babble on	do not babble on
6:7	4	μὴ	G3361	mē	. . .	. . .
6:7	5	ὥσπερ	G5618	hōsper	like	like
6:7	6	οἱ	G3588	hoi	-	-
6:7	7	ἐθνικοί	G1482	ethnikoi	pagans	pagans
6:7	8	γὰρ	G1063	gar	for	for
6:7	9	δοκοῦσιν	G1380	dokousin	they think	they think
6:7	10	ὅτι	G3754	hoti	that	that
6:7	11	ἐν	G1722	en	by	by
6:7	12	τῇ	G3588	tē	-	-
6:7	13	αὐτῶν	G846	autōn	their	their
6:7	14	πολυλογίᾳ	G4180	polylogia	many words	many words
6:7	15	εἰσακουσθήσονται	G1522	eisakousthēsontai	they will be heard	they will be heard
6:8	1	οὖν	G3767	oun	-	-
6:8	2	μὴ	G3361	mē	[Do] not	[Do] not
6:8	3	ὁμοιωθῆτε	G3666	homoiōthēte	be like	be like
6:8	4	αὐτοῖς	G846	autois	them	them
6:8	5	γὰρ	G1063	gar	for	for
6:8	6	ὁ	G3588	ho	vvv	vvv
6:8	7	ὑμῶν	G4771	hymōn	your	your
6:8	8	Πατὴρ	G3962	Patēr	Father	Father
6:8	9	οἶδεν	G1492	oiden	knows	knows
6:8	10	ὧν	G3739	hōn	what	what
6:8	11	ἔχετε	G2192	echete	you	you
6:8	12	χρείαν	G5532	chreian	need	need
6:8	13	πρὸ	G4253	pro	before	before
6:8	14	τοῦ	G3588	tou	-	-
6:8	15	ὑμᾶς	G4771	hymas	you	you
6:8	16	αἰτῆσαι	G154	aitēsai	ask	ask
6:8	17	αὐτόν	G846	auton	Him	Him
6:9	1	οὖν	G3767	oun	So then	So then
6:9	2	Οὕτως	G3779	Houtōs	this is how	this is how
6:9	3	ὑμεῖς	G4771	hymeis	you	you
6:9	4	προσεύχεσθε	G4336	proseuchesthe	should pray	should pray
6:9	5	ἡμῶν	G1473	hēmōn	Our	Our
6:9	6	Πάτερ	G3962	Pater	Father	Father
6:9	7	ὁ	G3588	ho	-	-
6:9	8	ἐν	G1722	en	in	in
6:9	9	τοῖς	G3588	tois	-	-
6:9	10	οὐρανοῖς	G3772	ouranois	heaven	heaven
6:9	11	Ἁγιασθήτω	G37	Hagiasthētō	hallowed be	hallowed be
6:9	12	τὸ	G3588	to	-	-
6:9	13	σου	G4771	sou	Your	Your
6:9	14	ὄνομά	G3686	onoma	name	name
6:10	1	ἡ	G3588	hē	-	-
6:10	2	σου	G4771	sou	Your	Your
6:10	3	βασιλεία	G932	basileia	kingdom	kingdom
6:10	4	Ἐλθέτω	G2064	Elthetō	come	come
6:10	5	τὸ	G3588	to	-	-
6:10	6	σου	G4771	sou	Your	Your
6:10	7	θέλημά	G2307	thelēma	will	will
6:10	8	Γενηθήτω	G1096	Genēthētō	be done	be done
6:10	9	καὶ	G2532	kai	-	-
6:10	10	ἐπὶ	G1909	epi	on	on
6:10	11	γῆς	G1093	gēs	earth	earth
6:10	12	Ὡς	G5613	Hōs	as [it is]	as [it is]
6:10	13	ἐν	G1722	en	in	in
6:10	14	οὐρανῷ	G3772	ouranō	heaven	heaven
6:11	1	δὸς	G1325	dos	Give	Give
6:11	2	ἡμῖν	G1473	hēmin	us	us
6:11	3	σήμερον	G4594	sēmeron	this day	this day
6:11	4	Τὸν	G3588	Ton	-	-
6:11	5	ἡμῶν	G1473	hēmōn	our	our
6:11	6	τὸν	G3588	ton	-	-
6:11	7	ἐπιούσιον	G1967	epiousion	daily	daily
6:11	8	ἄρτον	G740	arton	bread	bread
6:12	1	Καὶ	G2532	Kai	And	And
6:12	2	ἄφες	G863	aphes	forgive	forgive
6:12	3	ἡμῖν	G1473	hēmin	us	us
6:12	4	τὰ	G3588	ta	-	-
6:12	5	ἡμῶν	G1473	hēmōn	our	our
6:12	6	ὀφειλήματα	G3783	opheilēmata	debts	debts
6:12	7	Ὡς	G5613	Hōs	as	as
6:12	8	ἡμεῖς	G1473	hēmeis	we	we
6:12	9	καὶ	G2532	kai	also	also
6:12	10	ἀφήκαμεν	G863	aphēkamen	have forgiven	have forgiven
6:12	11	τοῖς	G3588	tois	-	-
6:12	12	ἡμῶν	G1473	hēmōn	our	our
6:12	13	ὀφειλέταις	G3781	opheiletais	debtors	debtors
6:13	1	Καὶ	G2532	Kai	And	And
6:13	2	εἰσενέγκῃς	G1533	eisenenkēs	lead	lead
6:13	3	ἡμᾶς	G1473	hēmas	us	us
6:13	4	μὴ	G3361	mē	not	not
6:13	5	εἰς	G1519	eis	into	into
6:13	6	πειρασμόν	G3986	peirasmon	temptation	temptation
6:13	7	Ἀλλὰ	G235	Alla	but	but
6:13	8	ῥῦσαι	G4506	rhysai	deliver	deliver
6:13	9	ἡμᾶς	G1473	hēmas	us	us
6:13	10	ἀπὸ	G575	apo	from	from
6:13	11	τοῦ	G3588	tou	the	the
6:13	12	πονηροῦ	G4190	ponērou	evil [one]	evil [one]
6:14	1	γὰρ	G1063	gar	For	For
6:14	2	Ἐὰν	G1437	Ean	if	if
6:14	3	ἀφῆτε	G863	aphēte	you forgive	you forgive
6:14	4	τοῖς	G3588	tois	-	-
6:14	5	ἀνθρώποις	G444	anthrōpois	men	men
6:14	6	τὰ	G3588	ta	-	-
6:14	7	αὐτῶν	G846	autōn	their	their
6:14	8	παραπτώματα	G3900	paraptōmata	trespasses	trespasses
6:14	9	ὁ	G3588	ho	-	-
6:14	10	ὑμῶν	G4771	hymōn	your	your
6:14	11	ὁ	G3588	ho	-	-
6:14	12	οὐράνιος	G3770	ouranios	heavenly	heavenly
6:14	13	Πατὴρ	G3962	Patēr	Father	Father
6:14	14	ἀφήσει	G863	aphēsei	will also forgive	will also forgive
6:14	15	καὶ	G2532	kai	. . .	. . .
6:14	16	ὑμῖν	G4771	hymin	you	you
6:15	1	δὲ	G1161	de	But	But
6:15	2	ἐὰν	G1437	ean	if	if
6:15	3	ἀφῆτε	G863	aphēte	you do not forgive	you do not forgive
6:15	4	μὴ	G3361	mē	. . .	. . .
6:15	5	τοῖς	G3588	tois	-	-
6:15	6	ἀνθρώποις	G444	anthrōpois	men	men
6:15	7	τὰ	G3588	ta	-	-
6:15	8	αὐτῶν	G846	autōn	their	their
6:15	9	παραπτώματα	G3900	paraptōmata	trespasses	trespasses
6:15	10	οὐδὲ	G3761	oude	neither	neither
6:15	11	ὁ	G3588	ho	{will}	{will}
6:15	12	ὑμῶν	G4771	hymōn	your	your
6:15	13	Πατὴρ	G3962	Patēr	Father	Father
6:15	14	ἀφήσει	G863	aphēsei	forgive	forgive
6:15	15	τὰ	G3588	ta	-	-
6:15	16	ὑμῶν	G4771	hymōn	yours	yours
6:15	17	παραπτώματα	G3900	paraptōmata	. . .	. . .
6:16	1	δὲ	G1161	de	-	-
6:16	2	Ὅταν	G3752	Hotan	When	When
6:16	3	νηστεύητε	G3522	nēsteuēte	you fast	you fast
6:16	4	μὴ	G3361	mē	[do] not	[do] not
6:16	5	γίνεσθε	G1096	ginesthe	be	be
6:16	6	σκυθρωποί	G4659	skythrōpoi	somber	somber
6:16	7	ὡς	G5613	hōs	like	like
6:16	8	οἱ	G3588	hoi	the	the
6:16	9	ὑποκριταὶ	G5273	hypokritai	hypocrites	hypocrites
6:16	10	γὰρ	G1063	gar	for	for
6:16	11	ἀφανίζουσιν	G853	aphanizousin	they disfigure	they disfigure
6:16	12	τὰ	G3588	ta	-	-
6:16	13	αὐτῶν	G846	autōn	their	their
6:16	14	πρόσωπα	G4383	prosōpa	faces	faces
6:16	15	ὅπως	G3704	hopōs	vvv	vvv
6:16	16	φανῶσιν	G5316	phanōsin	to show	to show
6:16	17	τοῖς	G3588	tois	-	-
6:16	18	ἀνθρώποις	G444	anthrōpois	men	men
6:16	19	νηστεύοντες	G3522	nēsteuontes	they are fasting	they are fasting
6:16	20	ἀμὴν	G281	amēn	Truly	Truly
6:16	21	λέγω	G3004	legō	I tell	I tell
6:16	22	ὑμῖν	G4771	hymin	you	you
6:16	23	ἀπέχουσιν	G568	apechousin	they already have	they already have
6:16	24	τὸν	G3588	ton	-	-
6:16	25	αὐτῶν	G846	autōn	their	their
6:16	26	μισθὸν	G3408	misthon	full reward	full reward
6:17	1	δὲ	G1161	de	But	But
6:17	2	σὺ	G4771	sy	[when] you	[when] you
6:17	3	νηστεύων	G3522	nēsteuōn	fast	fast
6:17	4	ἄλειψαί	G218	aleipsai	anoint	anoint
6:17	5	σου	G4771	sou	your	your
6:17	6	τὴν	G3588	tēn	-	-
6:17	7	κεφαλὴν	G2776	kephalēn	head	head
6:17	8	καὶ	G2532	kai	and	and
6:17	9	νίψαι	G3538	nipsai	wash	wash
6:17	10	τὸ	G3588	to	-	-
6:17	11	σου	G4771	sou	your	your
6:17	12	πρόσωπόν	G4383	prosōpon	face	face
6:18	1	ὅπως	G3704	hopōs	so that	so that
6:18	2	νηστεύων	G3522	nēsteuōn	[your] fasting	[your] fasting
6:18	3	φανῇς	G5316	phanēs	will not be obvious	will not be obvious
6:18	4	μὴ	G3361	mē	. . .	. . .
6:18	5	τοῖς	G3588	tois	-	-
6:18	6	ἀνθρώποις	G444	anthrōpois	to men	to men
6:18	7	ἀλλὰ	G235	alla	but only	but only
6:18	8	τῷ	G3588	tō	to	to
6:18	9	σου	G4771	sou	your	your
6:18	10	Πατρί	G3962	Patri	Father	Father
6:18	11	τῷ	G3588	tō	who [is]	who [is]
6:18	12	ἐν	G1722	en	vvv	vvv
6:18	13	τῷ	G3588	tō	vvv	vvv
6:18	14	κρυφαίῳ	G2927	kryphaiō	unseen	unseen
6:18	15	καὶ	G2532	kai	And	And
6:18	16	ὁ	G3588	ho	-	-
6:18	17	σου	G4771	sou	your	your
6:18	18	Πατήρ	G3962	Patēr	Father	Father
6:18	19	ὁ	G3588	ho	who	who
6:18	20	βλέπων	G991	blepōn	sees	sees
6:18	21	ἐν	G1722	en	vvv	vvv
6:18	22	τῷ	G3588	tō	what is done	what is done
6:18	23	κρυφαίῳ	G2927	kryphaiō	in secret	in secret
6:18	24	ἀποδώσει	G591	apodōsei	will reward	will reward
6:18	25	σοι	G4771	soi	you	you
6:19	1	Μὴ	G3361	Mē	[Do] not	[Do] not
6:19	2	θησαυρίζετε	G2343	thēsaurizete	store up	store up
6:19	3	ὑμῖν	G4771	hymin	for yourselves	for yourselves
6:19	4	θησαυροὺς	G2344	thēsaurous	treasures	treasures
6:19	5	ἐπὶ	G1909	epi	on	on
6:19	6	τῆς	G3588	tēs	-	-
6:19	7	γῆς	G1093	gēs	earth	earth
6:19	8	ὅπου	G3699	hopou	where	where
6:19	9	σὴς	G4597	sēs	moth	moth
6:19	10	καὶ	G2532	kai	and	and
6:19	11	βρῶσις	G1035	brōsis	rust	rust
6:19	12	ἀφανίζει	G853	aphanizei	destroy	destroy
6:19	13	καὶ	G2532	kai	and	and
6:19	14	ὅπου	G3699	hopou	where	where
6:19	15	κλέπται	G2812	kleptai	thieves	thieves
6:19	16	διορύσσουσιν	G1358	dioryssousin	break in	break in
6:19	17	καὶ	G2532	kai	and	and
6:19	18	κλέπτουσιν	G2813	kleptousin	steal	steal
6:20	1	δὲ	G1161	de	But	But
6:20	2	θησαυρίζετε	G2343	thēsaurizete	store up	store up
6:20	3	ὑμῖν	G4771	hymin	for yourselves	for yourselves
6:20	4	θησαυροὺς	G2344	thēsaurous	treasures	treasures
6:20	5	ἐν	G1722	en	in	in
6:20	6	οὐρανῷ	G3772	ouranō	heaven	heaven
6:20	7	ὅπου	G3699	hopou	where	where
6:20	8	σὴς	G4597	sēs	moth	moth
6:20	9	οὔτε	G3777	oute	[and]	[and]
6:20	10	βρῶσις	G1035	brōsis	rust	rust
6:20	11	οὔτε	G3777	oute	vvv	vvv
6:20	12	ἀφανίζει	G853	aphanizei	do not destroy	do not destroy
6:20	13	καὶ	G2532	kai	and	and
6:20	14	οὐ	G3756	ou	. . .	. . .
6:20	15	ὅπου	G3699	hopou	where	where
6:20	16	κλέπται	G2812	kleptai	thieves	thieves
6:20	17	διορύσσουσιν	G1358	dioryssousin	do not break in	do not break in
6:20	18	οὐδὲ	G3761	oude	. . .	. . .
6:20	19	κλέπτουσιν	G2813	kleptousin	[and] steal	[and] steal
6:21	1	γάρ	G1063	gar	For	For
6:21	2	ὅπου	G3699	hopou	where	where
6:21	3	ὁ	G3588	ho	-	-
6:21	4	σου	G4771	sou	your	your
6:21	5	θησαυρός	G2344	thēsauros	treasure	treasure
6:21	6	ἐστιν	G1510	estin	is	is
6:21	7	ἐκεῖ	G1563	ekei	there	there
6:21	8	ἡ	G3588	hē	-	-
6:21	9	σου	G4771	sou	your	your
6:21	10	καρδία	G2588	kardia	heart	heart
6:21	11	ἔσται	G1510	estai	will be	will be
6:21	12	καὶ	G2532	kai	also	also
6:22	1	ὁ	G3588	ho	The	The
6:22	2	ὀφθαλμός	G3788	ophthalmos	eye	eye
6:22	3	ἐστιν	G1510	estin	is	is
6:22	4	Ὁ	G3588	Ho	the	the
6:22	5	λύχνος	G3088	lychnos	lamp	lamp
6:22	6	τοῦ	G3588	tou	of the	of the
6:22	7	σώματός	G4983	sōmatos	body	body
6:22	8	οὖν	G3767	oun	-	-
6:22	9	ἐὰν	G1437	ean	If	If
6:22	10	ὁ	G3588	ho	-	-
6:22	11	σου	G4771	sou	your	your
6:22	12	ὀφθαλμός	G3788	ophthalmos	eyes	eyes
6:22	13	ᾖ	G1510	ē	are	are
6:22	14	ἁπλοῦς	G573	haplous	good	good
6:22	15	τὸ	G3588	to	-	-
6:22	16	σου	G4771	sou	your	your
6:22	17	ὅλον	G3650	holon	whole	whole
6:22	18	σῶμά	G4983	sōma	body	body
6:22	19	ἔσται	G1510	estai	will be	will be
6:22	20	φωτεινὸν	G5460	phōteinon	full of light	full of light
6:23	1	δὲ	G1161	de	But	But
6:23	2	ἐὰν	G1437	ean	if	if
6:23	3	ὁ	G3588	ho	-	-
6:23	4	σου	G4771	sou	your	your
6:23	5	ὀφθαλμός	G3788	ophthalmos	eyes	eyes
6:23	6	ᾖ	G1510	ē	are	are
6:23	7	πονηρὸς	G4190	ponēros	bad	bad
6:23	8	σου	G4771	sou	your	your
6:23	9	ὅλον	G3650	holon	whole	whole
6:23	10	τὸ	G3588	to	-	-
6:23	11	σῶμά	G4983	sōma	body	body
6:23	12	ἔσται	G1510	estai	will be	will be
6:23	13	σκοτεινὸν	G4652	skoteinon	full of darkness	full of darkness
6:23	14	εἰ	G1487	ei	If	If
6:23	15	οὖν	G3767	oun	then	then
6:23	16	τὸ	G3588	to	the	the
6:23	17	φῶς	G5457	phōs	light	light
6:23	18	τὸ	G3588	to	-	-
6:23	19	ἐν	G1722	en	within	within
6:23	20	σοὶ	G4771	soi	you	you
6:23	21	ἐστίν	G1510	estin	is	is
6:23	22	σκότος	G4655	skotos	darkness	darkness
6:23	23	πόσον	G4214	poson	how great [is]	how great [is]
6:23	24	τὸ	G3588	to	that	that
6:23	25	σκότος	G4655	skotos	darkness	darkness
6:24	1	Οὐδεὶς	G3762	Oudeis	No one	No one
6:24	2	δύναται	G1410	dynatai	can	can
6:24	3	δουλεύειν	G1398	douleuein	serve	serve
6:24	4	δυσὶ	G1417	dysi	two	two
6:24	5	κυρίοις	G2962	kyriois	masters	masters
6:24	6	γὰρ	G1063	gar	-	-
6:24	7	ἢ	G2228	ē	Either	Either
6:24	8	μισήσει	G3404	misēsei	he will hate	he will hate
6:24	9	τὸν	G3588	ton	the	the
6:24	10	ἕνα	G1520	hena	one	one
6:24	11	καὶ	G2532	kai	and	and
6:24	12	ἀγαπήσει	G25	agapēsei	love	love
6:24	13	τὸν	G3588	ton	the	the
6:24	14	ἕτερον	G2087	heteron	other	other
6:24	15	ἢ	G2228	ē	or	or
6:24	16	ἀνθέξεται	G472	anthexetai	he will be devoted to	he will be devoted to
6:24	17	ἑνὸς	G1520	henos	[the] one	[the] one
6:24	18	καὶ	G2532	kai	and	and
6:24	19	καταφρονήσει	G2706	kataphronēsei	despise	despise
6:24	20	τοῦ	G3588	tou	the	the
6:24	21	ἑτέρου	G2087	heterou	other	other
6:24	22	δύνασθε	G1410	dynasthe	You cannot	You cannot
6:24	23	οὐ	G3756	ou	. . .	. . .
6:24	24	δουλεύειν	G1398	douleuein	serve [both]	serve [both]
6:24	25	Θεῷ	G2316	Theō	God	God
6:24	26	καὶ	G2532	kai	and	and
6:24	27	μαμωνᾷ	G3126	mamōna	money	money
6:25	1	Διὰ	G1223	Dia	Therefore	Therefore
6:25	2	τοῦτο	G3778	touto	. . .	. . .
6:25	3	λέγω	G3004	legō	I tell	I tell
6:25	4	ὑμῖν	G4771	hymin	you	you
6:25	5	μὴ	G3361	mē	[do] not	[do] not
6:25	6	μεριμνᾶτε	G3309	merimnate	worry about	worry about
6:25	7	τῇ	G3588	tē	-	-
6:25	8	ὑμῶν	G4771	hymōn	your	your
6:25	9	ψυχῇ	G5590	psychē	life	life
6:25	10	τί	G5101	ti	what	what
6:25	11	φάγητε	G5315	phagēte	you will eat	you will eat
6:25	12	ἢ	G2228	ē	or	or
6:25	13	τί	G5101	ti	-	-
6:25	14	πίητε	G4095	piēte	drink	drink
6:25	15	μηδὲ	G3366	mēde	or	or
6:25	16	τῷ	G3588	tō	-	-
6:25	17	ὑμῶν	G4771	hymōn	[about] your	[about] your
6:25	18	σώματι	G4983	sōmati	body	body
6:25	19	τί	G5101	ti	what	what
6:25	20	ἐνδύσησθε	G1746	endysēsthe	you will wear	you will wear
6:25	21	ἐστιν	G1510	estin	Is	Is
6:25	22	οὐχὶ	G3780	ouchi	not	not
6:25	23	ἡ	G3588	hē	-	-
6:25	24	ψυχὴ	G5590	psychē	life	life
6:25	25	πλεῖόν	G4119	pleion	more	more
6:25	26	τῆς	G3588	tēs	than	than
6:25	27	τροφῆς	G5160	trophēs	food	food
6:25	28	καὶ	G2532	kai	and	and
6:25	29	τὸ	G3588	to	the	the
6:25	30	σῶμα	G4983	sōma	body	body
6:25	31	τοῦ	G3588	tou	[more] than	[more] than
6:25	32	ἐνδύματος	G1742	endymatos	clothes	clothes
6:26	1	ἐμβλέψατε	G1689	emblepsate	Look	Look
6:26	2	εἰς	G1519	eis	at	at
6:26	3	τὰ	G3588	ta	the	the
6:26	4	πετεινὰ	G4071	peteina	birds	birds
6:26	5	τοῦ	G3588	tou	of the	of the
6:26	6	οὐρανοῦ	G3772	ouranou	air	air
6:26	7	ὅτι	G3754	hoti	-	-
6:26	8	σπείρουσιν	G4687	speirousin	They do not sow	They do not sow
6:26	9	οὐ	G3756	ou	. . .	. . .
6:26	10	οὐδὲ	G3761	oude	[or]	[or]
6:26	11	θερίζουσιν	G2325	therizousin	reap	reap
6:26	12	οὐδὲ	G3761	oude	[or]	[or]
6:26	13	συνάγουσιν	G4863	synagousin	gather	gather
6:26	14	εἰς	G1519	eis	into	into
6:26	15	ἀποθήκας	G596	apothēkas	barns	barns
6:26	16	καὶ	G2532	kai	and yet	and yet
6:26	17	ὁ	G3588	ho	-	-
6:26	18	ὑμῶν	G4771	hymōn	your	your
6:26	19	ὁ	G3588	ho	-	-
6:26	20	οὐράνιος	G3770	ouranios	heavenly	heavenly
6:26	21	Πατὴρ	G3962	Patēr	Father	Father
6:26	22	τρέφει	G5142	trephei	feeds	feeds
6:26	23	αὐτά	G846	auta	them	them
6:26	24	ὑμεῖς	G4771	hymeis	{Are} you	{Are} you
6:26	25	οὐχ	G3756	ouch	not	not
6:26	26	μᾶλλον	G3123	mallon	much	much
6:26	27	διαφέρετε	G1308	diapherete	more valuable	more valuable
6:26	28	αὐτῶν	G846	autōn	than they	than they
6:27	1	δὲ	G1161	de	-	-
6:27	2	τίς	G5101	tis	Who	Who
6:27	3	ὑμῶν	G4771	hymōn	of you	of you
6:27	4	ἐξ	G1537	ex	by	by
6:27	5	μεριμνῶν	G3309	merimnōn	worrying	worrying
6:27	6	δύναται	G1410	dynatai	can	can
6:27	7	προσθεῖναι	G4369	prostheinai	add	add
6:27	8	ἕνα	G1520	hena	a single	a single
6:27	9	πῆχυν	G4083	pēchyn	hour	hour
6:27	10	ἐπὶ	G1909	epi	to	to
6:27	11	τὴν	G3588	tēn	-	-
6:27	12	αὐτοῦ	G846	autou	his	his
6:27	13	ἡλικίαν	G2244	hēlikian	life	life
6:28	1	Καὶ	G2532	Kai	And	And
6:28	2	τί	G5101	ti	why	why
6:28	3	μεριμνᾶτε	G3309	merimnate	do you worry	do you worry
6:28	4	περὶ	G4012	peri	about	about
6:28	5	ἐνδύματος	G1742	endymatos	clothes	clothes
6:28	6	καταμάθετε	G2648	katamathete	Consider	Consider
6:28	7	πῶς	G4459	pōs	how	how
6:28	8	τὰ	G3588	ta	the	the
6:28	9	κρίνα	G2918	krina	lilies	lilies
6:28	10	τοῦ	G3588	tou	of the	of the
6:28	11	ἀγροῦ	G68	agrou	field	field
6:28	12	αὐξάνουσιν	G837	auxanousin	grow	grow
6:28	13	οὐ	G3756	ou	[They do] not	[They do] not
6:28	14	κοπιῶσιν	G2872	kopiōsin	labor	labor
6:28	15	οὐδὲ	G3761	oude	[or]	[or]
6:28	16	νήθουσιν	G3514	nēthousin	spin	spin
6:29	1	δὲ	G1161	de	Yet	Yet
6:29	2	λέγω	G3004	legō	I tell	I tell
6:29	3	ὑμῖν	G4771	hymin	you	you
6:29	4	ὅτι	G3754	hoti	that	that
6:29	5	οὐδὲ	G3761	oude	not even	not even
6:29	6	Σολομὼν	G4672	Solomōn	Solomon	Solomon
6:29	7	ἐν	G1722	en	in	in
6:29	8	πάσῃ	G3956	pasē	all	all
6:29	9	τῇ	G3588	tē	-	-
6:29	10	αὐτοῦ	G846	autou	his	his
6:29	11	δόξῃ	G1391	doxē	glory	glory
6:29	12	περιεβάλετο	G4016	periebaleto	was adorned	was adorned
6:29	13	ὡς	G5613	hōs	like	like
6:29	14	ἓν	G1520	hen	one	one
6:29	15	τούτων	G3778	toutōn	of these	of these
6:30	1	δὲ	G1161	de	-	-
6:30	2	εἰ	G1487	ei	If	If
6:30	3	οὕτως	G3779	houtōs	that is how	that is how
6:30	4	ὁ	G3588	ho	-	-
6:30	5	Θεὸς	G2316	Theos	God	God
6:30	6	ἀμφιέννυσιν	G294	amphiennysin	clothes	clothes
6:30	7	τὸν	G3588	ton	the	the
6:30	8	χόρτον	G5528	chorton	grass	grass
6:30	9	τοῦ	G3588	tou	of the	of the
6:30	10	ἀγροῦ	G68	agrou	field	field
6:30	11	ὄντα	G1510	onta	which is [here]	which is [here]
6:30	12	σήμερον	G4594	sēmeron	today	today
6:30	13	καὶ	G2532	kai	and	and
6:30	14	αὔριον	G839	aurion	tomorrow	tomorrow
6:30	15	βαλλόμενον	G906	ballomenon	[is] thrown	[is] thrown
6:30	16	εἰς	G1519	eis	into	into
6:30	17	κλίβανον	G2823	klibanon	the furnace	the furnace
6:30	18	οὐ	G3756	ou	[will He] not	[will He] not
6:30	19	πολλῷ	G4183	pollō	much	much
6:30	20	μᾶλλον	G3123	mallon	more	more
6:30	21	ὑμᾶς	G4771	hymas	[clothe] you	[clothe] you
6:30	22	ὀλιγόπιστοι	G3640	oligopistoi	O [you] of little faith	O [you] of little faith
6:31	1	οὖν	G3767	oun	Therefore	Therefore
6:31	2	Μὴ	G3361	Mē	[do] not	[do] not
6:31	3	μεριμνήσητε	G3309	merimnēsēte	worry	worry
6:31	4	λέγοντες	G3004	legontes	saying	saying
6:31	5	Τί	G5101	Ti	What	What
6:31	6	φάγωμεν	G5315	phagōmen	shall we eat	shall we eat
6:31	7	ἤ	G2228	ē	or	or
6:31	8	Τί	G5101	Ti	What	What
6:31	9	πίωμεν	G4095	piōmen	shall we drink	shall we drink
6:31	10	ἤ	G2228	ē	or	or
6:31	11	Τί	G5101	Ti	What	What
6:31	12	περιβαλώμεθα	G4016	peribalōmetha	shall we wear	shall we wear
6:32	1	γὰρ	G1063	gar	For	For
6:32	2	τὰ	G3588	ta	the	the
6:32	3	ἔθνη	G1484	ethnē	Gentiles	Gentiles
6:32	4	ἐπιζητοῦσιν	G1934	epizētousin	strive after	strive after
6:32	5	πάντα	G3956	panta	all	all
6:32	6	ταῦτα	G3778	tauta	these things	these things
6:32	7	γὰρ	G1063	gar	[and]	[and]
6:32	8	ὁ	G3588	ho	-	-
6:32	9	ὑμῶν	G4771	hymōn	your	your
6:32	10	ὁ	G3588	ho	-	-
6:32	11	οὐράνιος	G3770	ouranios	heavenly	heavenly
6:32	12	Πατὴρ	G3962	Patēr	Father	Father
6:32	13	οἶδεν	G1492	oiden	knows	knows
6:32	14	ὅτι	G3754	hoti	that	that
6:32	15	χρῄζετε	G5535	chrēzete	you need	you need
6:32	16	ἁπάντων	G537	hapantōn	-	-
6:32	17	τούτων	G3778	toutōn	them	them
6:33	1	δὲ	G1161	de	But	But
6:33	2	ζητεῖτε	G2212	zēteite	seek	seek
6:33	3	πρῶτον	G4412	prōton	first	first
6:33	4	τὴν	G3588	tēn	the	the
6:33	5	βασιλείαν	G932	basileian	kingdom	kingdom
6:33	6	τοῦ	G3588	tou	of	of
6:33	7	θεοῦ	G2316	theou	God	God
6:33	8	καὶ	G2532	kai	and	and
6:33	9	τὴν	G3588	tēn	-	-
6:33	10	αὐτοῦ	G846	autou	His	His
6:33	11	δικαιοσύνην	G1343	dikaiosynēn	righteousness	righteousness
6:33	12	καὶ	G2532	kai	and	and
6:33	13	πάντα	G3956	panta	all	all
6:33	14	ταῦτα	G3778	tauta	these things	these things
6:33	15	προστεθήσεται	G4369	prostethēsetai	will be added	will be added
6:33	16	ὑμῖν	G4771	hymin	unto you	unto you
6:34	1	οὖν	G3767	oun	Therefore	Therefore
6:34	2	Μὴ	G3361	Mē	[do] not	[do] not
6:34	3	μεριμνήσητε	G3309	merimnēsēte	worry	worry
6:34	4	εἰς	G1519	eis	about	about
6:34	5	τὴν	G3588	tēn	-	-
6:34	6	αὔριον	G839	aurion	tomorrow	tomorrow
6:34	7	ἡ	G3588	hē	-	-
6:34	8	γὰρ	G1063	gar	for	for
6:34	9	αὔριον	G839	aurion	tomorrow	tomorrow
6:34	10	μεριμνήσει	G3309	merimnēsei	will worry about	will worry about
6:34	11	ἑαυτῆς	G1438	heautēs	itself	itself
6:34	12	τῇ	G3588	tē	vvv	vvv
6:34	13	ἡμέρᾳ	G2250	hēmera	Today	Today
6:34	14	ἀρκετὸν	G713	arketon	[has] enough	[has] enough
6:34	15	κακία	G2549	kakia	trouble	trouble
6:34	16	ἡ	G3588	hē	-	-
6:34	17	αὐτῆς	G846	autēs	of its own	of its own
7:1	1	Μὴ	G3361	Mē	[Do] not	[Do] not
7:1	2	κρίνετε	G2919	krinete	judge	judge
7:1	3	ἵνα	G2443	hina	or	or
7:1	4	μὴ	G3361	mē	. . .	. . .
7:1	5	κριθῆτε	G2919	krithēte	you will be judged	you will be judged
7:2	1	γὰρ	G1063	gar	For	For
7:2	2	ἐν	G1722	en	with	with
7:2	3	ᾧ	G3739	hō	the same	the same
7:2	4	κρίματι	G2917	krimati	judgment	judgment
7:2	5	κρίνετε	G2919	krinete	you pronounce	you pronounce
7:2	6	κριθήσεσθε	G2919	krithēsesthe	you will be judged	you will be judged
7:2	7	καὶ	G2532	kai	and	and
7:2	8	ἐν	G1722	en	with	with
7:2	9	ᾧ	G3739	hō	the	the
7:2	10	μέτρῳ	G3358	metrō	measure	measure
7:2	11	μετρεῖτε	G3354	metreite	you [use]	you [use]
7:2	12	μετρηθήσεται	G3354	metrēthēsetai	it will be measured	it will be measured
7:2	13	ὑμῖν	G4771	hymin	to you	to you
7:3	1	δὲ	G1161	de	-	-
7:3	2	Τί	G5101	Ti	Why	Why
7:3	3	βλέπεις	G991	blepeis	do you look at	do you look at
7:3	4	τὸ	G3588	to	the	the
7:3	5	κάρφος	G2595	karphos	speck	speck
7:3	6	τὸ	G3588	to	-	-
7:3	7	ἐν	G1722	en	in	in
7:3	8	τῷ	G3588	tō	-	-
7:3	9	τοῦ	G3588	tou	-	-
7:3	10	σου	G4771	sou	your	your
7:3	11	ἀδελφοῦ	G80	adelphou	brother’s	brother’s
7:3	12	ὀφθαλμῷ	G3788	ophthalmō	eye	eye
7:3	13	τὴν	G3588	tēn	-	-
7:3	14	δὲ	G1161	de	but	but
7:3	15	οὐ	G3756	ou	fail	fail
7:3	16	κατανοεῖς	G2657	katanoeis	to notice	to notice
7:3	17	δοκὸν	G1385	dokon	[the] beam	[the] beam
7:3	18	ἐν	G1722	en	in	in
7:3	19	τῷ	G3588	tō	-	-
7:3	20	σῷ	G4674	sō	your [own]	your [own]
7:3	21	ὀφθαλμῷ	G3788	ophthalmō	eye	eye
7:4	1	ἢ	G2228	ē	-	-
7:4	2	πῶς	G4459	pōs	How	How
7:4	3	ἐρεῖς	G2046	ereis	can you say	can you say
7:4	4	τῷ	G3588	tō	to	to
7:4	5	σου	G4771	sou	your	your
7:4	6	ἀδελφῷ	G80	adelphō	brother	brother
7:4	7	Ἄφες	G863	Aphes	Let	Let
7:4	8	ἐκβάλω	G1544	ekbalō	me take	me take
7:4	9	τὸ	G3588	to	the	the
7:4	10	κάρφος	G2595	karphos	speck	speck
7:4	11	ἐκ	G1537	ek	out of	out of
7:4	12	τοῦ	G3588	tou	-	-
7:4	13	σου	G4771	sou	your	your
7:4	14	ὀφθαλμοῦ	G3788	ophthalmou	eye	eye
7:4	15	καὶ	G2532	kai	while	while
7:4	16	ἰδοὺ	G2400	idou	[there is still]	[there is still]
7:4	17	ἡ	G3588	hē	-	-
7:4	18	δοκὸς	G1385	dokos	a beam	a beam
7:4	19	ἐν	G1722	en	in	in
7:4	20	σοῦ	G4771	sou	your	your
7:4	21	τῷ	G3588	tō	[own]	[own]
7:4	22	ὀφθαλμῷ	G3788	ophthalmō	eye	eye
7:5	1	ὑποκριτά	G5273	hypokrita	You hypocrite	You hypocrite
7:5	2	πρῶτον	G4412	prōton	First	First
7:5	3	ἔκβαλε	G1544	ekbale	take	take
7:5	4	τὴν	G3588	tēn	the	the
7:5	5	δοκόν	G1385	dokon	beam	beam
7:5	6	ἐκ	G1537	ek	out of	out of
7:5	7	τοῦ	G3588	tou	-	-
7:5	8	σοῦ	G4771	sou	your [own]	your [own]
7:5	9	ὀφθαλμοῦ	G3788	ophthalmou	eye	eye
7:5	10	καὶ	G2532	kai	and	and
7:5	11	τότε	G5119	tote	then	then
7:5	12	διαβλέψεις	G1227	diablepseis	you will see clearly	you will see clearly
7:5	13	ἐκβαλεῖν	G1544	ekbalein	to remove	to remove
7:5	14	τὸ	G3588	to	the	the
7:5	15	κάρφος	G2595	karphos	speck	speck
7:5	16	ἐκ	G1537	ek	from	from
7:5	17	τοῦ	G3588	tou	-	-
7:5	18	τοῦ	G3588	tou	-	-
7:5	19	σου	G4771	sou	your	your
7:5	20	ἀδελφοῦ	G80	adelphou	brother’s	brother’s
7:5	21	ὀφθαλμοῦ	G3788	ophthalmou	eye	eye
7:6	1	Μὴ	G3361	Mē	{Do} not	{Do} not
7:6	2	δῶτε	G1325	dōte	give	give
7:6	3	τοῖς	G3588	tois	-	-
7:6	4	κυσίν	G2965	kysin	dogs	dogs
7:6	5	τὸ	G3588	to	what is	what is
7:6	6	ἅγιον	G40	hagion	holy	holy
7:6	7	μηδὲ	G3366	mēde	{do} not	{do} not
7:6	8	βάλητε	G906	balēte	throw	throw
7:6	9	τοὺς	G3588	tous	-	-
7:6	10	ὑμῶν	G4771	hymōn	your	your
7:6	11	μαργαρίτας	G3135	margaritas	pearls	pearls
7:6	12	ἔμπροσθεν	G1715	emprosthen	before	before
7:6	13	τῶν	G3588	tōn	-	-
7:6	14	χοίρων	G5519	choirōn	swine	swine
7:6	15	ποτε	G4219	pote	If you do	If you do
7:6	16	μή‿	G3361	mē	. . .	. . .
7:6	17	καταπατήσουσιν	G2662	katapatēsousin	they may trample	they may trample
7:6	18	αὐτοὺς	G846	autous	them	them
7:6	19	ἐν	G1722	en	under	under
7:6	20	τοῖς	G3588	tois	-	-
7:6	21	αὐτῶν	G846	autōn	their	their
7:6	22	ποσὶν	G4228	posin	feet	feet
7:6	23	καὶ	G2532	kai	and	and
7:6	24	στραφέντες	G4762	straphentes	then turn [and]	then turn [and]
7:6	25	ῥήξωσιν	G4486	rhēxōsin	tear you to pieces	tear you to pieces
7:6	26	ὑμᾶς	G4771	hymas	. . .	. . .
7:7	1	Αἰτεῖτε	G154	Aiteite	Ask	Ask
7:7	2	καὶ	G2532	kai	and	and
7:7	3	δοθήσεται	G1325	dothēsetai	it will be given	it will be given
7:7	4	ὑμῖν	G4771	hymin	to you	to you
7:7	5	ζητεῖτε	G2212	zēteite	seek	seek
7:7	6	καὶ	G2532	kai	and	and
7:7	7	εὑρήσετε	G2147	heurēsete	you will find	you will find
7:7	8	κρούετε	G2925	krouete	knock	knock
7:7	9	καὶ	G2532	kai	and	and
7:7	10	ἀνοιγήσεται	G455	anoigēsetai	[the door] will be opened	[the door] will be opened
7:7	11	ὑμῖν	G4771	hymin	to you	to you
7:8	1	γὰρ	G1063	gar	For	For
7:8	2	πᾶς	G3956	pas	everyone	everyone
7:8	3	ὁ	G3588	ho	-	-
7:8	4	αἰτῶν	G154	aitōn	who asks	who asks
7:8	5	λαμβάνει	G2983	lambanei	receives	receives
7:8	6	καὶ	G2532	kai	-	-
7:8	7	ὁ	G3588	ho	he who	he who
7:8	8	ζητῶν	G2212	zētōn	seeks	seeks
7:8	9	εὑρίσκει	G2147	heuriskei	finds	finds
7:8	10	καὶ	G2532	kai	and	and
7:8	11	τῷ	G3588	tō	to him who	to him who
7:8	12	κρούοντι	G2925	krouonti	knocks	knocks
7:8	13	ἀνοιγήσεται	G455	anoigēsetai	[the door] will be opened	[the door] will be opened
7:9	1	Ἢ	G2228	Ē	-	-
7:9	2	τίς	G5101	tis	Which	Which
7:9	3	ἄνθρωπος	G444	anthrōpos	. . .	. . .
7:9	4	ἐστιν	G1510	estin	-	-
7:9	5	ἐξ	G1537	ex	of	of
7:9	6	ὑμῶν	G4771	hymōn	you	you
7:9	7	ὃν	G3739	hon	if his	if his
7:9	8	ὁ	G3588	ho	. . .	. . .
7:9	9	αὐτοῦ	G846	autou	. . .	. . .
7:9	10	υἱὸς	G5207	huios	son	son
7:9	11	αἰτήσει	G154	aitēsei	asks for	asks for
7:9	12	ἄρτον	G740	arton	bread	bread
7:9	13	ἐπιδώσει	G1929	epidōsei	will give	will give
7:9	14	μὴ	G3361	mē	. . .	. . .
7:9	15	αὐτῷ	G846	autō	him	him
7:9	16	λίθον	G3037	lithon	a stone	a stone
7:10	1	ἢ	G2228	ē	Or	Or
7:10	2	καὶ	G2532	kai	[if]	[if]
7:10	3	αἰτήσει	G154	aitēsei	he asks for	he asks for
7:10	4	ἰχθὺν	G2486	ichthyn	a fish	a fish
7:10	5	ἐπιδώσει	G1929	epidōsei	will give	will give
7:10	6	μὴ	G3361	mē	. . .	. . .
7:10	7	αὐτῷ	G846	autō	him	him
7:10	8	ὄφιν	G3789	ophin	a snake	a snake
7:11	1	οὖν	G3767	oun	So	So
7:11	2	εἰ	G1487	ei	if	if
7:11	3	ὑμεῖς	G4771	hymeis	you	you
7:11	4	ὄντες	G1510	ontes	who are	who are
7:11	5	πονηροὶ	G4190	ponēroi	evil	evil
7:11	6	οἴδατε	G1492	oidate	know how	know how
7:11	7	διδόναι	G1325	didonai	to give	to give
7:11	8	ἀγαθὰ	G18	agatha	good	good
7:11	9	δόματα	G1390	domata	gifts	gifts
7:11	10	τοῖς	G3588	tois	to	to
7:11	11	ὑμῶν	G4771	hymōn	your	your
7:11	12	τέκνοις	G5043	teknois	children	children
7:11	13	πόσῳ	G4214	posō	how much	how much
7:11	14	μᾶλλον	G3123	mallon	more	more
7:11	15	ὁ	G3588	ho	{will}	{will}
7:11	16	ὑμῶν	G4771	hymōn	your	your
7:11	17	Πατὴρ	G3962	Patēr	Father	Father
7:11	18	ὁ	G3588	ho	-	-
7:11	19	ἐν	G1722	en	in	in
7:11	20	τοῖς	G3588	tois	-	-
7:11	21	οὐρανοῖς	G3772	ouranois	heaven	heaven
7:11	22	δώσει	G1325	dōsei	give	give
7:11	23	ἀγαθὰ	G18	agatha	good things	good things
7:11	24	τοῖς	G3588	tois	to those	to those
7:11	25	αἰτοῦσιν	G154	aitousin	who ask	who ask
7:11	26	αὐτόν	G846	auton	Him	Him
7:12	1	Πάντα	G3956	Panta	In everything	In everything
7:12	2	ὅσα	G3745	hosa	. . .	. . .
7:12	3	ἐὰν	G1437	ean	. . .	. . .
7:12	4	οὖν	G3767	oun	then	then
7:12	5	ὑμεῖς	G4771	hymeis	-	-
7:12	6	ποιεῖτε	G4160	poieite	do	do
7:12	7	αὐτοῖς	G846	autois	to others	to others
7:12	8	οὕτως	G3779	houtōs	as	as
7:12	9	καὶ	G2532	kai	. . .	. . .
7:12	10	θέλητε	G2309	thelēte	you would have	you would have
7:12	11	ἵνα	G2443	hina	-	-
7:12	12	ποιῶσιν	G4160	poiōsin	them do	them do
7:12	13	οἱ	G3588	hoi	. . .	. . .
7:12	14	ἄνθρωποι	G444	anthrōpoi	. . .	. . .
7:12	15	ὑμῖν	G4771	hymin	to you	to you
7:12	16	γάρ	G1063	gar	For	For
7:12	17	οὗτος	G3778	houtos	this	this
7:12	18	ἐστιν	G1510	estin	is [the essence of]	is [the essence of]
7:12	19	ὁ	G3588	ho	the	the
7:12	20	νόμος	G3551	nomos	Law	Law
7:12	21	καὶ	G2532	kai	and	and
7:12	22	οἱ	G3588	hoi	the	the
7:12	23	προφῆται	G4396	prophētai	Prophets	Prophets
7:13	1	Εἰσέλθατε	G1525	Eiselthate	Enter	Enter
7:13	2	διὰ	G1223	dia	through	through
7:13	3	τῆς	G3588	tēs	the	the
7:13	4	στενῆς	G4728	stenēs	narrow	narrow
7:13	5	πύλης	G4439	pylēs	gate	gate
7:13	6	ὅτι	G3754	hoti	For	For
7:13	7	πλατεῖα	G4116	plateia	wide [is]	wide [is]
7:13	8	ἡ	G3588	hē	the	the
7:13	9	πύλη	G4439	pylē	gate	gate
7:13	10	καὶ	G2532	kai	and	and
7:13	11	εὐρύχωρος	G2149	eurychōros	broad [is]	broad [is]
7:13	12	ἡ	G3588	hē	the	the
7:13	13	ὁδὸς	G3598	hodos	way	way
7:13	14	ἡ	G3588	hē	that	that
7:13	15	ἀπάγουσα	G520	apagousa	leads	leads
7:13	16	εἰς	G1519	eis	to	to
7:13	17	τὴν	G3588	tēn	-	-
7:13	18	ἀπώλειαν	G684	apōleian	destruction	destruction
7:13	19	καὶ	G2532	kai	and	and
7:13	20	πολλοί	G4183	polloi	many	many
7:13	21	εἰσιν	G1510	eisin	-	-
7:13	22	οἱ	G3588	hoi	-	-
7:13	23	εἰσερχόμενοι	G1525	eiserchomenoi	enter	enter
7:13	24	δι’	G1223	di’	through	through
7:13	25	αὐτῆς	G846	autēs	it	it
7:14	1	ὅτι	G3754	hoti	But	But
7:14	2	στενὴ	G4728	stenē	small [is]	small [is]
7:14	3	ἡ	G3588	hē	the	the
7:14	4	πύλη	G4439	pylē	gate	gate
7:14	5	καὶ	G2532	kai	and	and
7:14	6	τεθλιμμένη	G2346	tethlimmenē	narrow	narrow
7:14	7	ἡ	G3588	hē	the	the
7:14	8	ὁδὸς	G3598	hodos	way	way
7:14	9	ἡ	G3588	hē	that	that
7:14	10	ἀπάγουσα	G520	apagousa	leads	leads
7:14	11	εἰς	G1519	eis	to	to
7:14	12	τὴν	G3588	tēn	-	-
7:14	13	ζωήν	G2222	zōēn	life	life
7:14	14	καὶ	G2532	kai	and	and
7:14	15	ὀλίγοι	G3641	oligoi	only a few	only a few
7:14	16	εἰσὶν	G1510	eisin	-	-
7:14	17	οἱ	G3588	hoi	-	-
7:14	18	εὑρίσκοντες	G2147	heuriskontes	find	find
7:14	19	αὐτήν	G846	autēn	it	it
7:15	1	Προσέχετε	G4337	Prosechete	Beware	Beware
7:15	2	ἀπὸ	G575	apo	of	of
7:15	3	τῶν	G3588	tōn	-	-
7:15	4	ψευδοπροφητῶν	G5578	pseudoprophētōn	false prophets	false prophets
7:15	5	οἵτινες	G3748	hoitines	[They]	[They]
7:15	6	ἔρχονται	G2064	erchontai	come	come
7:15	7	πρὸς	G4314	pros	to	to
7:15	8	ὑμᾶς	G4771	hymas	you	you
7:15	9	ἐν	G1722	en	in	in
7:15	10	προβάτων	G4263	probatōn	sheep’s	sheep’s
7:15	11	ἐνδύμασιν	G1742	endymasin	clothing	clothing
7:15	12	δέ	G1161	de	but	but
7:15	13	ἔσωθεν	G2081	esōthen	inwardly	inwardly
7:15	14	εἰσιν	G1510	eisin	they are	they are
7:15	15	ἅρπαγες	G727	harpages	ravenous	ravenous
7:15	16	λύκοι	G3074	lykoi	wolves	wolves
7:16	1	ἀπὸ	G575	apo	By	By
7:16	2	τῶν	G3588	tōn	-	-
7:16	3	αὐτῶν	G846	autōn	their	their
7:16	4	καρπῶν	G2590	karpōn	fruit	fruit
7:16	5	ἐπιγνώσεσθε	G1921	epignōsesthe	you will recognize	you will recognize
7:16	6	αὐτούς	G846	autous	them	them
7:16	7	μήτι	G3385	mēti	-	-
7:16	8	συλλέγουσιν	G4816	syllegousin	Are grapes gathered	Are grapes gathered
7:16	9	σταφυλὰς	G4718	staphylas	. . .	. . .
7:16	10	ἀπὸ	G575	apo	from	from
7:16	11	ἀκανθῶν	G173	akanthōn	thornbushes	thornbushes
7:16	12	ἢ	G2228	ē	or	or
7:16	13	σῦκα	G4810	syka	figs	figs
7:16	14	ἀπὸ	G575	apo	from	from
7:16	15	τριβόλων	G5146	tribolōn	thistles	thistles
7:17	1	οὕτως	G3779	houtōs	Likewise	Likewise
7:17	2	πᾶν	G3956	pan	every	every
7:17	3	ἀγαθὸν	G18	agathon	good	good
7:17	4	δένδρον	G1186	dendron	tree	tree
7:17	5	ποιεῖ	G4160	poiei	bears	bears
7:17	6	καλοὺς	G2570	kalous	good	good
7:17	7	καρποὺς	G2590	karpous	fruit	fruit
7:17	8	τὸ	G3588	to	-	-
7:17	9	δὲ	G1161	de	but	but
7:17	10	σαπρὸν	G4550	sapron	a bad	a bad
7:17	11	δένδρον	G1186	dendron	tree	tree
7:17	12	ποιεῖ	G4160	poiei	bears	bears
7:17	13	πονηροὺς	G4190	ponērous	bad	bad
7:17	14	καρποὺς	G2590	karpous	fruit	fruit
7:18	1	ἀγαθὸν	G18	agathon	[A] good	[A] good
7:18	2	δένδρον	G1186	dendron	tree	tree
7:18	3	δύναται	G1410	dynatai	cannot	cannot
7:18	4	οὐ	G3756	ou	. . .	. . .
7:18	5	ποιεῖν	G4160	poiein	bear	bear
7:18	6	πονηροὺς	G4190	ponērous	bad	bad
7:18	7	καρποὺς	G2590	karpous	fruit	fruit
7:18	8	σαπρὸν	G4550	sapron	[and a] bad	[and a] bad
7:18	9	δένδρον	G1186	dendron	tree	tree
7:18	10	οὐδὲ	G3761	oude	cannot	cannot
7:18	11	ποιεῖν	G4160	poiein	bear	bear
7:18	12	καλοὺς	G2570	kalous	good	good
7:18	13	καρποὺς	G2590	karpous	fruit	fruit
7:19	1	πᾶν	G3956	pan	Every	Every
7:19	2	δένδρον	G1186	dendron	tree	tree
7:19	3	μὴ	G3361	mē	vvv	vvv
7:19	4	ποιοῦν	G4160	poioun	that does not bear	that does not bear
7:19	5	καλὸν	G2570	kalon	good	good
7:19	6	καρπὸν	G2590	karpon	fruit	fruit
7:19	7	ἐκκόπτεται	G1581	ekkoptetai	is cut down	is cut down
7:19	8	καὶ	G2532	kai	and	and
7:19	9	βάλλεται	G906	balletai	thrown	thrown
7:19	10	εἰς	G1519	eis	into	into
7:19	11	πῦρ	G4442	pyr	[the] fire	[the] fire
7:20	1	ἄρα¦γε	G686	ara¦ge	So then	So then
7:20	2	ἀπὸ	G575	apo	by	by
7:20	3	τῶν	G3588	tōn	-	-
7:20	4	αὐτῶν	G846	autōn	their	their
7:20	5	καρπῶν	G2590	karpōn	fruit	fruit
7:20	6	ἐπιγνώσεσθε	G1921	epignōsesthe	you will recognize	you will recognize
7:20	7	αὐτούς	G846	autous	them	them
7:21	1	Οὐ	G3756	Ou	Not	Not
7:21	2	πᾶς	G3956	pas	everyone	everyone
7:21	3	ὁ	G3588	ho	who	who
7:21	4	λέγων	G3004	legōn	says	says
7:21	5	μοι	G1473	moi	to Me	to Me
7:21	6	Κύριε	G2962	Kyrie	Lord	Lord
7:21	7	Κύριε	G2962	Kyrie	Lord	Lord
7:21	8	εἰσελεύσεται	G1525	eiseleusetai	will enter	will enter
7:21	9	εἰς	G1519	eis	. . .	. . .
7:21	10	τὴν	G3588	tēn	the	the
7:21	11	βασιλείαν	G932	basileian	kingdom	kingdom
7:21	12	τῶν	G3588	tōn	of	of
7:21	13	οὐρανῶν	G3772	ouranōn	heaven	heaven
7:21	14	ἀλλ’	G235	all’	but only	but only
7:21	15	ὁ	G3588	ho	he who	he who
7:21	16	ποιῶν	G4160	poiōn	does	does
7:21	17	τὸ	G3588	to	the	the
7:21	18	θέλημα	G2307	thelēma	will	will
7:21	19	τοῦ	G3588	tou	-	-
7:21	20	μου	G1473	mou	of My	of My
7:21	21	Πατρός	G3962	Patros	Father	Father
7:21	22	τοῦ	G3588	tou	-	-
7:21	23	ἐν	G1722	en	in	in
7:21	24	τοῖς	G3588	tois	-	-
7:21	25	οὐρανοῖς	G3772	ouranois	heaven	heaven
7:22	1	πολλοὶ	G4183	polloi	Many	Many
7:22	2	ἐροῦσίν	G2046	erousin	will say	will say
7:22	3	μοι	G1473	moi	to Me	to Me
7:22	4	ἐν	G1722	en	on	on
7:22	5	ἐκείνῃ	G1565	ekeinē	that	that
7:22	6	τῇ	G3588	tē	-	-
7:22	7	ἡμέρᾳ	G2250	hēmera	day	day
7:22	8	Κύριε	G2962	Kyrie	Lord	Lord
7:22	9	Κύριε	G2962	Kyrie	Lord	Lord
7:22	10	ἐπροφητεύσαμεν	G4395	eprophēteusamen	did we not prophesy	did we not prophesy
7:22	11	οὐ	G3756	ou	. . .	. . .
7:22	12	τῷ	G3588	tō	in	in
7:22	13	σῷ	G4674	sō	Your	Your
7:22	14	ὀνόματι	G3686	onomati	name	name
7:22	15	καὶ	G2532	kai	and	and
7:22	16	τῷ	G3588	tō	[in]	[in]
7:22	17	σῷ	G4674	sō	Your	Your
7:22	18	ὀνόματι	G3686	onomati	name	name
7:22	19	ἐξεβάλομεν	G1544	exebalomen	drive out	drive out
7:22	20	δαιμόνια	G1140	daimonia	demons	demons
7:22	21	καὶ	G2532	kai	and	and
7:22	22	τῷ	G3588	tō	-	-
7:22	23	σῷ	G4674	sō	-	-
7:22	24	ὀνόματι	G3686	onomati	-	-
7:22	25	ἐποιήσαμεν	G4160	epoiēsamen	perform	perform
7:22	26	πολλὰς	G4183	pollas	many	many
7:22	27	δυνάμεις	G1411	dynameis	miracles	miracles
7:23	1	καὶ	G2532	kai	-	-
7:23	2	τότε	G5119	tote	Then	Then
7:23	3	ὁμολογήσω	G3670	homologēsō	I will tell them plainly	I will tell them plainly
7:23	4	αὐτοῖς	G846	autois	. . .	. . .
7:23	5	ὅτι	G3754	hoti	-	-
7:23	6	ἔγνων	G1097	egnōn	I never knew	I never knew
7:23	7	Οὐδέποτε	G3763	Oudepote	. . .	. . .
7:23	8	ὑμᾶς	G4771	hymas	you	you
7:23	9	ἀποχωρεῖτε	G672	apochōreite	depart	depart
7:23	10	ἀπ’	G575	ap’	from	from
7:23	11	ἐμοῦ	G1473	emou	Me	Me
7:23	12	οἱ	G3588	hoi	[you]	[you]
7:23	13	ἐργαζόμενοι	G2038	ergazomenoi	workers	workers
7:23	14	τὴν	G3588	tēn	-	-
7:23	15	ἀνομίαν	G458	anomian	of lawlessness	of lawlessness
7:24	1	οὖν	G3767	oun	Therefore	Therefore
7:24	2	Πᾶς	G3956	Pas	everyone	everyone
7:24	3	ὅστις	G3748	hostis	who	who
7:24	4	ἀκούει	G191	akouei	hears	hears
7:24	5	τούτους	G3778	toutous	these	these
7:24	6	τοὺς	G3588	tous	-	-
7:24	7	λόγους	G3056	logous	words	words
7:24	8	μου	G1473	mou	of Mine	of Mine
7:24	9	καὶ	G2532	kai	and	and
7:24	10	ποιεῖ	G4160	poiei	acts on	acts on
7:24	11	αὐτούς	G846	autous	them	them
7:24	12	ὁμοιωθήσεται	G3666	homoiōthēsetai	is like	is like
7:24	13	φρονίμῳ	G5429	phronimō	[a] wise	[a] wise
7:24	14	ἀνδρὶ	G435	andri	man	man
7:24	15	ὅστις	G3748	hostis	who	who
7:24	16	ᾠκοδόμησεν	G3618	ōkodomēsen	built	built
7:24	17	αὐτοῦ	G846	autou	his	his
7:24	18	τὴν	G3588	tēn	-	-
7:24	19	οἰκίαν	G3614	oikian	house	house
7:24	20	ἐπὶ	G1909	epi	on	on
7:24	21	τὴν	G3588	tēn	the	the
7:24	22	πέτραν	G4073	petran	rock	rock
7:25	1	καὶ	G2532	kai	-	-
7:25	2	ἡ	G3588	hē	The	The
7:25	3	βροχὴ	G1028	brochē	rain	rain
7:25	4	κατέβη	G2597	katebē	fell	fell
7:25	5	καὶ	G2532	kai	-	-
7:25	6	οἱ	G3588	hoi	the	the
7:25	7	ποταμοὶ	G4215	potamoi	torrents	torrents
7:25	8	ἦλθον	G2064	ēlthon	raged	raged
7:25	9	καὶ	G2532	kai	and	and
7:25	10	οἱ	G3588	hoi	the	the
7:25	11	ἄνεμοι	G417	anemoi	winds	winds
7:25	12	ἔπνευσαν	G4154	epneusan	blew	blew
7:25	13	καὶ	G2532	kai	and	and
7:25	14	προσέπεσαν	G4363	prosepesan	beat against	beat against
7:25	15	ἐκείνῃ	G1565	ekeinē	that	that
7:25	16	τῇ	G3588	tē	-	-
7:25	17	οἰκίᾳ	G3614	oikia	house	house
7:25	18	καὶ	G2532	kai	yet	yet
7:25	19	ἔπεσεν	G4098	epesen	it did not fall	it did not fall
7:25	20	οὐκ	G3756	ouk	. . .	. . .
7:25	21	γὰρ	G1063	gar	because	because
7:25	22	τεθεμελίωτο	G2311	tethemeliōto	its foundation was	its foundation was
7:25	23	ἐπὶ	G1909	epi	on	on
7:25	24	τὴν	G3588	tēn	the	the
7:25	25	πέτραν	G4073	petran	rock	rock
7:26	1	καὶ	G2532	kai	But	But
7:26	2	πᾶς	G3956	pas	everyone	everyone
7:26	3	ὁ	G3588	ho	who	who
7:26	4	ἀκούων	G191	akouōn	hears	hears
7:26	5	τούτους	G3778	toutous	these	these
7:26	6	τοὺς	G3588	tous	-	-
7:26	7	λόγους	G3056	logous	words	words
7:26	8	μου	G1473	mou	of Mine	of Mine
7:26	9	καὶ	G2532	kai	and	and
7:26	10	μὴ	G3361	mē	vvv	vvv
7:26	11	ποιῶν	G4160	poiōn	does not act on	does not act on
7:26	12	αὐτοὺς	G846	autous	them	them
7:26	13	ὁμοιωθήσεται	G3666	homoiōthēsetai	is like	is like
7:26	14	μωρῷ	G3474	mōrō	a foolish	a foolish
7:26	15	ἀνδρὶ	G435	andri	man	man
7:26	16	ὅστις	G3748	hostis	who	who
7:26	17	ᾠκοδόμησεν	G3618	ōkodomēsen	built	built
7:26	18	αὐτοῦ	G846	autou	his	his
7:26	19	τὴν	G3588	tēn	-	-
7:26	20	οἰκίαν	G3614	oikian	house	house
7:26	21	ἐπὶ	G1909	epi	on	on
7:26	22	τὴν	G3588	tēn	-	-
7:26	23	ἄμμον	G285	ammon	sand	sand
7:27	1	καὶ	G2532	kai	-	-
7:27	2	ἡ	G3588	hē	The	The
7:27	3	βροχὴ	G1028	brochē	rain	rain
7:27	4	κατέβη	G2597	katebē	fell	fell
7:27	5	καὶ	G2532	kai	-	-
7:27	6	οἱ	G3588	hoi	the	the
7:27	7	ποταμοὶ	G4215	potamoi	torrents	torrents
7:27	8	ἦλθον	G2064	ēlthon	raged	raged
7:27	9	καὶ	G2532	kai	and	and
7:27	10	οἱ	G3588	hoi	the	the
7:27	11	ἄνεμοι	G417	anemoi	winds	winds
7:27	12	ἔπνευσαν	G4154	epneusan	blew	blew
7:27	13	καὶ	G2532	kai	and	and
7:27	14	προσέκοψαν	G4350	prosekopsan	beat against	beat against
7:27	15	ἐκείνῃ	G1565	ekeinē	that	that
7:27	16	τῇ	G3588	tē	-	-
7:27	17	οἰκίᾳ	G3614	oikia	house	house
7:27	18	καὶ	G2532	kai	and	and
7:27	19	ἔπεσεν	G4098	epesen	it fell	it fell
7:27	20	καὶ	G2532	kai	and	and
7:27	21	μεγάλη	G3173	megalē	great	great
7:27	22	ἦν	G1510	ēn	was	was
7:27	23	ἡ	G3588	hē	-	-
7:27	24	αὐτῆς	G846	autēs	its	its
7:27	25	πτῶσις	G4431	ptōsis	collapse	collapse
7:28	1	Καὶ	G2532	Kai	-	-
7:28	2	ἐγένετο	G1096	egeneto	vvv	vvv
7:28	3	ὅτε	G3753	hote	When	When
7:28	4	ὁ	G3588	ho	-	-
7:28	5	Ἰησοῦς	G2424	Iēsous	Jesus	Jesus
7:28	6	ἐτέλεσεν	G5055	etelesen	had finished	had finished
7:28	7	τοὺς	G3588	tous	-	-
7:28	8	λόγους	G3056	logous	saying	saying
7:28	9	τούτους	G3778	toutous	these things	these things
7:28	10	οἱ	G3588	hoi	the	the
7:28	11	ὄχλοι	G3793	ochloi	crowds	crowds
7:28	12	ἐξεπλήσσοντο	G1605	exeplēssonto	were astonished	were astonished
7:28	13	ἐπὶ	G1909	epi	at	at
7:28	14	τῇ	G3588	tē	-	-
7:28	15	αὐτοῦ	G846	autou	His	His
7:28	16	διδαχῇ	G1322	didachē	teaching	teaching
7:29	1	γὰρ	G1063	gar	because	because
7:29	2	ἦν	G1510	ēn	He	He
7:29	3	διδάσκων	G1321	didaskōn	taught	taught
7:29	4	αὐτοὺς	G846	autous	-	-
7:29	5	ὡς	G5613	hōs	as [one]	as [one]
7:29	6	ἔχων	G2192	echōn	who had	who had
7:29	7	ἐξουσίαν	G1849	exousian	authority	authority
7:29	8	καὶ	G2532	kai	and	and
7:29	9	οὐχ	G3756	ouch	not	not
7:29	10	ὡς	G5613	hōs	as	as
7:29	11	οἱ	G3588	hoi	-	-
7:29	12	αὐτῶν	G846	autōn	their	their
7:29	13	γραμματεῖς	G1122	grammateis	scribes	scribes
8:1	1	δὲ	G1161	de	When	When
8:1	2	αὐτοῦ	G846	autou	[Jesus]	[Jesus]
8:1	3	Καταβάντος	G2597	Katabantos	came down	came down
8:1	4	ἀπὸ	G575	apo	from	from
8:1	5	τοῦ	G3588	tou	the	the
8:1	6	ὄρους	G3735	orous	mountain	mountain
8:1	7	πολλοί	G4183	polloi	large	large
8:1	8	ὄχλοι	G3793	ochloi	crowds	crowds
8:1	9	ἠκολούθησαν	G190	ēkolouthēsan	followed	followed
8:1	10	αὐτῷ	G846	autō	Him	Him
8:2	1	καὶ	G2532	kai	Suddenly	Suddenly
8:2	2	ἰδοὺ	G2400	idou	. . .	. . .
8:2	3	λεπρὸς	G3015	lepros	a leper	a leper
8:2	4	προσελθὼν	G4334	proselthōn	came	came
8:2	5	προσεκύνει	G4352	prosekynei	[and] knelt before	[and] knelt before
8:2	6	αὐτῷ	G846	autō	Him	Him
8:2	7	λέγων	G3004	legōn	saying	saying
8:2	8	Κύριε	G2962	Kyrie	Lord	Lord
8:2	9	ἐὰν	G1437	ean	if	if
8:2	10	θέλῃς	G2309	thelēs	You are willing	You are willing
8:2	11	δύνασαί	G1410	dynasai	You can	You can
8:2	12	καθαρίσαι	G2511	katharisai	make me clean	make me clean
8:2	13	με	G1473	me	. . .	. . .
8:3	1	Καὶ	G2532	Kai	-	-
8:3	2	ἐκτείνας	G1614	ekteinas	[Jesus] reached out	[Jesus] reached out
8:3	3	τὴν	G3588	tēn	[His]	[His]
8:3	4	χεῖρα	G5495	cheira	hand	hand
8:3	5	ἥψατο	G680	hēpsato	[and] touched	[and] touched
8:3	6	αὐτοῦ	G846	autou	[the man]	[the man]
8:3	7	Θέλω	G2309	Thelō	I am willing	I am willing
8:3	8	λέγων	G3004	legōn	He said	He said
8:3	9	καθαρίσθητι	G2511	katharisthēti	Be clean	Be clean
8:3	10	καὶ	G2532	kai	And	And
8:3	11	εὐθέως	G2112	eutheōs	immediately	immediately
8:3	12	αὐτοῦ	G846	autou	his	his
8:3	13	ἡ	G3588	hē	-	-
8:3	14	λέπρα	G3014	lepra	leprosy	leprosy
8:3	15	ἐκαθαρίσθη	G2511	ekatharisthē	was cleansed	was cleansed
8:4	1	καὶ	G2532	kai	Then	Then
8:4	2	ὁ	G3588	ho	-	-
8:4	3	Ἰησοῦς	G2424	Iēsous	Jesus	Jesus
8:4	4	λέγει	G3004	legei	instructed	instructed
8:4	5	αὐτῷ	G846	autō	him	him
8:4	6	Ὅρα	G3708	Hora	See that	See that
8:4	7	εἴπῃς	G2036	eipēs	you don’t tell anyone	you don’t tell anyone
8:4	8	μηδενὶ	G3367	mēdeni	. . .	. . .
8:4	9	ἀλλὰ	G235	alla	But	But
8:4	10	ὕπαγε	G5217	hypage	go	go
8:4	11	δεῖξον	G1166	deixon	show	show
8:4	12	σεαυτὸν	G4572	seauton	yourself	yourself
8:4	13	τῷ	G3588	tō	to the	to the
8:4	14	ἱερεῖ	G2409	hierei	priest	priest
8:4	15	καὶ	G2532	kai	and	and
8:4	16	προσένεγκον	G4374	prosenenkon	offer	offer
8:4	17	τὸ	G3588	to	the	the
8:4	18	δῶρον	G1435	dōron	gift	gift
8:4	19	ὃ	G3739	ho	-	-
8:4	20	προσέταξεν	G4367	prosetaxen	prescribed	prescribed
8:4	21	Μωϋσῆς	G3475	Mōusēs	by Moses	by Moses
8:4	22	εἰς	G1519	eis	as	as
8:4	23	μαρτύριον	G3142	martyrion	a testimony	a testimony
8:4	24	αὐτοῖς	G846	autois	to them	to them
8:5	1	δὲ	G1161	de	When	When
8:5	2	αὐτοῦ	G846	autou	[Jesus]	[Jesus]
8:5	3	Εἰσελθόντος	G1525	Eiselthontos	had entered	had entered
8:5	4	εἰς	G1519	eis	. . .	. . .
8:5	5	Καφαρναοὺμ	G2584	Kapharnaoum	Capernaum	Capernaum
8:5	6	ἑκατόνταρχος	G1543	hekatontarchos	a centurion	a centurion
8:5	7	προσῆλθεν	G4334	prosēlthen	came	came
8:5	8	αὐτῷ	G846	autō	-	-
8:5	9	παρακαλῶν	G3870	parakalōn	[and] pleaded	[and] pleaded
8:5	10	αὐτὸν	G846	auton	with Him	with Him
8:6	1	καὶ	G2532	kai	-	-
8:6	2	λέγων	G3004	legōn	-	-
8:6	3	Κύριε	G2962	Kyrie	Lord	Lord
8:6	4	ὁ	G3588	ho	-	-
8:6	5	μου	G1473	mou	my	my
8:6	6	παῖς	G3816	pais	servant	servant
8:6	7	βέβληται	G906	beblētai	lies	lies
8:6	8	ἐν	G1722	en	at	at
8:6	9	τῇ	G3588	tē	-	-
8:6	10	οἰκίᾳ	G3614	oikia	home	home
8:6	11	παραλυτικός	G3885	paralytikos	paralyzed	paralyzed
8:6	12	δεινῶς	G1171	deinōs	[and] in terrible	[and] in terrible
8:6	13	βασανιζόμενος	G928	basanizomenos	agony	agony
8:7	1	Ἐγὼ	G1473	Egō	I	I
8:7	2	ἐλθὼν	G2064	elthōn	will go	will go
8:7	3	θεραπεύσω	G2323	therapeusō	[and] heal	[and] heal
8:7	4	αὐτόν	G846	auton	him	him
8:7	5	Καὶ	G2532	Kai	-	-
8:7	6	λέγει	G3004	legei	[Jesus] replied	[Jesus] replied
8:7	7	αὐτῷ	G846	autō	-	-
8:8	1	δὲ	G1161	de	-	-
8:8	2	ὁ	G3588	ho	The	The
8:8	3	ἑκατόνταρχος	G1543	hekatontarchos	centurion	centurion
8:8	4	Ἀποκριθεὶς	G611	Apokritheis	answered	answered
8:8	5	ἔφη	G5346	ephē	. . .	. . .
8:8	6	Κύριε	G2962	Kyrie	Lord	Lord
8:8	7	εἰμὶ	G1510	eimi	I am	I am
8:8	8	οὐκ	G3756	ouk	not	not
8:8	9	ἱκανὸς	G2425	hikanos	worthy	worthy
8:8	10	ἵνα	G2443	hina	to	to
8:8	11	εἰσέλθῃς	G1525	eiselthēs	have You come	have You come
8:8	12	ὑπὸ	G5259	hypo	under	under
8:8	13	μου	G1473	mou	my	my
8:8	14	τὴν	G3588	tēn	-	-
8:8	15	στέγην	G4721	stegēn	roof	roof
8:8	16	ἀλλὰ	G235	alla	But	But
8:8	17	μόνον	G3440	monon	just	just
8:8	18	εἰπὲ	G2036	eipe	say	say
8:8	19	λόγῳ	G3056	logō	the word	the word
8:8	20	καὶ	G2532	kai	and	and
8:8	21	ὁ	G3588	ho	-	-
8:8	22	μου	G1473	mou	my	my
8:8	23	παῖς	G3816	pais	servant	servant
8:8	24	ἰαθήσεται	G2390	iathēsetai	will be healed	will be healed
8:9	1	γὰρ	G1063	gar	For	For
8:9	2	ἐγὼ	G1473	egō	I	I
8:9	3	καὶ	G2532	kai	myself	myself
8:9	4	εἰμι	G1510	eimi	am	am
8:9	5	ἄνθρωπός	G444	anthrōpos	a man	a man
8:9	6	ὑπὸ	G5259	hypo	under	under
8:9	7	ἐξουσίαν	G1849	exousian	authority	authority
8:9	8	ἔχων	G2192	echōn	with	with
8:9	9	στρατιώτας	G4757	stratiōtas	soldiers	soldiers
8:9	10	ὑπ’	G5259	hyp’	under	under
8:9	11	ἐμαυτὸν	G1683	emauton	me	me
8:9	12	καὶ	G2532	kai	-	-
8:9	13	λέγω	G3004	legō	I tell	I tell
8:9	14	τούτῳ	G3778	toutō	[one]	[one]
8:9	15	Πορεύθητι	G4198	Poreuthēti	to go	to go
8:9	16	καὶ	G2532	kai	and	and
8:9	17	πορεύεται	G4198	poreuetai	he goes	he goes
8:9	18	καὶ	G2532	kai	and	and
8:9	19	ἄλλῳ	G243	allō	another	another
8:9	20	Ἔρχου	G2064	Erchou	to come	to come
8:9	21	καὶ	G2532	kai	and	and
8:9	22	ἔρχεται	G2064	erchetai	he comes	he comes
8:9	23	καὶ	G2532	kai	[I tell]	[I tell]
8:9	24	τῷ	G3588	tō	-	-
8:9	25	μου	G1473	mou	my	my
8:9	26	δούλῳ	G1401	doulō	servant	servant
8:9	27	Ποίησον	G4160	Poiēson	to do	to do
8:9	28	τοῦτο	G3778	touto	something	something
8:9	29	καὶ	G2532	kai	and	and
8:9	30	ποιεῖ	G4160	poiei	he does [it]	he does [it]
8:10	1	δὲ	G1161	de	When	When
8:10	2	ὁ	G3588	ho	-	-
8:10	3	Ἰησοῦς	G2424	Iēsous	Jesus	Jesus
8:10	4	Ἀκούσας	G191	Akousas	heard [this]	heard [this]
8:10	5	ἐθαύμασεν	G2296	ethaumasen	He marveled	He marveled
8:10	6	καὶ	G2532	kai	and	and
8:10	7	εἶπεν	G2036	eipen	said	said
8:10	8	τοῖς	G3588	tois	to those	to those
8:10	9	ἀκολουθοῦσιν	G190	akolouthousin	following [Him]	following [Him]
8:10	10	Ἀμὴν	G281	Amēn	Truly	Truly
8:10	11	λέγω	G3004	legō	I tell	I tell
8:10	12	ὑμῖν	G4771	hymin	you	you
8:10	13	εὗρον	G2147	heuron	I have not found anyone	I have not found anyone
8:10	14	οὐδενὶ	G3762	oudeni	. . .	. . .
8:10	15	παρ’	G3844	par’	. . .	. . .
8:10	16	ἐν	G1722	en	in	in
8:10	17	τῷ	G3588	tō	-	-
8:10	18	Ἰσραὴλ	G2474	Israēl	Israel	Israel
8:10	19	τοσαύτην	G5118	tosautēn	[with] such great	[with] such great
8:10	20	πίστιν	G4102	pistin	faith	faith
8:11	1	δὲ	G1161	de	-	-
8:11	2	λέγω	G3004	legō	I say	I say
8:11	3	ὑμῖν	G4771	hymin	to you	to you
8:11	4	ὅτι	G3754	hoti	that	that
8:11	5	πολλοὶ	G4183	polloi	many	many
8:11	6	ἥξουσιν	G2240	hēxousin	will come	will come
8:11	7	ἀπὸ	G575	apo	from	from
8:11	8	ἀνατολῶν	G395	anatolōn	[the] east	[the] east
8:11	9	καὶ	G2532	kai	and	and
8:11	10	δυσμῶν	G1424	dysmōn	[the] west	[the] west
8:11	11	καὶ	G2532	kai	-	-
8:11	12	ἀνακλιθήσονται	G347	anaklithēsontai	to share the banquet	to share the banquet
8:11	13	μετὰ	G3326	meta	with	with
8:11	14	Ἀβραὰμ	G11	Abraam	Abraham	Abraham
8:11	15	καὶ	G2532	kai	-	-
8:11	16	Ἰσαὰκ	G2464	Isaak	Isaac	Isaac
8:11	17	καὶ	G2532	kai	and	and
8:11	18	Ἰακὼβ	G2384	Iakōb	Jacob	Jacob
8:11	19	ἐν	G1722	en	in	in
8:11	20	τῇ	G3588	tē	the	the
8:11	21	βασιλείᾳ	G932	basileia	kingdom	kingdom
8:11	22	τῶν	G3588	tōn	of	of
8:11	23	οὐρανῶν	G3772	ouranōn	heaven	heaven
8:12	1	δὲ	G1161	de	But	But
8:12	2	οἱ	G3588	hoi	the	the
8:12	3	υἱοὶ	G5207	huioi	sons	sons
8:12	4	τῆς	G3588	tēs	of the	of the
8:12	5	βασιλείας	G932	basileias	kingdom	kingdom
8:12	6	ἐκβληθήσονται	G1544	ekblēthēsontai	will be thrown	will be thrown
8:12	7	εἰς	G1519	eis	into	into
8:12	8	τὸ	G3588	to	the	the
8:12	9	τὸ	G3588	to	-	-
8:12	10	ἐξώτερον	G1857	exōteron	outer	outer
8:12	11	σκότος	G4655	skotos	darkness	darkness
8:12	12	ἐκεῖ	G1563	ekei	[where] there	[where] there
8:12	13	ἔσται	G1510	estai	will be	will be
8:12	14	ὁ	G3588	ho	-	-
8:12	15	κλαυθμὸς	G2805	klauthmos	weeping	weeping
8:12	16	καὶ	G2532	kai	and	and
8:12	17	ὁ	G3588	ho	-	-
8:12	18	βρυγμὸς	G1030	brygmos	gnashing	gnashing
8:12	19	τῶν	G3588	tōn	-	-
8:12	20	ὀδόντων	G3599	odontōn	of teeth	of teeth
8:13	1	Καὶ	G2532	Kai	Then	Then
8:13	2	ὁ	G3588	ho	-	-
8:13	3	Ἰησοῦς	G2424	Iēsous	Jesus	Jesus
8:13	4	εἶπεν	G2036	eipen	said	said
8:13	5	τῷ	G3588	tō	to the	to the
8:13	6	ἑκατοντάρχῃ	G1543	hekatontarchē	centurion	centurion
8:13	7	Ὕπαγε	G5217	Hypage	Go	Go
8:13	8	ὡς	G5613	hōs	As	As
8:13	9	ἐπίστευσας	G4100	episteusas	you have believed	you have believed
8:13	10	γενηθήτω	G1096	genēthētō	[so] will it be done	[so] will it be done
8:13	11	σοι	G4771	soi	for you	for you
8:13	12	καὶ	G2532	kai	And	And
8:13	13	ὁ	G3588	ho	-	-
8:13	14	αὐτοῦ	G846	autou	his	his
8:13	15	παῖς	G3816	pais	servant	servant
8:13	16	ἰάθη	G2390	iathē	was healed	was healed
8:13	17	ἐν	G1722	en	at	at
8:13	18	ἐκείνῃ	G1565	ekeinē	that very	that very
8:13	19	τῇ	G3588	tē	-	-
8:13	20	ὥρᾳ	G5610	hōra	hour	hour
8:14	1	Καὶ	G2532	Kai	When	When
8:14	2	ὁ	G3588	ho	-	-
8:14	3	Ἰησοῦς	G2424	Iēsous	Jesus	Jesus
8:14	4	ἐλθὼν	G2064	elthōn	arrived	arrived
8:14	5	εἰς	G1519	eis	at	at
8:14	6	Πέτρου	G4074	Petrou	Peter’s	Peter’s
8:14	7	τὴν	G3588	tēn	-	-
8:14	8	οἰκίαν	G3614	oikian	house	house
8:14	9	εἶδεν	G3708	eiden	He saw	He saw
8:14	10	τὴν	G3588	tēn	-	-
8:14	11	αὐτοῦ	G846	autou	[Peter’s]	[Peter’s]
8:14	12	πενθερὰν	G3994	pentheran	mother-in-law	mother-in-law
8:14	13	βεβλημένην	G906	beblēmenēn	sick in bed	sick in bed
8:14	14	καὶ	G2532	kai	vvv	vvv
8:14	15	πυρέσσουσαν	G4445	pyressousan	with a fever	with a fever
8:15	1	καὶ	G2532	kai	So	So
8:15	2	ἥψατο	G680	hēpsato	He touched	He touched
8:15	3	τῆς	G3588	tēs	-	-
8:15	4	αὐτῆς	G846	autēs	her	her
8:15	5	χειρὸς	G5495	cheiros	hand	hand
8:15	6	καὶ	G2532	kai	and	and
8:15	7	ὁ	G3588	ho	the	the
8:15	8	πυρετός	G4446	pyretos	fever	fever
8:15	9	ἀφῆκεν	G863	aphēken	left	left
8:15	10	αὐτὴν	G846	autēn	her	her
8:15	11	καὶ	G2532	kai	and	and
8:15	12	ἠγέρθη	G1453	ēgerthē	she got up	she got up
8:15	13	καὶ	G2532	kai	and	and
8:15	14	διηκόνει	G1247	diēkonei	began to serve	began to serve
8:15	15	αὐτῷ	G846	autō	Him	Him
8:16	1	δὲ	G1161	de	When	When
8:16	2	Ὀψίας	G3798	Opsias	evening	evening
8:16	3	γενομένης	G1096	genomenēs	came	came
8:16	4	πολλούς	G4183	pollous	many	many
8:16	5	δαιμονιζομένους	G1139	daimonizomenous	who were demon-possessed	who were demon-possessed
8:16	6	προσήνεγκαν	G4374	prosēnenkan	were brought	were brought
8:16	7	αὐτῷ	G846	autō	to [Jesus]	to [Jesus]
8:16	8	καὶ	G2532	kai	and	and
8:16	9	ἐξέβαλεν	G1544	exebalen	He drove out	He drove out
8:16	10	τὰ	G3588	ta	the	the
8:16	11	πνεύματα	G4151	pneumata	spirits	spirits
8:16	12	λόγῳ	G3056	logō	with a word	with a word
8:16	13	καὶ	G2532	kai	and	and
8:16	14	ἐθεράπευσεν	G2323	etherapeusen	healed	healed
8:16	15	πάντας	G3956	pantas	all	all
8:16	16	τοὺς	G3588	tous	the	the
8:16	17	ἔχοντας	G2192	echontas	vvv	vvv
8:16	18	κακῶς	G2560	kakōs	sick	sick
8:17	1	ὅπως	G3704	hopōs	This was	This was
8:17	2	πληρωθῇ	G4137	plērōthē	to fulfill	to fulfill
8:17	3	τὸ	G3588	to	what	what
8:17	4	ῥηθὲν	G2046	rhēthen	was spoken	was spoken
8:17	5	διὰ	G1223	dia	through	through
8:17	6	τοῦ	G3588	tou	the	the
8:17	7	προφήτου	G4396	prophētou	prophet	prophet
8:17	8	Ἠσαΐου	G2268	Ēsaiou	Isaiah	Isaiah
8:17	9	λέγοντος	G3004	legontos	-	-
8:17	10	ἔλαβεν	G2983	elaben	He took up	He took up
8:17	11	Αὐτὸς	G846	Autos	. . .	. . .
8:17	12	τὰς	G3588	tas	-	-
8:17	13	ἡμῶν	G1473	hēmōn	our	our
8:17	14	ἀσθενείας	G769	astheneias	infirmities	infirmities
8:17	15	καὶ	G2532	kai	and	and
8:17	16	ἐβάστασεν	G941	ebastasen	carried	carried
8:17	17	τὰς	G3588	tas	our	our
8:17	18	νόσους	G3554	nosous	diseases	diseases
8:18	1	δὲ	G1161	de	[When]	[When]
8:18	2	ὁ	G3588	ho	-	-
8:18	3	Ἰησοῦς	G2424	Iēsous	Jesus	Jesus
8:18	4	Ἰδὼν	G3708	Idōn	saw	saw
8:18	5	πολλοὺς	G4183	pollous	[a] large	[a] large
8:18	6	ὄχλον	G3793	ochlon	crowd	crowd
8:18	7	περὶ	G4012	peri	around	around
8:18	8	αὐτὸν	G846	auton	Him	Him
8:18	9	ἐκέλευσεν	G2753	ekeleusen	He gave orders	He gave orders
8:18	10	ἀπελθεῖν	G565	apelthein	to cross	to cross
8:18	11	εἰς	G1519	eis	to	to
8:18	12	τὸ	G3588	to	the	the
8:18	13	πέραν	G4008	peran	other side [of the sea]	other side [of the sea]
8:19	1	Καὶ	G2532	Kai	And	And
8:19	2	εἷς	G1520	heis	one	one
8:19	3	γραμματεὺς	G1122	grammateus	of the scribes	of the scribes
8:19	4	προσελθὼν	G4334	proselthōn	came	came
8:19	5	αὐτῷ	G846	autō	to Him	to Him
8:19	6	εἶπεν	G2036	eipen	[and] said	[and] said
8:19	7	Διδάσκαλε	G1320	Didaskale	Teacher	Teacher
8:19	8	ἀκολουθήσω	G190	akolouthēsō	I will follow	I will follow
8:19	9	σοι	G4771	soi	You	You
8:19	10	ὅπου	G3699	hopou	wherever	wherever
8:19	11	ἐὰν	G1437	ean	-	-
8:19	12	ἀπέρχῃ	G565	aperchē	You go	You go
8:20	1	Καὶ	G2532	Kai	-	-
8:20	2	ὁ	G3588	ho	-	-
8:20	3	Ἰησοῦς	G2424	Iēsous	Jesus	Jesus
8:20	4	λέγει	G3004	legei	replied	replied
8:20	5	αὐτῷ	G846	autō	-	-
8:20	6	Αἱ	G3588	Hai	-	-
8:20	7	ἀλώπεκες	G258	alōpekes	Foxes	Foxes
8:20	8	ἔχουσιν	G2192	echousin	have	have
8:20	9	φωλεοὺς	G5454	phōleous	dens	dens
8:20	10	καὶ	G2532	kai	and	and
8:20	11	τὰ	G3588	ta	-	-
8:20	12	πετεινὰ	G4071	peteina	birds	birds
8:20	13	τοῦ	G3588	tou	of the	of the
8:20	14	οὐρανοῦ	G3772	ouranou	air [have]	air [have]
8:20	15	κατασκηνώσεις	G2682	kataskēnōseis	nests	nests
8:20	16	ὁ	G3588	ho	-	-
8:20	17	δὲ	G1161	de	but	but
8:20	18	Υἱὸς	G5207	Huios	[the] Son	[the] Son
8:20	19	τοῦ	G3588	tou	-	-
8:20	20	ἀνθρώπου	G444	anthrōpou	of Man	of Man
8:20	21	ἔχει	G2192	echei	has	has
8:20	22	οὐκ	G3756	ouk	no	no
8:20	23	ποῦ	G4226	pou	[place]	[place]
8:20	24	κλίνῃ	G2827	klinē	to lay	to lay
8:20	25	τὴν	G3588	tēn	[His]	[His]
8:20	26	κεφαλὴν	G2776	kephalēn	head	head
8:21	1	δὲ	G1161	de	-	-
8:21	2	Ἕτερος	G2087	Heteros	Another	Another
8:21	3	τῶν	G3588	tōn	-	-
8:21	4	αὐτοῦ	G846	autou	of His	of His
8:21	5	μαθητῶν	G3101	mathētōn	disciples	disciples
8:21	6	εἶπεν	G2036	eipen	requested	requested
8:21	7	αὐτῷ	G846	autō	-	-
8:21	8	Κύριε	G2962	Kyrie	Lord	Lord
8:21	9	πρῶτον	G4412	prōton	first	first
8:21	10	ἐπίτρεψόν	G2010	epitrepson	let	let
8:21	11	μοι	G1473	moi	me	me
8:21	12	ἀπελθεῖν	G565	apelthein	go	go
8:21	13	καὶ	G2532	kai	and	and
8:21	14	θάψαι	G2290	thapsai	bury	bury
8:21	15	τὸν	G3588	ton	-	-
8:21	16	μου	G1473	mou	my	my
8:21	17	πατέρα	G3962	patera	father	father
8:22	1	δὲ	G1161	de	But	But
8:22	2	Ὁ	G3588	Ho	-	-
8:22	3	Ἰησοῦς	G2424	Iēsous	Jesus	Jesus
8:22	4	λέγει	G3004	legei	told	told
8:22	5	αὐτῷ	G846	autō	him	him
8:22	6	Ἀκολούθει	G190	Akolouthei	Follow	Follow
8:22	7	μοι	G1473	moi	Me	Me
8:22	8	καὶ	G2532	kai	and	and
8:22	9	ἄφες	G863	aphes	let	let
8:22	10	τοὺς	G3588	tous	the	the
8:22	11	νεκροὺς	G3498	nekrous	dead	dead
8:22	12	θάψαι	G2290	thapsai	bury	bury
8:22	13	τοὺς	G3588	tous	-	-
8:22	14	ἑαυτῶν	G1438	heautōn	their own	their own
8:22	15	νεκρούς	G3498	nekrous	dead	dead
8:23	1	Καὶ	G2532	Kai	[When]	[When]
8:23	2	αὐτῷ	G846	autō	He	He
8:23	3	ἐμβάντι	G1684	embanti	got into	got into
8:23	4	εἰς	G1519	eis	. . .	. . .
8:23	5	τὸ	G3588	to	the	the
8:23	6	πλοῖον	G4143	ploion	boat	boat
8:23	7	αὐτοῦ	G846	autou	His	His
8:23	8	οἱ	G3588	hoi	-	-
8:23	9	μαθηταὶ	G3101	mathētai	disciples	disciples
8:23	10	ἠκολούθησαν	G190	ēkolouthēsan	followed	followed
8:23	11	αὐτῷ	G846	autō	Him	Him
8:24	1	καὶ	G2532	kai	Suddenly	Suddenly
8:24	2	ἰδοὺ	G2400	idou	. . .	. . .
8:24	3	μέγας	G3173	megas	a violent	a violent
8:24	4	σεισμὸς	G4578	seismos	storm	storm
8:24	5	ἐγένετο	G1096	egeneto	came up	came up
8:24	6	ἐν	G1722	en	on	on
8:24	7	τῇ	G3588	tē	the	the
8:24	8	θαλάσσῃ	G2281	thalassē	sea	sea
8:24	9	ὥστε	G5620	hōste	so that	so that
8:24	10	τὸ	G3588	to	the	the
8:24	11	πλοῖον	G4143	ploion	boat	boat
8:24	12	καλύπτεσθαι	G2572	kalyptesthai	was engulfed	was engulfed
8:24	13	ὑπὸ	G5259	hypo	by	by
8:24	14	τῶν	G3588	tōn	the	the
8:24	15	κυμάτων	G2949	kymatōn	waves	waves
8:24	16	δὲ	G1161	de	But	But
8:24	17	αὐτὸς	G846	autos	[Jesus]	[Jesus]
8:24	18	ἐκάθευδεν	G2518	ekatheuden	was sleeping	was sleeping
8:25	1	καὶ	G2532	kai	-	-
8:25	2	προσελθόντες	G4334	proselthontes	[The disciples] went	[The disciples] went
8:25	3	ἤγειραν	G1453	ēgeiran	[and] woke	[and] woke
8:25	4	αὐτὸν	G846	auton	Him	Him
8:25	5	λέγοντες	G3004	legontes	saying	saying
8:25	6	Κύριε	G2962	Kyrie	Lord	Lord
8:25	7	σῶσον	G4982	sōson	save us	save us
8:25	8	ἀπολλύμεθα	G622	apollymetha	We are perishing	We are perishing
8:26	1	ὀλιγόπιστοι	G3640	oligopistoi	[You] of little faith	[You] of little faith
8:26	2	Καὶ	G2532	Kai	-	-
8:26	3	λέγει	G3004	legei	[Jesus] replied	[Jesus] replied
8:26	4	αὐτοῖς	G846	autois	. . .	. . .
8:26	5	Τί	G5101	Ti	why	why
8:26	6	ἐστε	G1510	este	are you	are you
8:26	7	δειλοί	G1169	deiloi	so afraid	so afraid
8:26	8	τότε	G5119	tote	Then	Then
8:26	9	ἐγερθεὶς	G1453	egertheis	He got up	He got up
8:26	10	ἐπετίμησεν	G2008	epetimēsen	[and] rebuked	[and] rebuked
8:26	11	τοῖς	G3588	tois	the	the
8:26	12	ἀνέμοις	G417	anemois	winds	winds
8:26	13	καὶ	G2532	kai	and	and
8:26	14	τῇ	G3588	tē	the	the
8:26	15	θαλάσσῃ	G2281	thalassē	sea	sea
8:26	16	καὶ	G2532	kai	and	and
8:26	17	ἐγένετο	G1096	egeneto	it was	it was
8:26	18	μεγάλη	G3173	megalē	perfectly	perfectly
8:26	19	γαλήνη	G1055	galēnē	calm	calm
8:27	1	Οἱ	G3588	Hoi	-	-
8:27	2	δὲ	G1161	de	-	-
8:27	3	ἄνθρωποι	G444	anthrōpoi	[The] men	[The] men
8:27	4	ἐθαύμασαν	G2296	ethaumasan	were amazed	were amazed
8:27	5	λέγοντες	G3004	legontes	[and] asked	[and] asked
8:27	6	Ποταπός	G4217	Potapos	What kind [of man]	What kind [of man]
8:27	7	ἐστιν	G1510	estin	is	is
8:27	8	οὗτος	G3778	houtos	this	this
8:27	9	ὅτι	G3754	hoti	-	-
8:27	10	καὶ	G2532	kai	Even	Even
8:27	11	οἱ	G3588	hoi	the	the
8:27	12	ἄνεμοι	G417	anemoi	winds	winds
8:27	13	καὶ	G2532	kai	and	and
8:27	14	ἡ	G3588	hē	the	the
8:27	15	θάλασσα	G2281	thalassa	sea	sea
8:27	16	ὑπακούουσιν	G5219	hypakouousin	obey	obey
8:27	17	αὐτῷ	G846	autō	Him	Him
8:28	1	Καὶ	G2532	Kai	When	When
8:28	2	αὐτοῦ	G846	autou	[Jesus]	[Jesus]
8:28	3	ἐλθόντος	G2064	elthontos	arrived	arrived
8:28	4	εἰς	G1519	eis	on	on
8:28	5	τὸ	G3588	to	the	the
8:28	6	πέραν	G4008	peran	other side	other side
8:28	7	εἰς	G1519	eis	in	in
8:28	8	τὴν	G3588	tēn	the	the
8:28	9	χώραν	G5561	chōran	region	region
8:28	10	τῶν	G3588	tōn	of the	of the
8:28	11	Γαδαρηνῶν	G1046	Gadarēnōn	Gadarenes	Gadarenes
8:28	12	ὑπήντησαν	G5221	hypēntēsan	He was met by	He was met by
8:28	13	αὐτῷ	G846	autō	. . .	. . .
8:28	14	δύο	G1417	dyo	two	two
8:28	15	δαιμονιζόμενοι	G1139	daimonizomenoi	demon-possessed [men]	demon-possessed [men]
8:28	16	ἐξερχόμενοι	G1831	exerchomenoi	coming	coming
8:28	17	ἐκ	G1537	ek	from	from
8:28	18	τῶν	G3588	tōn	the	the
8:28	19	μνημείων	G3419	mnēmeiōn	tombs	tombs
8:28	20	λίαν	G3029	lian	[They were] so	[They were] so
8:28	21	χαλεποὶ	G5467	chalepoi	violent	violent
8:28	22	ὥστε	G5620	hōste	that	that
8:28	23	μὴ	G3361	mē	no	no
8:28	24	τινὰ	G5100	tina	one	one
8:28	25	ἰσχύειν	G2480	ischyein	could	could
8:28	26	παρελθεῖν	G3928	parelthein	pass	pass
8:28	27	διὰ	G1223	dia	. . .	. . .
8:28	28	ἐκείνης	G1565	ekeinēs	that	that
8:28	29	τῆς	G3588	tēs	-	-
8:28	30	ὁδοῦ	G3598	hodou	way	way
8:29	1	Τί	G5101	Ti	What	What
8:29	2	σοί	G4771	soi	do You [want]	do You [want]
8:29	3	καὶ	G2532	kai	-	-
8:29	4	ἡμῖν	G1473	hēmin	with us	with us
8:29	5	Υἱὲ	G5207	Huie	Son	Son
8:29	6	τοῦ	G3588	tou	-	-
8:29	7	Θεοῦ	G2316	Theou	of God	of God
8:29	8	Καὶ	G2532	Kai	-	-
8:29	9	ἰδοὺ	G2400	idou	-	-
8:29	10	ἔκραξαν	G2896	ekraxan	they shouted	they shouted
8:29	11	λέγοντες	G3004	legontes	-	-
8:29	12	ἦλθες	G2064	ēlthes	Have You come	Have You come
8:29	13	ὧδε	G5602	hōde	here	here
8:29	14	βασανίσαι	G928	basanisai	to torture	to torture
8:29	15	ἡμᾶς	G1473	hēmas	us	us
8:29	16	πρὸ	G4253	pro	before [the]	before [the]
8:29	17	καιροῦ	G2540	kairou	appointed time	appointed time
8:30	1	δὲ	G1161	de	-	-
8:30	2	μακρὰν	G3112	makran	In the distance	In the distance
8:30	3	ἀπ’	G575	ap’	. . .	. . .
8:30	4	αὐτῶν	G846	autōn	. . .	. . .
8:30	5	πολλῶν	G4183	pollōn	a large	a large
8:30	6	ἀγέλη	G34	agelē	herd	herd
8:30	7	χοίρων	G5519	choirōn	of pigs	of pigs
8:30	8	Ἦν	G1510	Ēn	was	was
8:30	9	βοσκομένη	G1006	boskomenē	feeding	feeding
8:31	1	δὲ	G1161	de	So	So
8:31	2	οἱ	G3588	hoi	the	the
8:31	3	δαίμονες	G1142	daimones	demons	demons
8:31	4	παρεκάλουν	G3870	parekaloun	begged	begged
8:31	5	αὐτὸν	G846	auton	[Jesus]	[Jesus]
8:31	6	λέγοντες	G3004	legontes	-	-
8:31	7	Εἰ	G1487	Ei	If	If
8:31	8	ἐκβάλλεις	G1544	ekballeis	You drive us out	You drive us out
8:31	9	ἡμᾶς	G1473	hēmas	. . .	. . .
8:31	10	ἀπόστειλον	G649	aposteilon	send us	send us
8:31	11	ἡμᾶς	G1473	hēmas	. . .	. . .
8:31	12	εἰς	G1519	eis	into	into
8:31	13	τὴν	G3588	tēn	the	the
8:31	14	ἀγέλην	G34	agelēn	herd	herd
8:31	15	τῶν	G3588	tōn	-	-
8:31	16	χοίρων	G5519	choirōn	of pigs	of pigs
8:32	1	Ὑπάγετε	G5217	Hypagete	Go	Go
8:32	2	Καὶ	G2532	Kai	-	-
8:32	3	εἶπεν	G2036	eipen	He told	He told
8:32	4	αὐτοῖς	G846	autois	them	them
8:32	5	οἱ	G3588	hoi	-	-
8:32	6	δὲ	G1161	de	So	So
8:32	7	ἐξελθόντες	G1831	exelthontes	they came out	they came out
8:32	8	ἀπῆλθον	G565	apēlthon	and went	and went
8:32	9	εἰς	G1519	eis	into	into
8:32	10	τοὺς	G3588	tous	the	the
8:32	11	χοίρους	G5519	choirous	pigs	pigs
8:32	12	καὶ	G2532	kai	and	and
8:32	13	ἰδοὺ	G2400	idou	-	-
8:32	14	ἡ	G3588	hē	the	the
8:32	15	πᾶσα	G3956	pasa	whole	whole
8:32	16	ἀγέλη	G34	agelē	herd	herd
8:32	17	ὥρμησεν	G3729	hōrmēsen	rushed	rushed
8:32	18	κατὰ	G2596	kata	down	down
8:32	19	τοῦ	G3588	tou	the	the
8:32	20	κρημνοῦ	G2911	krēmnou	steep bank	steep bank
8:32	21	εἰς	G1519	eis	into	into
8:32	22	τὴν	G3588	tēn	the	the
8:32	23	θάλασσαν	G2281	thalassan	sea	sea
8:32	24	καὶ	G2532	kai	and	and
8:32	25	ἀπέθανον	G599	apethanon	died	died
8:32	26	ἐν	G1722	en	in	in
8:32	27	τοῖς	G3588	tois	the	the
8:32	28	ὕδασιν	G5204	hydasin	waters	waters
8:33	1	δὲ	G1161	de	-	-
8:33	2	Οἱ	G3588	Hoi	Those	Those
8:33	3	βόσκοντες	G1006	boskontes	tending [the pigs]	tending [the pigs]
8:33	4	ἔφυγον	G5343	ephygon	ran off	ran off
8:33	5	καὶ	G2532	kai	. . .	. . .
8:33	6	ἀπελθόντες	G565	apelthontes	. . .	. . .
8:33	7	εἰς	G1519	eis	into	into
8:33	8	τὴν	G3588	tēn	the	the
8:33	9	πόλιν	G4172	polin	town	town
8:33	10	ἀπήγγειλαν	G518	apēngeilan	[and] reported	[and] reported
8:33	11	πάντα	G3956	panta	all this	all this
8:33	12	καὶ	G2532	kai	including	including
8:33	13	τὰ	G3588	ta	the [account]	the [account]
8:33	14	τῶν	G3588	tōn	of the	of the
8:33	15	δαιμονιζομένων	G1139	daimonizomenōn	demon-possessed [men]	demon-possessed [men]
8:34	1	καὶ	G2532	kai	Then	Then
8:34	2	ἰδοὺ	G2400	idou	. . .	. . .
8:34	3	ἡ	G3588	hē	the	the
8:34	4	πᾶσα	G3956	pasa	whole	whole
8:34	5	πόλις	G4172	polis	town	town
8:34	6	ἐξῆλθεν	G1831	exēlthen	went out	went out
8:34	7	εἰς	G1519	eis	to	to
8:34	8	ὑπάντησιν	G5222	hypantēsin	meet	meet
8:34	9	τῷ	G3588	tō	-	-
8:34	10	Ἰησοῦ	G2424	Iēsou	Jesus	Jesus
8:34	11	καὶ	G2532	kai	And	And
8:34	12	ἰδόντες	G3708	idontes	when they saw	when they saw
8:34	13	αὐτὸν	G846	auton	Him	Him
8:34	14	παρεκάλεσαν	G3870	parekalesan	they begged [Him]	they begged [Him]
8:34	15	ὅπως	G3704	hopōs	-	-
8:34	16	μεταβῇ	G3327	metabē	to leave	to leave
8:34	17	ἀπὸ	G575	apo	. . .	. . .
8:34	18	τῶν	G3588	tōn	-	-
8:34	19	αὐτῶν	G846	autōn	their	their
8:34	20	ὁρίων	G3725	horiōn	region	region
9:1	1	Καὶ	G2532	Kai	-	-
9:1	2	ἐμβὰς	G1684	embas	[Jesus] got into	[Jesus] got into
9:1	3	εἰς	G1519	eis	. . .	. . .
9:1	4	πλοῖον	G4143	ploion	a boat	a boat
9:1	5	διεπέρασεν	G1276	dieperasen	crossed over	crossed over
9:1	6	καὶ	G2532	kai	and	and
9:1	7	ἦλθεν	G2064	ēlthen	came	came
9:1	8	εἰς	G1519	eis	to	to
9:1	9	τὴν	G3588	tēn	[His]	[His]
9:1	10	ἰδίαν	G2398	idian	own	own
9:1	11	πόλιν	G4172	polin	town	town
9:2	1	Καὶ	G2532	Kai	Just then	Just then
9:2	2	ἰδοὺ	G2400	idou	. . .	. . .
9:2	3	προσέφερον	G4374	prosepheron	[some men] brought	[some men] brought
9:2	4	αὐτῷ	G846	autō	to Him	to Him
9:2	5	παραλυτικὸν	G3885	paralytikon	a paralytic	a paralytic
9:2	6	βεβλημένον	G906	beblēmenon	lying	lying
9:2	7	ἐπὶ	G1909	epi	on	on
9:2	8	κλίνης	G2825	klinēs	a mat	a mat
9:2	9	καὶ	G2532	kai	When	When
9:2	10	ὁ	G3588	ho	-	-
9:2	11	Ἰησοῦς	G2424	Iēsous	Jesus	Jesus
9:2	12	ἰδὼν	G3708	idōn	saw	saw
9:2	13	τὴν	G3588	tēn	-	-
9:2	14	αὐτῶν	G846	autōn	their	their
9:2	15	πίστιν	G4102	pistin	faith	faith
9:2	16	εἶπεν	G2036	eipen	He said	He said
9:2	17	τῷ	G3588	tō	to the	to the
9:2	18	παραλυτικῷ	G3885	paralytikō	paralytic	paralytic
9:2	19	Θάρσει	G2293	Tharsei	Take courage	Take courage
9:2	20	τέκνον	G5043	teknon	son	son
9:2	21	σου	G4771	sou	your	your
9:2	22	αἱ	G3588	hai	-	-
9:2	23	ἁμαρτίαι	G266	hamartiai	sins	sins
9:2	24	ἀφίενταί	G863	aphientai	are forgiven	are forgiven
9:3	1	Καὶ	G2532	Kai	On seeing this	On seeing this
9:3	2	ἰδού	G2400	idou	. . .	. . .
9:3	3	τινες	G5100	tines	some	some
9:3	4	τῶν	G3588	tōn	of the	of the
9:3	5	γραμματέων	G1122	grammateōn	scribes	scribes
9:3	6	εἶπαν	G2036	eipan	said	said
9:3	7	ἐν	G1722	en	to	to
9:3	8	ἑαυτοῖς	G1438	heautois	themselves	themselves
9:3	9	Οὗτος	G3778	Houtos	This [man]	This [man]
9:3	10	βλασφημεῖ	G987	blasphēmei	is blaspheming	is blaspheming
9:4	1	Καὶ	G2532	Kai	But	But
9:4	2	ὁ	G3588	ho	-	-
9:4	3	Ἰησοῦς	G2424	Iēsous	Jesus	Jesus
9:4	4	εἰδὼς	G1492	eidōs	knew	knew
9:4	5	τὰς	G3588	tas	what	what
9:4	6	αὐτῶν	G846	autōn	they	they
9:4	7	ἐνθυμήσεις	G1761	enthymēseis	were thinking	were thinking
9:4	8	εἶπεν	G2036	eipen	[and] said	[and] said
9:4	9	Ἵνα‿	G2443	Hina	Why	Why
9:4	10	τί	G5101	ti	. . .	. . .
9:4	11	ἐνθυμεῖσθε	G1760	enthymeisthe	do you harbor	do you harbor
9:4	12	πονηρὰ	G4190	ponēra	evil	evil
9:4	13	ἐν	G1722	en	in	in
9:4	14	ταῖς	G3588	tais	-	-
9:4	15	ὑμῶν	G4771	hymōn	your	your
9:4	16	καρδίαις	G2588	kardiais	hearts	hearts
9:5	1	γάρ	G1063	gar	-	-
9:5	2	τί	G5101	ti	Which	Which
9:5	3	ἐστιν	G1510	estin	is	is
9:5	4	εὐκοπώτερον	G2123	eukopōteron	easier	easier
9:5	5	εἰπεῖν	G2036	eipein	to say	to say
9:5	6	σου	G4771	sou	Your	Your
9:5	7	αἱ	G3588	hai	-	-
9:5	8	ἁμαρτίαι	G266	hamartiai	sins	sins
9:5	9	Ἀφίενταί	G863	Aphientai	are forgiven	are forgiven
9:5	10	ἢ	G2228	ē	or	or
9:5	11	εἰπεῖν	G2036	eipein	to say	to say
9:5	12	Ἔγειρε	G1453	Egeire	Get up	Get up
9:5	13	καὶ	G2532	kai	and	and
9:5	14	περιπάτει	G4043	peripatei	walk	walk
9:6	1	δὲ	G1161	de	But	But
9:6	2	ἵνα	G2443	hina	so that	so that
9:6	3	εἰδῆτε	G1492	eidēte	you may know	you may know
9:6	4	ὅτι	G3754	hoti	that	that
9:6	5	ὁ	G3588	ho	the	the
9:6	6	Υἱὸς	G5207	Huios	Son	Son
9:6	7	τοῦ	G3588	tou	-	-
9:6	8	ἀνθρώπου	G444	anthrōpou	of Man	of Man
9:6	9	ἔχει	G2192	echei	has	has
9:6	10	ἐξουσίαν	G1849	exousian	authority	authority
9:6	11	ἐπὶ	G1909	epi	on	on
9:6	12	τῆς	G3588	tēs	-	-
9:6	13	γῆς	G1093	gēs	earth	earth
9:6	14	ἀφιέναι	G863	aphienai	to forgive	to forgive
9:6	15	ἁμαρτίας	G266	hamartias	sins	sins
9:6	16	τότε	G5119	tote	Then	Then
9:6	17	λέγει	G3004	legei	He said	He said
9:6	18	τῷ	G3588	tō	to the	to the
9:6	19	παραλυτικῷ	G3885	paralytikō	paralytic	paralytic
9:6	20	Ἐγερθεὶς	G1453	Egertheis	Get up	Get up
9:6	21	ἆρόν	G142	aron	pick up	pick up
9:6	22	σου	G4771	sou	your	your
9:6	23	τὴν	G3588	tēn	-	-
9:6	24	κλίνην	G2825	klinēn	mat	mat
9:6	25	καὶ	G2532	kai	and	and
9:6	26	ὕπαγε	G5217	hypage	go	go
9:6	27	εἰς	G1519	eis	vvv	vvv
9:6	28	τὸν	G3588	ton	vvv	vvv
9:6	29	σου	G4771	sou	vvv	vvv
9:6	30	οἶκόν	G3624	oikon	home	home
9:7	1	καὶ	G2532	kai	And	And
9:7	2	ἐγερθεὶς	G1453	egertheis	[the man] got up	[the man] got up
9:7	3	ἀπῆλθεν	G565	apēlthen	and went	and went
9:7	4	εἰς	G1519	eis	vvv	vvv
9:7	5	τὸν	G3588	ton	vvv	vvv
9:7	6	αὐτοῦ	G846	autou	vvv	vvv
9:7	7	οἶκον	G3624	oikon	home	home
9:8	1	δὲ	G1161	de	When	When
9:8	2	οἱ	G3588	hoi	the	the
9:8	3	ὄχλοι	G3793	ochloi	crowds	crowds
9:8	4	Ἰδόντες	G3708	Idontes	saw this	saw this
9:8	5	ἐφοβήθησαν	G5399	ephobēthēsan	they were filled with awe	they were filled with awe
9:8	6	καὶ	G2532	kai	and	and
9:8	7	ἐδόξασαν	G1392	edoxasan	glorified	glorified
9:8	8	τὸν	G3588	ton	-	-
9:8	9	Θεὸν	G2316	Theon	God	God
9:8	10	τὸν	G3588	ton	-	-
9:8	11	δόντα	G1325	donta	who had given	who had given
9:8	12	τοιαύτην	G5108	toiautēn	such	such
9:8	13	ἐξουσίαν	G1849	exousian	authority	authority
9:8	14	τοῖς	G3588	tois	-	-
9:8	15	ἀνθρώποις	G444	anthrōpois	to men	to men
9:9	1	Καὶ	G2532	Kai	As	As
9:9	2	ὁ	G3588	ho	-	-
9:9	3	Ἰησοῦς	G2424	Iēsous	Jesus	Jesus
9:9	4	παράγων	G3855	paragōn	went on	went on
9:9	5	ἐκεῖθεν	G1564	ekeithen	from there	from there
9:9	6	εἶδεν	G3708	eiden	He saw	He saw
9:9	7	ἄνθρωπον	G444	anthrōpon	a man	a man
9:9	8	λεγόμενον	G3004	legomenon	named	named
9:9	9	Μαθθαῖον	G3156	Maththaion	Matthew	Matthew
9:9	10	καθήμενον	G2521	kathēmenon	sitting	sitting
9:9	11	ἐπὶ	G1909	epi	at	at
9:9	12	τὸ	G3588	to	the	the
9:9	13	τελώνιον	G5058	telōnion	tax booth	tax booth
9:9	14	Ἀκολούθει	G190	Akolouthei	Follow	Follow
9:9	15	μοι	G1473	moi	Me	Me
9:9	16	καὶ	G2532	kai	-	-
9:9	17	λέγει	G3004	legei	He told	He told
9:9	18	αὐτῷ	G846	autō	him	him
9:9	19	καὶ	G2532	kai	and	and
9:9	20	ἀναστὰς	G450	anastas	[Matthew] got up	[Matthew] got up
9:9	21	ἠκολούθησεν	G190	ēkolouthēsen	[and] followed	[and] followed
9:9	22	αὐτῷ	G846	autō	Him	Him
9:10	1	Καὶ	G2532	Kai	Later	Later
9:10	2	ἐγένετο	G1096	egeneto	as	as
9:10	3	αὐτοῦ	G846	autou	[Jesus]	[Jesus]
9:10	4	ἀνακειμένου	G345	anakeimenou	was dining	was dining
9:10	5	ἐν	G1722	en	at	at
9:10	6	τῇ	G3588	tē	[Matthew’s]	[Matthew’s]
9:10	7	οἰκίᾳ	G3614	oikia	house	house
9:10	8	καὶ	G2532	kai	-	-
9:10	9	ἰδοὺ	G2400	idou	-	-
9:10	10	πολλοὶ	G4183	polloi	many	many
9:10	11	τελῶναι	G5057	telōnai	tax collectors	tax collectors
9:10	12	καὶ	G2532	kai	and	and
9:10	13	ἁμαρτωλοὶ	G268	hamartōloi	sinners	sinners
9:10	14	ἐλθόντες	G2064	elthontes	came	came
9:10	15	συνανέκειντο	G4873	synanekeinto	[and] ate with	[and] ate with
9:10	16	τῷ	G3588	tō	-	-
9:10	17	Ἰησοῦ	G2424	Iēsou	[Him]	[Him]
9:10	18	καὶ	G2532	kai	and	and
9:10	19	τοῖς	G3588	tois	-	-
9:10	20	αὐτοῦ	G846	autou	His	His
9:10	21	μαθηταῖς	G3101	mathētais	disciples	disciples
9:11	1	καὶ	G2532	kai	When	When
9:11	2	οἱ	G3588	hoi	the	the
9:11	3	Φαρισαῖοι	G5330	Pharisaioi	Pharisees	Pharisees
9:11	4	ἰδόντες	G3708	idontes	saw this	saw this
9:11	5	ἔλεγον	G2036	elegon	they asked	they asked
9:11	6	τοῖς	G3588	tois	-	-
9:11	7	αὐτοῦ	G846	autou	His	His
9:11	8	μαθηταῖς	G3101	mathētais	disciples	disciples
9:11	9	Διὰ	G1223	Dia	Why	Why
9:11	10	τί	G5101	ti	. . .	. . .
9:11	11	ὁ	G3588	ho	-	-
9:11	12	ὑμῶν	G4771	hymōn	{does} your	{does} your
9:11	13	διδάσκαλος	G1320	didaskalos	Teacher	Teacher
9:11	14	ἐσθίει	G2068	esthiei	eat	eat
9:11	15	μετὰ	G3326	meta	with	with
9:11	16	τῶν	G3588	tōn	-	-
9:11	17	τελωνῶν	G5057	telōnōn	tax collectors	tax collectors
9:11	18	καὶ	G2532	kai	and	and
9:11	19	ἁμαρτωλῶν	G268	hamartōlōn	sinners	sinners
9:12	1	Ὁ	G3588	Ho	-	-
9:12	2	δὲ	G1161	de	[On]	[On]
9:12	3	ἀκούσας	G191	akousas	hearing this	hearing this
9:12	4	εἶπεν	G2036	eipen	[Jesus] said	[Jesus] said
9:12	5	Οὐ	G3756	Ou	[It is] not	[It is] not
9:12	6	οἱ	G3588	hoi	the	the
9:12	7	ἰσχύοντες	G2480	ischyontes	healthy	healthy
9:12	8	ἔχουσιν	G2192	echousin	[who]	[who]
9:12	9	χρείαν	G5532	chreian	need	need
9:12	10	ἰατροῦ	G2395	iatrou	a doctor	a doctor
9:12	11	ἀλλ’	G235	all’	but	but
9:12	12	οἱ	G3588	hoi	the	the
9:12	13	ἔχοντες	G2192	echontes	vvv	vvv
9:12	14	κακῶς	G2560	kakōs	sick	sick
9:13	1	δὲ	G1161	de	But	But
9:13	2	πορευθέντες	G4198	poreuthentes	go	go
9:13	3	μάθετε	G3129	mathete	[and] learn	[and] learn
9:13	4	τί	G5101	ti	what	what
9:13	5	ἐστιν	G1510	estin	this means	this means
9:13	6	θέλω	G2309	thelō	I desire	I desire
9:13	7	Ἔλεος	G1656	Eleos	mercy	mercy
9:13	8	καὶ	G2532	kai	-	-
9:13	9	οὐ	G3756	ou	not	not
9:13	10	θυσίαν	G2378	thysian	sacrifice	sacrifice
9:13	11	γὰρ	G1063	gar	For	For
9:13	12	ἦλθον	G2064	ēlthon	I have not come	I have not come
9:13	13	οὐ	G3756	ou	. . .	. . .
9:13	14	καλέσαι	G2564	kalesai	to call	to call
9:13	15	δικαίους	G1342	dikaious	[the] righteous	[the] righteous
9:13	16	ἀλλὰ	G235	alla	but	but
9:13	17	ἁμαρτωλούς	G268	hamartōlous	sinners	sinners
9:14	1	Τότε	G5119	Tote	Then	Then
9:14	2	Ἰωάννου	G2491	Iōannou	John’s	John’s
9:14	3	οἱ	G3588	hoi	-	-
9:14	4	μαθηταὶ	G3101	mathētai	disciples	disciples
9:14	5	προσέρχονται	G4334	proserchontai	came	came
9:14	6	αὐτῷ	G846	autō	to [Jesus]	to [Jesus]
9:14	7	λέγοντες	G3004	legontes	[and] asked	[and] asked
9:14	8	Διὰ	G1223	Dia	Why is it that	Why is it that
9:14	9	τί	G5101	ti	. . .	. . .
9:14	10	ἡμεῖς	G1473	hēmeis	we	we
9:14	11	καὶ	G2532	kai	and	and
9:14	12	οἱ	G3588	hoi	the	the
9:14	13	Φαρισαῖοι	G5330	Pharisaioi	Pharisees	Pharisees
9:14	14	νηστεύομεν	G3522	nēsteuomen	fast	fast
9:14	15	πολλά	G4183	polla	so often	so often
9:14	16	οἱ	G3588	hoi	-	-
9:14	17	δὲ	G1161	de	but	but
9:14	18	σου	G4771	sou	Your	Your
9:14	19	μαθηταί	G3101	mathētai	disciples	disciples
9:14	20	οὐ	G3756	ou	{do} not	{do} not
9:14	21	νηστεύουσιν	G3522	nēsteuousin	fast	fast
9:15	1	Καὶ	G2532	Kai	-	-
9:15	2	ὁ	G3588	ho	-	-
9:15	3	Ἰησοῦς	G2424	Iēsous	Jesus	Jesus
9:15	4	εἶπεν	G2036	eipen	replied	replied
9:15	5	αὐτοῖς	G846	autois	-	-
9:15	6	δύνανται	G1410	dynantai	How can	How can
9:15	7	Μὴ	G3361	Mē	-	-
9:15	8	οἱ	G3588	hoi	the	the
9:15	9	υἱοὶ	G5207	huioi	guests	guests
9:15	10	τοῦ	G3588	tou	of the	of the
9:15	11	νυμφῶνος	G3567	nymphōnos	bridegroom	bridegroom
9:15	12	πενθεῖν	G3996	penthein	mourn	mourn
9:15	13	ἐφ’	G1909	eph’	vvv	vvv
9:15	14	ὅσον	G3745	hoson	while	while
9:15	15	ὁ	G3588	ho	-	-
9:15	16	νυμφίος	G3566	nymphios	[He]	[He]
9:15	17	ἐστιν	G1510	estin	is	is
9:15	18	μετ’	G3326	met’	with	with
9:15	19	αὐτῶν	G846	autōn	them	them
9:15	20	δὲ	G1161	de	But	But
9:15	21	ἡμέραι	G2250	hēmerai	[the] time	[the] time
9:15	22	ἐλεύσονται	G2064	eleusontai	will come	will come
9:15	23	ὅταν	G3752	hotan	when	when
9:15	24	ὁ	G3588	ho	the	the
9:15	25	νυμφίος	G3566	nymphios	bridegroom	bridegroom
9:15	26	ἀπαρθῇ	G522	aparthē	will be taken	will be taken
9:15	27	ἀπ’	G575	ap’	from	from
9:15	28	αὐτῶν	G846	autōn	them	them
9:15	29	καὶ	G2532	kai	-	-
9:15	30	τότε	G5119	tote	then	then
9:15	31	νηστεύσουσιν	G3522	nēsteusousin	they will fast	they will fast
9:16	1	δὲ	G1161	de	-	-
9:16	2	Οὐδεὶς	G3762	Oudeis	No one	No one
9:16	3	ἐπιβάλλει	G1911	epiballei	sews	sews
9:16	4	ἐπίβλημα	G1915	epiblēma	a patch	a patch
9:16	5	ἀγνάφου	G46	agnaphou	of unshrunk	of unshrunk
9:16	6	ῥάκους	G4470	rhakous	cloth	cloth
9:16	7	ἐπὶ	G1909	epi	on	on
9:16	8	παλαιῷ	G3820	palaiō	an old	an old
9:16	9	ἱματίῳ	G2440	himatiō	garment	garment
9:16	10	γὰρ	G1063	gar	For	For
9:16	11	τὸ	G3588	to	the	the
9:16	12	πλήρωμα	G4138	plērōma	patch	patch
9:16	13	αὐτοῦ	G846	autou	-	-
9:16	14	αἴρει	G142	airei	will pull away	will pull away
9:16	15	ἀπὸ	G575	apo	from	from
9:16	16	τοῦ	G3588	tou	the	the
9:16	17	ἱματίου	G2440	himatiou	garment	garment
9:16	18	καὶ	G2532	kai	and	and
9:16	19	χεῖρον	G5501	cheiron	a worse	a worse
9:16	20	σχίσμα	G4978	schisma	tear	tear
9:16	21	γίνεται	G1096	ginetai	will result	will result
9:17	1	Οὐδὲ	G3761	Oude	Neither	Neither
9:17	2	βάλλουσιν	G906	ballousin	do [men] pour	do [men] pour
9:17	3	νέον	G3501	neon	new	new
9:17	4	οἶνον	G3631	oinon	wine	wine
9:17	5	εἰς	G1519	eis	into	into
9:17	6	παλαιούς	G3820	palaious	old	old
9:17	7	ἀσκοὺς	G779	askous	wineskins	wineskins
9:17	8	εἰ	G1487	ei	If they do	If they do
9:17	9	δὲ	G1161	de	. . .	. . .
9:17	10	μή¦γε	G1490	mē¦ge	. . .	. . .
9:17	11	οἱ	G3588	hoi	the	the
9:17	12	ἀσκοί	G779	askoi	skins	skins
9:17	13	ῥήγνυνται	G4486	rhēgnyntai	will burst	will burst
9:17	14	καὶ	G2532	kai	-	-
9:17	15	ὁ	G3588	ho	the	the
9:17	16	οἶνος	G3631	oinos	wine	wine
9:17	17	ἐκχεῖται	G1632	ekcheitai	will spill	will spill
9:17	18	καὶ	G2532	kai	and	and
9:17	19	οἱ	G3588	hoi	the	the
9:17	20	ἀσκοὶ	G779	askoi	wineskins	wineskins
9:17	21	ἀπόλλυνται	G622	apollyntai	will be ruined	will be ruined
9:17	22	ἀλλὰ	G235	alla	Instead	Instead
9:17	23	βάλλουσιν	G906	ballousin	they pour	they pour
9:17	24	νέον	G3501	neon	new	new
9:17	25	οἶνον	G3631	oinon	wine	wine
9:17	26	εἰς	G1519	eis	into	into
9:17	27	καινούς	G2537	kainous	new	new
9:17	28	ἀσκοὺς	G779	askous	wineskins	wineskins
9:17	29	καὶ	G2532	kai	and	and
9:17	30	ἀμφότεροι	G297	amphoteroi	both	both
9:17	31	συντηροῦνται	G4933	syntērountai	are preserved	are preserved
9:18	1	αὐτοῦ	G846	autou	While	While
9:18	2	λαλοῦντος	G2980	lalountos	[Jesus] was saying	[Jesus] was saying
9:18	3	αὐτοῖς	G846	autois	-	-
9:18	4	Ταῦτα	G3778	Tauta	these things	these things
9:18	5	ἰδοὺ	G2400	idou	-	-
9:18	6	εἷς	G1520	heis	a	a
9:18	7	ἄρχων	G758	archōn	synagogue leader	synagogue leader
9:18	8	ἐλθὼν	G2064	elthōn	came	came
9:18	9	προσεκύνει	G4352	prosekynei	[and] knelt	[and] knelt
9:18	10	αὐτῷ	G846	autō	before Him	before Him
9:18	11	μου	G1473	mou	My	My
9:18	12	Ἡ	G3588	Hē	-	-
9:18	13	θυγάτηρ	G2364	thygatēr	daughter	daughter
9:18	14	ἄρτι	G737	arti	vvv	vvv
9:18	15	ἐτελεύτησεν	G5053	eteleutēsen	has just died	has just died
9:18	16	λέγων	G3004	legōn	he said	he said
9:18	17	ὅτι	G3754	hoti	-	-
9:18	18	ἀλλὰ	G235	alla	But	But
9:18	19	ἐλθὼν	G2064	elthōn	come	come
9:18	20	ἐπίθες	G2007	epithes	[and] place	[and] place
9:18	21	σου	G4771	sou	Your	Your
9:18	22	τὴν	G3588	tēn	-	-
9:18	23	χεῖρά	G5495	cheira	hand	hand
9:18	24	ἐπ’	G1909	ep’	on	on
9:18	25	αὐτήν	G846	autēn	her	her
9:18	26	καὶ	G2532	kai	and	and
9:18	27	ζήσεται	G2198	zēsetai	she will live	she will live
9:19	1	Καὶ	G2532	Kai	So	So
9:19	2	ὁ	G3588	ho	-	-
9:19	3	Ἰησοῦς	G2424	Iēsous	Jesus	Jesus
9:19	4	ἐγερθεὶς	G1453	egertheis	got up	got up
9:19	5	ἠκολούθει	G190	ēkolouthei	[and] went with	[and] went with
9:19	6	αὐτῷ	G846	autō	him	him
9:19	7	καὶ	G2532	kai	along with	along with
9:19	8	αὐτοῦ	G846	autou	His	His
9:19	9	οἱ	G3588	hoi	-	-
9:19	10	μαθηταὶ	G3101	mathētai	disciples	disciples
9:20	1	Καὶ	G2532	Kai	Suddenly	Suddenly
9:20	2	ἰδοὺ	G2400	idou	-	-
9:20	3	γυνὴ	G1135	gynē	a woman	a woman
9:20	4	αἱμορροοῦσα	G131	haimorroousa	who had suffered from bleeding	who had suffered from bleeding
9:20	5	δώδεκα	G1427	dōdeka	[for] twelve	[for] twelve
9:20	6	ἔτη	G2094	etē	years	years
9:20	7	προσελθοῦσα	G4334	proselthousa	came up	came up
9:20	8	ὄπισθεν	G3693	opisthen	behind [Him]	behind [Him]
9:20	9	ἥψατο	G680	hēpsato	[and] touched	[and] touched
9:20	10	τοῦ	G3588	tou	the	the
9:20	11	κρασπέδου	G2899	kraspedou	fringe	fringe
9:20	12	τοῦ	G3588	tou	of	of
9:20	13	αὐτοῦ	G846	autou	His	His
9:20	14	ἱματίου	G2440	himatiou	cloak	cloak
9:21	1	γὰρ	G1063	gar	-	-
9:21	2	ἔλεγεν	G2036	elegen	She said	She said
9:21	3	ἐν	G1722	en	to	to
9:21	4	ἑαυτῇ	G1438	heautē	herself	herself
9:21	5	Ἐὰν	G1437	Ean	If	If
9:21	6	μόνον	G3440	monon	only	only
9:21	7	ἅψωμαι	G680	hapsōmai	I touch	I touch
9:21	8	αὐτοῦ	G846	autou	His	His
9:21	9	τοῦ	G3588	tou	-	-
9:21	10	ἱματίου	G2440	himatiou	cloak	cloak
9:21	11	σωθήσομαι	G4982	sōthēsomai	I will be healed	I will be healed
9:22	1	δὲ	G1161	de	-	-
9:22	2	Ὁ	G3588	Ho	-	-
9:22	3	Ἰησοῦς	G2424	Iēsous	Jesus	Jesus
9:22	4	στραφεὶς	G4762	strapheis	turned	turned
9:22	5	καὶ	G2532	kai	and	and
9:22	6	ἰδὼν	G3708	idōn	saw	saw
9:22	7	αὐτὴν	G846	autēn	her	her
9:22	8	Θάρσει	G2293	Tharsei	Take courage	Take courage
9:22	9	θύγατερ	G2364	thygater	daughter	daughter
9:22	10	εἶπεν	G2036	eipen	He said	He said
9:22	11	σου	G4771	sou	your	your
9:22	12	ἡ	G3588	hē	-	-
9:22	13	πίστις	G4102	pistis	faith	faith
9:22	14	σέσωκέν	G4982	sesōken	has healed	has healed
9:22	15	σε	G4771	se	you	you
9:22	16	καὶ	G2532	kai	And	And
9:22	17	ἡ	G3588	hē	the	the
9:22	18	γυνὴ	G1135	gynē	woman	woman
9:22	19	ἐσώθη	G4982	esōthē	was healed	was healed
9:22	20	ἀπὸ	G575	apo	from	from
9:22	21	τῆς	G3588	tēs	that	that
9:22	22	ἐκείνης	G1565	ekeinēs	very	very
9:22	23	ὥρας	G5610	hōras	hour	hour
9:23	1	Καὶ	G2532	Kai	When	When
9:23	2	ὁ	G3588	ho	-	-
9:23	3	Ἰησοῦς	G2424	Iēsous	Jesus	Jesus
9:23	4	ἐλθὼν	G2064	elthōn	entered	entered
9:23	5	εἰς	G1519	eis	. . .	. . .
9:23	6	τὴν	G3588	tēn	the	the
9:23	7	οἰκίαν	G3614	oikian	house	house
9:23	8	τοῦ	G3588	tou	of the	of the
9:23	9	ἄρχοντος	G758	archontos	synagogue leader	synagogue leader
9:23	10	καὶ	G2532	kai	-	-
9:23	11	ἰδὼν	G3708	idōn	He saw	He saw
9:23	12	τοὺς	G3588	tous	the	the
9:23	13	αὐλητὰς	G834	aulētas	flute players	flute players
9:23	14	καὶ	G2532	kai	and	and
9:23	15	τὸν	G3588	ton	the	the
9:23	16	θορυβούμενον	G2350	thoryboumenon	noisy	noisy
9:23	17	ὄχλον	G3793	ochlon	crowd	crowd
9:24	1	Ἀναχωρεῖτε	G402	Anachōreite	Go away	Go away
9:24	2	ἔλεγεν	G2036	elegen	He told them	He told them
9:24	3	γὰρ	G1063	gar	-	-
9:24	4	τὸ	G3588	to	The	The
9:24	5	κοράσιον	G2877	korasion	girl	girl
9:24	6	οὐ	G3756	ou	is not dead	is not dead
9:24	7	ἀπέθανεν	G599	apethanen	. . .	. . .
9:24	8	ἀλλὰ	G235	alla	but	but
9:24	9	καθεύδει	G2518	katheudei	asleep	asleep
9:24	10	καὶ	G2532	kai	And	And
9:24	11	κατεγέλων	G2606	kategelōn	they laughed at	they laughed at
9:24	12	αὐτοῦ	G846	autou	Him	Him
9:25	1	δὲ	G1161	de	After	After
9:25	2	Ὅτε	G3753	Hote	. . .	. . .
9:25	3	ὁ	G3588	ho	the	the
9:25	4	ὄχλος	G3793	ochlos	crowd	crowd
9:25	5	ἐξεβλήθη	G1544	exeblēthē	had been put outside	had been put outside
9:25	6	εἰσελθὼν	G1525	eiselthōn	[Jesus] went in	[Jesus] went in
9:25	7	ἐκράτησεν	G2902	ekratēsen	[and] took	[and] took
9:25	8	αὐτῆς	G846	autēs	[the girl]	[the girl]
9:25	9	τῆς	G3588	tēs	by the	by the
9:25	10	χειρὸς	G5495	cheiros	hand	hand
9:25	11	καὶ	G2532	kai	and	and
9:25	12	τὸ	G3588	to	-	-
9:25	13	κοράσιον	G2877	korasion	[she]	[she]
9:25	14	ἠγέρθη	G1453	ēgerthē	got up	got up
9:26	1	καὶ	G2532	kai	And	And
9:26	2	ἡ	G3588	hē	the	the
9:26	3	φήμη	G5345	phēmē	news	news
9:26	4	αὕτη	G3778	hautē	about this	about this
9:26	5	ἐξῆλθεν	G1831	exēlthen	spread	spread
9:26	6	εἰς	G1519	eis	throughout	throughout
9:26	7	ὅλην	G3650	holēn	. . .	. . .
9:26	8	ἐκείνην	G1565	ekeinēn	that	that
9:26	9	τὴν	G3588	tēn	-	-
9:26	10	γῆν	G1093	gēn	region	region
9:27	1	Καὶ	G2532	Kai	As	As
9:27	2	τῷ	G3588	tō	-	-
9:27	3	Ἰησοῦ	G2424	Iēsou	Jesus	Jesus
9:27	4	παράγοντι	G3855	paragonti	went on	went on
9:27	5	ἐκεῖθεν	G1564	ekeithen	from there	from there
9:27	6	δύο	G1417	dyo	two	two
9:27	7	τυφλοὶ	G5185	typhloi	blind [men]	blind [men]
9:27	8	ἠκολούθησαν	G190	ēkolouthēsan	followed	followed
9:27	9	αὐτῷ	G846	autō	Him	Him
9:27	10	κράζοντες	G2896	krazontes	crying out	crying out
9:27	11	καὶ	G2532	kai	-	-
9:27	12	λέγοντες	G3004	legontes	-	-
9:27	13	Ἐλέησον	G1653	Eleēson	Have mercy on	Have mercy on
9:27	14	ἡμᾶς	G1473	hēmas	us	us
9:27	15	υἱὸς	G5207	huios	Son	Son
9:27	16	Δαυίδ	G1138	Dauid	of David	of David
9:28	1	δὲ	G1161	de	After	After
9:28	2	Ἐλθόντι	G2064	Elthonti	[Jesus] had entered	[Jesus] had entered
9:28	3	εἰς	G1519	eis	-	-
9:28	4	τὴν	G3588	tēn	the	the
9:28	5	οἰκίαν	G3614	oikian	house	house
9:28	6	οἱ	G3588	hoi	the	the
9:28	7	τυφλοί	G5185	typhloi	blind [men]	blind [men]
9:28	8	προσῆλθον	G4334	prosēlthon	came	came
9:28	9	αὐτῷ	G846	autō	to Him	to Him
9:28	10	Πιστεύετε	G4100	Pisteuete	Do you believe	Do you believe
9:28	11	ὅτι	G3754	hoti	that	that
9:28	12	δύναμαι	G1410	dynamai	I am able	I am able
9:28	13	ποιῆσαι	G4160	poiēsai	to do	to do
9:28	14	τοῦτο	G3778	touto	this	this
9:28	15	καὶ	G2532	kai	-	-
9:28	16	ὁ	G3588	ho	-	-
9:28	17	Ἰησοῦς	G2424	Iēsous	[He]	[He]
9:28	18	λέγει	G3004	legei	asked	asked
9:28	19	αὐτοῖς	G846	autois	-	-
9:28	20	Ναί	G3483	Nai	Yes	Yes
9:28	21	Κύριε	G2962	Kyrie	Lord	Lord
9:28	22	Λέγουσιν	G3004	Legousin	they answered	they answered
9:28	23	αὐτῷ	G846	autō	-	-
9:29	1	Τότε	G5119	Tote	Then	Then
9:29	2	ἥψατο	G680	hēpsato	He touched	He touched
9:29	3	αὐτῶν	G846	autōn	their	their
9:29	4	τῶν	G3588	tōn	-	-
9:29	5	ὀφθαλμῶν	G3788	ophthalmōn	eyes	eyes
9:29	6	λέγων	G3004	legōn	[and] said	[and] said
9:29	7	Κατὰ	G2596	Kata	According to	According to
9:29	8	ὑμῶν	G4771	hymōn	your	your
9:29	9	τὴν	G3588	tēn	-	-
9:29	10	πίστιν	G4102	pistin	faith	faith
9:29	11	γενηθήτω	G1096	genēthētō	will it be done	will it be done
9:29	12	ὑμῖν	G4771	hymin	to you	to you
9:30	1	καὶ	G2532	kai	And	And
9:30	2	αὐτῶν	G846	autōn	their	their
9:30	3	οἱ	G3588	hoi	-	-
9:30	4	ὀφθαλμοί	G3788	ophthalmoi	eyes	eyes
9:30	5	ἠνεῴχθησαν	G455	ēneōchthēsan	were opened	were opened
9:30	6	καὶ	G2532	kai	-	-
9:30	7	ὁ	G3588	ho	-	-
9:30	8	Ἰησοῦς	G2424	Iēsous	Jesus	Jesus
9:30	9	ἐνεβριμήθη	G1690	enebrimēthē	warned them sternly	warned them sternly
9:30	10	αὐτοῖς	G846	autois	. . .	. . .
9:30	11	λέγων	G3004	legōn	-	-
9:30	12	Ὁρᾶτε	G3708	Horate	See that	See that
9:30	13	μηδεὶς	G3367	mēdeis	no one	no one
9:30	14	γινωσκέτω	G1097	ginōsketō	finds out about this	finds out about this
9:31	1	δὲ	G1161	de	But	But
9:31	2	οἱ	G3588	hoi	-	-
9:31	3	ἐξελθόντες	G1831	exelthontes	they went out	they went out
9:31	4	διεφήμισαν	G1310	diephēmisan	and spread the news	and spread the news
9:31	5	αὐτὸν	G846	auton	about Him	about Him
9:31	6	ἐν	G1722	en	throughout	throughout
9:31	7	ὅλῃ	G3650	holē	. . .	. . .
9:31	8	ἐκείνῃ	G1565	ekeinē	. . .	. . .
9:31	9	τῇ	G3588	tē	the	the
9:31	10	γῇ	G1093	gē	land	land
9:32	1	δὲ	G1161	de	As	As
9:32	2	Αὐτῶν	G846	Autōn	they	they
9:32	3	ἐξερχομένων	G1831	exerchomenōn	were leaving	were leaving
9:32	4	ἰδοὺ	G2400	idou	-	-
9:32	5	δαιμονιζόμενον	G1139	daimonizomenon	a demon-possessed	a demon-possessed
9:32	6	ἄνθρωπον	G444	anthrōpon	man	man
9:32	7	κωφὸν	G2974	kōphon	who was mute	who was mute
9:32	8	προσήνεγκαν	G4374	prosēnenkan	was brought	was brought
9:32	9	αὐτῷ	G846	autō	to [Jesus]	to [Jesus]
9:33	1	καὶ	G2532	kai	And when	And when
9:33	2	τοῦ	G3588	tou	the	the
9:33	3	δαιμονίου	G1140	daimoniou	demon	demon
9:33	4	ἐκβληθέντος	G1544	ekblēthentos	had been driven out	had been driven out
9:33	5	ὁ	G3588	ho	the	the
9:33	6	κωφός	G2974	kōphos	[man]	[man]
9:33	7	ἐλάλησεν	G2980	elalēsen	began to speak	began to speak
9:33	8	καὶ	G2532	kai	-	-
9:33	9	οἱ	G3588	hoi	The	The
9:33	10	ὄχλοι	G3793	ochloi	crowds	crowds
9:33	11	ἐθαύμασαν	G2296	ethaumasan	were amazed	were amazed
9:33	12	λέγοντες	G3004	legontes	[and] said	[and] said
9:33	13	Οὐδέποτε	G3763	Oudepote	Nothing	Nothing
9:33	14	οὕτως	G3779	houtōs	like this	like this
9:33	15	ἐφάνη	G5316	ephanē	has ever been seen	has ever been seen
9:33	16	ἐν	G1722	en	in	in
9:33	17	τῷ	G3588	tō	-	-
9:33	18	Ἰσραήλ	G2474	Israēl	Israel	Israel
9:34	1	δὲ	G1161	de	But	But
9:34	2	Οἱ	G3588	Hoi	the	the
9:34	3	Φαρισαῖοι	G5330	Pharisaioi	Pharisees	Pharisees
9:34	4	ἔλεγον	G2036	elegon	said	said
9:34	5	Ἐν	G1722	En	[It is] by	[It is] by
9:34	6	τῷ	G3588	tō	the	the
9:34	7	ἄρχοντι	G758	archonti	prince	prince
9:34	8	τῶν	G3588	tōn	of	of
9:34	9	δαιμονίων	G1140	daimoniōn	demons	demons
9:34	10	ἐκβάλλει	G1544	ekballei	[that] He drives out	[that] He drives out
9:34	11	τὰ	G3588	ta	-	-
9:34	12	δαιμόνια	G1140	daimonia	demons	demons
9:35	1	Καὶ	G2532	Kai	-	-
9:35	2	ὁ	G3588	ho	-	-
9:35	3	Ἰησοῦς	G2424	Iēsous	Jesus	Jesus
9:35	4	περιῆγεν	G4013	periēgen	went through	went through
9:35	5	πάσας	G3956	pasas	all	all
9:35	6	τὰς	G3588	tas	the	the
9:35	7	πόλεις	G4172	poleis	towns	towns
9:35	8	καὶ	G2532	kai	and	and
9:35	9	τὰς	G3588	tas	-	-
9:35	10	κώμας	G2968	kōmas	villages	villages
9:35	11	διδάσκων	G1321	didaskōn	teaching	teaching
9:35	12	ἐν	G1722	en	in	in
9:35	13	αὐτῶν	G846	autōn	their	their
9:35	14	ταῖς	G3588	tais	-	-
9:35	15	συναγωγαῖς	G4864	synagōgais	synagogues	synagogues
9:35	16	καὶ	G2532	kai	-	-
9:35	17	κηρύσσων	G2784	kēryssōn	preaching	preaching
9:35	18	τὸ	G3588	to	the	the
9:35	19	εὐαγγέλιον	G2098	euangelion	gospel	gospel
9:35	20	τῆς	G3588	tēs	of the	of the
9:35	21	βασιλείας	G932	basileias	kingdom	kingdom
9:35	22	καὶ	G2532	kai	and	and
9:35	23	θεραπεύων	G2323	therapeuōn	healing	healing
9:35	24	πᾶσαν	G3956	pasan	every	every
9:35	25	νόσον	G3554	noson	disease	disease
9:35	26	καὶ	G2532	kai	and	and
9:35	27	πᾶσαν	G3956	pasan	-	-
9:35	28	μαλακίαν	G3119	malakian	sickness	sickness
9:36	1	δὲ	G1161	de	When	When
9:36	2	Ἰδὼν	G3708	Idōn	He saw	He saw
9:36	3	τοὺς	G3588	tous	the	the
9:36	4	ὄχλους	G3793	ochlous	crowds	crowds
9:36	5	ἐσπλαγχνίσθη	G4697	esplanchnisthē	He was moved with compassion	He was moved with compassion
9:36	6	περὶ	G4012	peri	for	for
9:36	7	αὐτῶν	G846	autōn	them	them
9:36	8	ὅτι	G3754	hoti	because	because
9:36	9	ἦσαν	G1510	ēsan	they were	they were
9:36	10	ἐσκυλμένοι	G4660	eskylmenoi	harassed	harassed
9:36	11	καὶ	G2532	kai	and	and
9:36	12	ἐρριμμένοι	G4496	errimmenoi	helpless	helpless
9:36	13	ὡσεὶ	G5616	hōsei	like	like
9:36	14	πρόβατα	G4263	probata	sheep	sheep
9:36	15	μὴ	G3361	mē	without	without
9:36	16	ἔχοντα	G2192	echonta	. . .	. . .
9:36	17	ποιμένα	G4166	poimena	a shepherd	a shepherd
9:37	1	Τότε	G5119	Tote	Then	Then
9:37	2	λέγει	G3004	legei	He said	He said
9:37	3	τοῖς	G3588	tois	to	to
9:37	4	αὐτοῦ	G846	autou	His	His
9:37	5	μαθηταῖς	G3101	mathētais	disciples	disciples
9:37	6	μὲν	G3303	men	-	-
9:37	7	Ὁ	G3588	Ho	The	The
9:37	8	θερισμὸς	G2326	therismos	harvest	harvest
9:37	9	πολύς	G4183	polys	[is] plentiful	[is] plentiful
9:37	10	δὲ	G1161	de	but	but
9:37	11	οἱ	G3588	hoi	the	the
9:37	12	ἐργάται	G2040	ergatai	workers	workers
9:37	13	ὀλίγοι	G3641	oligoi	[are] few	[are] few
9:38	1	δεήθητε	G1189	deēthēte	Ask	Ask
9:38	2	τοῦ	G3588	tou	the	the
9:38	3	Κυρίου	G2962	Kyriou	Lord	Lord
9:38	4	τοῦ	G3588	tou	of the	of the
9:38	5	θερισμοῦ	G2326	therismou	harvest	harvest
9:38	6	οὖν	G3767	oun	therefore	therefore
9:38	7	ὅπως	G3704	hopōs	-	-
9:38	8	ἐκβάλῃ	G1544	ekbalē	to send out	to send out
9:38	9	ἐργάτας	G2040	ergatas	workers	workers
9:38	10	εἰς	G1519	eis	into	into
9:38	11	αὐτοῦ	G846	autou	His	His
9:38	12	τὸν	G3588	ton	-	-
9:38	13	θερισμὸν	G2326	therismon	harvest	harvest
10:1	1	Καὶ	G2532	Kai	And	And
10:1	2	προσκαλεσάμενος	G4341	proskalesamenos	calling	calling
10:1	3	αὐτοῦ	G846	autou	His	His
10:1	4	δώδεκα	G1427	dōdeka	twelve	twelve
10:1	5	τοὺς	G3588	tous	-	-
10:1	6	μαθητὰς	G3101	mathētas	disciples {to Him}	disciples {to Him}
10:1	7	ἔδωκεν	G1325	edōken	[Jesus] gave	[Jesus] gave
10:1	8	αὐτοῖς	G846	autois	them	them
10:1	9	ἐξουσίαν	G1849	exousian	authority over	authority over
10:1	10	ἀκαθάρτων	G169	akathartōn	unclean	unclean
10:1	11	πνευμάτων	G4151	pneumatōn	spirits	spirits
10:1	12	ὥστε	G5620	hōste	so that	so that
10:1	13	ἐκβάλλειν	G1544	ekballein	they could drive them out	they could drive them out
10:1	14	αὐτὰ	G846	auta	. . .	. . .
10:1	15	καὶ	G2532	kai	and	and
10:1	16	θεραπεύειν	G2323	therapeuein	heal	heal
10:1	17	πᾶσαν	G3956	pasan	every	every
10:1	18	νόσον	G3554	noson	disease	disease
10:1	19	καὶ	G2532	kai	and	and
10:1	20	πᾶσαν	G3956	pasan	-	-
10:1	21	μαλακίαν	G3119	malakian	sickness	sickness
10:2	1	δὲ	G1161	de	-	-
10:2	2	ταῦτα	G3778	tauta	These	These
10:2	3	ἐστιν	G1510	estin	are	are
10:2	4	τὰ	G3588	ta	the	the
10:2	5	ὀνόματά	G3686	onomata	names	names
10:2	6	Τῶν	G3588	Tōn	of the	of the
10:2	7	δώδεκα	G1427	dōdeka	twelve	twelve
10:2	8	ἀποστόλων	G652	apostolōn	apostles	apostles
10:2	9	πρῶτος	G4413	prōtos	first	first
10:2	10	Σίμων	G4613	Simōn	Simon	Simon
10:2	11	ὁ	G3588	ho	-	-
10:2	12	λεγόμενος	G3004	legomenos	called	called
10:2	13	Πέτρος	G4074	Petros	Peter	Peter
10:2	14	καὶ	G2532	kai	and	and
10:2	15	αὐτοῦ	G846	autou	his	his
10:2	16	ὁ	G3588	ho	-	-
10:2	17	ἀδελφὸς	G80	adelphos	brother	brother
10:2	18	Ἀνδρέας	G406	Andreas	Andrew	Andrew
10:2	19	καὶ	G2532	kai	-	-
10:2	20	Ἰάκωβος	G2385	Iakōbos	James	James
10:2	21	ὁ	G3588	ho	[son]	[son]
10:2	22	τοῦ	G3588	tou	of	of
10:2	23	Ζεβεδαίου	G2199	Zebedaiou	Zebedee	Zebedee
10:2	24	καὶ	G2532	kai	and	and
10:2	25	αὐτοῦ	G846	autou	his	his
10:2	26	ὁ	G3588	ho	-	-
10:2	27	ἀδελφὸς	G80	adelphos	brother	brother
10:2	28	Ἰωάννης	G2491	Iōannēs	John	John
10:3	1	Φίλιππος	G5376	Philippos	Philip	Philip
10:3	2	καὶ	G2532	kai	and	and
10:3	3	Βαρθολομαῖος	G918	Bartholomaios	Bartholomew	Bartholomew
10:3	4	Θωμᾶς	G2381	Thōmas	Thomas	Thomas
10:3	5	καὶ	G2532	kai	and	and
10:3	6	Μαθθαῖος	G3156	Maththaios	Matthew	Matthew
10:3	7	ὁ	G3588	ho	the	the
10:3	8	τελώνης	G5057	telōnēs	tax collector	tax collector
10:3	9	Ἰάκωβος	G2385	Iakōbos	James	James
10:3	10	ὁ	G3588	ho	[son]	[son]
10:3	11	τοῦ	G3588	tou	-	-
10:3	12	Ἁλφαίου	G256	Halphaiou	of Alphaeus	of Alphaeus
10:3	13	καὶ	G2532	kai	and	and
10:3	14	Θαδδαῖος	G2280	Thaddaios	Thaddaeus	Thaddaeus
10:4	1	Σίμων	G4613	Simōn	Simon	Simon
10:4	2	ὁ	G3588	ho	the	the
10:4	3	Καναναῖος	G2581	Kananaios	Zealot	Zealot
10:4	4	καὶ	G2532	kai	and	and
10:4	5	Ἰούδας	G2455	Ioudas	Judas	Judas
10:4	6	ὁ	G3588	ho	-	-
10:4	7	Ἰσκαριώτης	G2469	Iskariōtēs	Iscariot	Iscariot
10:4	8	ὁ	G3588	ho	[who]	[who]
10:4	9	καὶ	G2532	kai	-	-
10:4	10	παραδοὺς	G3860	paradous	betrayed	betrayed
10:4	11	αὐτόν	G846	auton	[Jesus]	[Jesus]
10:5	1	Τούτους	G3778	Toutous	These	These
10:5	2	τοὺς	G3588	tous	-	-
10:5	3	δώδεκα	G1427	dōdeka	twelve	twelve
10:5	4	ὁ	G3588	ho	-	-
10:5	5	Ἰησοῦς	G2424	Iēsous	Jesus	Jesus
10:5	6	ἀπέστειλεν	G649	apesteilen	sent out	sent out
10:5	7	αὐτοῖς	G846	autois	-	-
10:5	8	λέγων	G3004	legōn	with [the following]	with [the following]
10:5	9	παραγγείλας	G3853	parangeilas	instructions	instructions
10:5	10	μὴ	G3361	mē	Do not	Do not
10:5	11	ἀπέλθητε	G565	apelthēte	go	go
10:5	12	Εἰς	G1519	Eis	onto	onto
10:5	13	ὁδὸν	G3598	hodon	the road	the road
10:5	14	ἐθνῶν	G1484	ethnōn	of the Gentiles	of the Gentiles
10:5	15	καὶ	G2532	kai	[or]	[or]
10:5	16	μὴ	G3361	mē	enter	enter
10:5	17	εἰσέλθητε	G1525	eiselthēte	. . .	. . .
10:5	18	εἰς	G1519	eis	. . .	. . .
10:5	19	πόλιν	G4172	polin	any town	any town
10:5	20	Σαμαριτῶν	G4541	Samaritōn	of [the] Samaritans	of [the] Samaritans
10:6	1	πορεύεσθε	G4198	poreuesthe	Go	Go
10:6	2	δὲ	G1161	de	-	-
10:6	3	μᾶλλον	G3123	mallon	rather	rather
10:6	4	πρὸς	G4314	pros	to	to
10:6	5	τὰ	G3588	ta	the	the
10:6	6	τὰ	G3588	ta	-	-
10:6	7	ἀπολωλότα	G622	apolōlota	lost	lost
10:6	8	πρόβατα	G4263	probata	sheep	sheep
10:6	9	οἴκου	G3624	oikou	-	-
10:6	10	Ἰσραήλ	G2474	Israēl	of Israel	of Israel
10:7	1	δὲ	G1161	de	As	As
10:7	2	πορευόμενοι	G4198	poreuomenoi	you go	you go
10:7	3	κηρύσσετε	G2784	kēryssete	preach	preach
10:7	4	λέγοντες	G3004	legontes	this message	this message
10:7	5	ὅτι	G3754	hoti	-	-
10:7	6	ἡ	G3588	hē	The	The
10:7	7	βασιλεία	G932	basileia	kingdom	kingdom
10:7	8	τῶν	G3588	tōn	of	of
10:7	9	οὐρανῶν	G3772	ouranōn	heaven	heaven
10:7	10	Ἤγγικεν	G1448	Ēngiken	is near	is near
10:8	1	θεραπεύετε	G2323	therapeuete	Heal	Heal
10:8	2	ἀσθενοῦντας	G770	asthenountas	the sick	the sick
10:8	3	ἐγείρετε	G1453	egeirete	raise	raise
10:8	4	νεκροὺς	G3498	nekrous	[the] dead	[the] dead
10:8	5	καθαρίζετε	G2511	katharizete	cleanse	cleanse
10:8	6	λεπροὺς	G3015	leprous	[the] lepers	[the] lepers
10:8	7	ἐκβάλλετε	G1544	ekballete	drive out	drive out
10:8	8	δαιμόνια	G1140	daimonia	demons	demons
10:8	9	δωρεὰν	G1432	dōrean	Freely	Freely
10:8	10	ἐλάβετε	G2983	elabete	you have received	you have received
10:8	11	δωρεὰν	G1432	dōrean	freely	freely
10:8	12	δότε	G1325	dote	give	give
10:9	1	Μὴ	G3361	Mē	{Do} not	{Do} not
10:9	2	κτήσησθε	G2932	ktēsēsthe	take along	take along
10:9	3	χρυσὸν	G5557	chryson	[any] gold	[any] gold
10:9	4	μηδὲ	G3366	mēde	or	or
10:9	5	ἄργυρον	G696	argyron	silver	silver
10:9	6	μηδὲ	G3366	mēde	or	or
10:9	7	χαλκὸν	G5475	chalkon	copper	copper
10:9	8	εἰς	G1519	eis	in	in
10:9	9	ὑμῶν	G4771	hymōn	your	your
10:9	10	τὰς	G3588	tas	-	-
10:9	11	ζώνας	G2223	zōnas	belts	belts
10:10	1	μὴ	G3361	mē	[Take] no	[Take] no
10:10	2	πήραν	G4082	pēran	bag	bag
10:10	3	εἰς	G1519	eis	for	for
10:10	4	ὁδὸν	G3598	hodon	[the] road	[the] road
10:10	5	μηδὲ	G3366	mēde	or	or
10:10	6	δύο	G1417	dyo	second	second
10:10	7	χιτῶνας	G5509	chitōnas	tunic	tunic
10:10	8	μηδὲ	G3366	mēde	or	or
10:10	9	ὑποδήματα	G5266	hypodēmata	sandals	sandals
10:10	10	μηδὲ	G3366	mēde	or	or
10:10	11	ῥάβδον	G4464	rhabdon	staff	staff
10:10	12	γὰρ	G1063	gar	for	for
10:10	13	ὁ	G3588	ho	the	the
10:10	14	ἐργάτης	G2040	ergatēs	worker	worker
10:10	15	ἄξιος	G514	axios	[is] worthy	[is] worthy
10:10	16	τῆς	G3588	tēs	of	of
10:10	17	αὐτοῦ	G846	autou	his	his
10:10	18	τροφῆς	G5160	trophēs	provisions	provisions
10:11	1	δ’	G1161	d’	-	-
10:11	2	Εἰς	G1519	Eis	-	-
10:11	3	ἣν	G3739	hēn	Whatever	Whatever
10:11	4	ἂν	G302	an	. . .	. . .
10:11	5	πόλιν	G4172	polin	town	town
10:11	6	ἢ	G2228	ē	or	or
10:11	7	κώμην	G2968	kōmēn	village	village
10:11	8	εἰσέλθητε	G1525	eiselthēte	you enter	you enter
10:11	9	ἐξετάσατε	G1833	exetasate	find out	find out
10:11	10	τίς	G5101	tis	who	who
10:11	11	ἐστιν	G1510	estin	is	is
10:11	12	ἄξιός	G514	axios	worthy	worthy
10:11	13	ἐν	G1722	en	there	there
10:11	14	αὐτῇ	G846	autē	. . .	. . .
10:11	15	μείνατε	G3306	meinate	[and] stay	[and] stay
10:11	16	κἀκεῖ	G2546	kakei	[at his house]	[at his house]
10:11	17	ἕως	G2193	heōs	until	until
10:11	18	ἂν	G302	an	. . .	. . .
10:11	19	ἐξέλθητε	G1831	exelthēte	you move on	you move on
10:12	1	δὲ	G1161	de	As	As
10:12	2	εἰσερχόμενοι	G1525	eiserchomenoi	you enter	you enter
10:12	3	εἰς	G1519	eis	. . .	. . .
10:12	4	τὴν	G3588	tēn	the	the
10:12	5	οἰκίαν	G3614	oikian	home	home
10:12	6	ἀσπάσασθε	G782	aspasasthe	greet	greet
10:12	7	αὐτήν	G846	autēn	its [occupants]	its [occupants]
10:13	1	καὶ	G2532	kai	-	-
10:13	2	μὲν	G3303	men	-	-
10:13	3	ἐὰν	G1437	ean	If	If
10:13	4	ἡ	G3588	hē	the	the
10:13	5	οἰκία	G3614	oikia	home	home
10:13	6	ᾖ	G1510	ē	is	is
10:13	7	ἀξία	G514	axia	worthy	worthy
10:13	8	ὑμῶν	G4771	hymōn	{let} your	{let} your
10:13	9	ἡ	G3588	hē	-	-
10:13	10	εἰρήνη	G1515	eirēnē	peace	peace
10:13	11	ἐλθάτω	G2064	elthatō	rest	rest
10:13	12	ἐπ’	G1909	ep’	on	on
10:13	13	αὐτήν	G846	autēn	it	it
10:13	14	δὲ	G1161	de	but	but
10:13	15	ἐὰν	G1437	ean	if	if
10:13	16	ᾖ	G1510	ē	it is	it is
10:13	17	μὴ	G3361	mē	not	not
10:13	18	ἀξία	G514	axia	-	-
10:13	19	ὑμῶν	G4771	hymōn	{let} your	{let} your
10:13	20	ἡ	G3588	hē	-	-
10:13	21	εἰρήνη	G1515	eirēnē	peace	peace
10:13	22	ἐπιστραφήτω	G1994	epistraphētō	return	return
10:13	23	πρὸς	G4314	pros	to	to
10:13	24	ὑμᾶς	G4771	hymas	you	you
10:14	1	καὶ	G2532	kai	And	And
10:14	2	ὃς	G3739	hos	if anyone	if anyone
10:14	3	ἂν	G302	an	. . .	. . .
10:14	4	μὴ	G3361	mē	vvv	vvv
10:14	5	δέξηται	G1209	dexētai	will not welcome	will not welcome
10:14	6	ὑμᾶς	G4771	hymas	you	you
10:14	7	μηδὲ	G3366	mēde	or	or
10:14	8	ἀκούσῃ	G191	akousē	heed	heed
10:14	9	ὑμῶν	G4771	hymōn	your	your
10:14	10	τοὺς	G3588	tous	-	-
10:14	11	λόγους	G3056	logous	words	words
10:14	12	ἐκτινάξατε	G1621	ektinaxate	shake	shake
10:14	13	τὸν	G3588	ton	the	the
10:14	14	κονιορτὸν	G2868	koniorton	dust	dust
10:14	15	τῶν	G3588	tōn	off	off
10:14	16	ὑμῶν	G4771	hymōn	your	your
10:14	17	ποδῶν	G4228	podōn	feet	feet
10:14	18	ἐξερχόμενοι	G1831	exerchomenoi	when you leave	when you leave
10:14	19	ἔξω	G1854	exō	. . .	. . .
10:14	20	ἐκείνης	G1565	ekeinēs	that	that
10:14	21	τῆς	G3588	tēs	-	-
10:14	22	οἰκίας	G3614	oikias	home	home
10:14	23	ἢ	G2228	ē	or	or
10:14	24	τῆς	G3588	tēs	-	-
10:14	25	πόλεως	G4172	poleōs	town	town
10:15	1	ἀμὴν	G281	amēn	Truly	Truly
10:15	2	λέγω	G3004	legō	I tell	I tell
10:15	3	ὑμῖν	G4771	hymin	you	you
10:15	4	ἔσται	G1510	estai	it will be	it will be
10:15	5	ἀνεκτότερον	G414	anektoteron	more bearable	more bearable
10:15	6	γῇ	G1093	gē	-	-
10:15	7	Σοδόμων	G4670	Sodomōn	for Sodom	for Sodom
10:15	8	καὶ	G2532	kai	and	and
10:15	9	Γομόρρων	G1116	Gomorrōn	Gomorrah	Gomorrah
10:15	10	ἐν	G1722	en	on	on
10:15	11	ἡμέρᾳ	G2250	hēmera	[the] day	[the] day
10:15	12	κρίσεως	G2920	kriseōs	of judgment	of judgment
10:15	13	ἢ	G2228	ē	than	than
10:15	14	ἐκείνῃ	G1565	ekeinē	for that	for that
10:15	15	τῇ	G3588	tē	-	-
10:15	16	πόλει	G4172	polei	town	town
10:16	1	Ἰδοὺ	G2400	Idou	Behold	Behold
10:16	2	ἐγὼ	G1473	egō	I	I
10:16	3	ἀποστέλλω	G649	apostellō	am sending you out	am sending you out
10:16	4	ὑμᾶς	G4771	hymas	. . .	. . .
10:16	5	ὡς	G5613	hōs	like	like
10:16	6	πρόβατα	G4263	probata	sheep	sheep
10:16	7	ἐν	G1722	en	among	among
10:16	8	μέσῳ	G3319	mesō	. . .	. . .
10:16	9	λύκων	G3074	lykōn	wolves	wolves
10:16	10	οὖν	G3767	oun	therefore	therefore
10:16	11	γίνεσθε	G1096	ginesthe	be	be
10:16	12	φρόνιμοι	G5429	phronimoi	as shrewd	as shrewd
10:16	13	ὡς	G5613	hōs	as	as
10:16	14	οἱ	G3588	hoi	-	-
10:16	15	ὄφεις	G3789	opheis	snakes	snakes
10:16	16	καὶ	G2532	kai	and	and
10:16	17	ἀκέραιοι	G185	akeraioi	as innocent	as innocent
10:16	18	ὡς	G5613	hōs	as	as
10:16	19	αἱ	G3588	hai	-	-
10:16	20	περιστεραί	G4058	peristerai	doves	doves
10:17	1	δὲ	G1161	de	But	But
10:17	2	Προσέχετε	G4337	Prosechete	beware	beware
10:17	3	ἀπὸ	G575	apo	of	of
10:17	4	τῶν	G3588	tōn	-	-
10:17	5	ἀνθρώπων	G444	anthrōpōn	men	men
10:17	6	γὰρ	G1063	gar	for	for
10:17	7	παραδώσουσιν	G3860	paradōsousin	they will hand you over	they will hand you over
10:17	8	ὑμᾶς	G4771	hymas	. . .	. . .
10:17	9	εἰς	G1519	eis	to	to
10:17	10	συνέδρια	G4892	synedria	[their] councils	[their] councils
10:17	11	καὶ	G2532	kai	and	and
10:17	12	μαστιγώσουσιν	G3146	mastigōsousin	flog	flog
10:17	13	ὑμᾶς	G4771	hymas	you	you
10:17	14	ἐν	G1722	en	in	in
10:17	15	αὐτῶν	G846	autōn	their	their
10:17	16	ταῖς	G3588	tais	-	-
10:17	17	συναγωγαῖς	G4864	synagōgais	synagogues	synagogues
10:18	1	καὶ	G2532	kai	-	-
10:18	2	ἕνεκεν	G1752	heneken	On My account	On My account
10:18	3	ἐμοῦ	G1473	emou	. . .	. . .
10:18	4	ἀχθήσεσθε	G71	achthēsesthe	you will be brought	you will be brought
10:18	5	δὲ	G1161	de	-	-
10:18	6	ἐπὶ	G1909	epi	before	before
10:18	7	ἡγεμόνας	G2232	hēgemonas	governors	governors
10:18	8	καὶ	G2532	kai	and	and
10:18	9	βασιλεῖς	G935	basileis	kings	kings
10:18	10	εἰς	G1519	eis	as	as
10:18	11	μαρτύριον	G3142	martyrion	witnesses	witnesses
10:18	12	αὐτοῖς	G846	autois	to them	to them
10:18	13	καὶ	G2532	kai	and	and
10:18	14	τοῖς	G3588	tois	to the	to the
10:18	15	ἔθνεσιν	G1484	ethnesin	Gentiles	Gentiles
10:19	1	δὲ	G1161	de	But	But
10:19	2	ὅταν	G3752	hotan	when	when
10:19	3	παραδῶσιν	G3860	paradōsin	they hand you over	they hand you over
10:19	4	ὑμᾶς	G4771	hymas	. . .	. . .
10:19	5	μὴ	G3361	mē	[do] not	[do] not
10:19	6	μεριμνήσητε	G3309	merimnēsēte	worry about	worry about
10:19	7	πῶς	G4459	pōs	how [to respond]	how [to respond]
10:19	8	ἢ	G2228	ē	or	or
10:19	9	τί	G5101	ti	what	what
10:19	10	λαλήσητε	G2980	lalēsēte	to say	to say
10:19	11	γὰρ	G1063	gar	-	-
10:19	12	ἐν	G1722	en	In	In
10:19	13	ἐκείνῃ	G1565	ekeinē	that	that
10:19	14	τῇ	G3588	tē	-	-
10:19	15	ὥρᾳ	G5610	hōra	hour	hour
10:19	16	ὑμῖν	G4771	hymin	you	you
10:19	17	δοθήσεται	G1325	dothēsetai	will be given	will be given
10:19	18	τί	G5101	ti	what	what
10:19	19	λαλήσητε	G2980	lalēsēte	to say	to say
10:20	1	γὰρ	G1063	gar	For	For
10:20	2	ἐστε	G1510	este	it will not be	it will not be
10:20	3	οὐ	G3756	ou	. . .	. . .
10:20	4	ὑμεῖς	G4771	hymeis	you	you
10:20	5	οἱ	G3588	hoi	-	-
10:20	6	λαλοῦντες	G2980	lalountes	speaking	speaking
10:20	7	ἀλλὰ	G235	alla	but	but
10:20	8	τὸ	G3588	to	the	the
10:20	9	Πνεῦμα	G4151	Pneuma	Spirit	Spirit
10:20	10	τοῦ	G3588	tou	of	of
10:20	11	ὑμῶν	G4771	hymōn	your	your
10:20	12	Πατρὸς	G3962	Patros	Father	Father
10:20	13	τὸ	G3588	to	-	-
10:20	14	λαλοῦν	G2980	laloun	speaking	speaking
10:20	15	ἐν	G1722	en	through	through
10:20	16	ὑμῖν	G4771	hymin	you	you
10:21	1	δὲ	G1161	de	-	-
10:21	2	ἀδελφὸς	G80	adelphos	Brother	Brother
10:21	3	Παραδώσει	G3860	Paradōsei	will betray	will betray
10:21	4	ἀδελφὸν	G80	adelphon	brother	brother
10:21	5	εἰς	G1519	eis	to	to
10:21	6	θάνατον	G2288	thanaton	death	death
10:21	7	καὶ	G2532	kai	and	and
10:21	8	πατὴρ	G3962	patēr	a father	a father
10:21	9	τέκνον	G5043	teknon	[his] child	[his] child
10:21	10	καὶ	G2532	kai	-	-
10:21	11	τέκνα	G5043	tekna	children	children
10:21	12	ἐπαναστήσονται	G1881	epanastēsontai	will rise	will rise
10:21	13	ἐπὶ	G1909	epi	against	against
10:21	14	γονεῖς	G1118	goneis	[their] parents	[their] parents
10:21	15	καὶ	G2532	kai	and	and
10:21	16	θανατώσουσιν	G2289	thanatōsousin	have them put to death	have them put to death
10:21	17	αὐτούς	G846	autous	. . .	. . .
10:22	1	καὶ	G2532	kai	-	-
10:22	2	ἔσεσθε	G1510	esesthe	You will be	You will be
10:22	3	μισούμενοι	G3404	misoumenoi	hated	hated
10:22	4	ὑπὸ	G5259	hypo	by	by
10:22	5	πάντων	G3956	pantōn	everyone	everyone
10:22	6	διὰ	G1223	dia	because of	because of
10:22	7	μου	G1473	mou	My	My
10:22	8	τὸ	G3588	to	-	-
10:22	9	ὄνομά	G3686	onoma	name	name
10:22	10	δὲ	G1161	de	but	but
10:22	11	ὁ	G3588	ho	the [one who]	the [one who]
10:22	12	ὑπομείνας	G5278	hypomeinas	perseveres	perseveres
10:22	13	εἰς	G1519	eis	to	to
10:22	14	τέλος	G5056	telos	[the] end	[the] end
10:22	15	οὗτος	G3778	houtos	-	-
10:22	16	σωθήσεται	G4982	sōthēsetai	will be saved	will be saved
10:23	1	δὲ	G1161	de	-	-
10:23	2	Ὅταν	G3752	Hotan	When	When
10:23	3	διώκωσιν	G1377	diōkōsin	they persecute	they persecute
10:23	4	ὑμᾶς	G4771	hymas	you	you
10:23	5	ἐν	G1722	en	in	in
10:23	6	ταύτῃ	G3778	tautē	one	one
10:23	7	τῇ	G3588	tē	-	-
10:23	8	πόλει	G4172	polei	town	town
10:23	9	φεύγετε	G5343	pheugete	flee	flee
10:23	10	εἰς	G1519	eis	to	to
10:23	11	τὴν	G3588	tēn	the	the
10:23	12	ἑτέραν	G2087	heteran	next	next
10:23	13	γὰρ	G1063	gar	-	-
10:23	14	ἀμὴν	G281	amēn	Truly	Truly
10:23	15	λέγω	G3004	legō	I tell	I tell
10:23	16	ὑμῖν	G4771	hymin	you	you
10:23	17	τελέσητε	G5055	telesēte	you will not reach	you will not reach
10:23	18	οὐ	G3756	ou	. . .	. . .
10:23	19	μὴ	G3361	mē	. . .	. . .
10:23	20	τὰς	G3588	tas	[all] the	[all] the
10:23	21	πόλεις	G4172	poleis	towns	towns
10:23	22	τοῦ	G3588	tou	of	of
10:23	23	Ἰσραὴλ	G2474	Israēl	Israel	Israel
10:23	24	ἕως	G2193	heōs	before	before
10:23	25	ἂν	G302	an	. . .	. . .
10:23	26	ὁ	G3588	ho	the	the
10:23	27	Υἱὸς	G5207	Huios	Son	Son
10:23	28	τοῦ	G3588	tou	of	of
10:23	29	ἀνθρώπου	G444	anthrōpou	Man	Man
10:23	30	ἔλθῃ	G2064	elthē	comes	comes
10:24	1	μαθητὴς	G3101	mathētēs	A disciple	A disciple
10:24	2	ἔστιν	G1510	estin	is	is
10:24	3	Οὐκ	G3756	Ouk	not	not
10:24	4	ὑπὲρ	G5228	hyper	above	above
10:24	5	τὸν	G3588	ton	[his]	[his]
10:24	6	διδάσκαλον	G1320	didaskalon	teacher	teacher
10:24	7	οὐδὲ	G3761	oude	nor	nor
10:24	8	δοῦλος	G1401	doulos	a servant	a servant
10:24	9	ὑπὲρ	G5228	hyper	above	above
10:24	10	αὐτοῦ	G846	autou	his	his
10:24	11	τὸν	G3588	ton	-	-
10:24	12	κύριον	G2962	kyrion	master	master
10:25	1	ἀρκετὸν	G713	arketon	[It is] enough	[It is] enough
10:25	2	τῷ	G3588	tō	for	for
10:25	3	μαθητῇ	G3101	mathētē	a disciple	a disciple
10:25	4	ἵνα	G2443	hina	to	to
10:25	5	γένηται	G1096	genētai	be	be
10:25	6	ὡς	G5613	hōs	like	like
10:25	7	αὐτοῦ	G846	autou	his	his
10:25	8	ὁ	G3588	ho	-	-
10:25	9	διδάσκαλος	G1320	didaskalos	teacher	teacher
10:25	10	καὶ	G2532	kai	and	and
10:25	11	ὁ	G3588	ho	a	a
10:25	12	δοῦλος	G1401	doulos	servant	servant
10:25	13	ὡς	G5613	hōs	like	like
10:25	14	αὐτοῦ	G846	autou	his	his
10:25	15	ὁ	G3588	ho	-	-
10:25	16	κύριος	G2962	kyrios	master	master
10:25	17	εἰ	G1487	ei	If	If
10:25	18	τὸν	G3588	ton	the	the
10:25	19	οἰκοδεσπότην	G3617	oikodespotēn	head of the house	head of the house
10:25	20	ἐπεκάλεσαν	G1941	epekalesan	has been called	has been called
10:25	21	Βεελζεβοὺλ	G954	Beelzeboul	Beelzebul	Beelzebul
10:25	22	πόσῳ	G4214	posō	how much	how much
10:25	23	μᾶλλον	G3123	mallon	more	more
10:25	24	τοὺς	G3588	tous	the members	the members
10:25	25	αὐτοῦ	G846	autou	of his	of his
10:25	26	οἰκιακοὺς	G3615	oikiakous	household	household
10:26	1	οὖν	G3767	oun	So	So
10:26	2	φοβηθῆτε	G5399	phobēthēte	do not be afraid	do not be afraid
10:26	3	Μὴ	G3361	Mē	. . .	. . .
10:26	4	αὐτούς	G846	autous	of them	of them
10:26	5	γάρ	G1063	gar	For	For
10:26	6	ἐστιν	G1510	estin	there is	there is
10:26	7	οὐδὲν	G3762	ouden	nothing	nothing
10:26	8	κεκαλυμμένον	G2572	kekalymmenon	concealed	concealed
10:26	9	ὃ	G3739	ho	that	that
10:26	10	οὐκ	G3756	ouk	vvv	vvv
10:26	11	ἀποκαλυφθήσεται	G601	apokalyphthēsetai	will not be disclosed	will not be disclosed
10:26	12	καὶ	G2532	kai	and [nothing]	and [nothing]
10:26	13	κρυπτὸν	G2927	krypton	hidden	hidden
10:26	14	ὃ	G3739	ho	that	that
10:26	15	γνωσθήσεται	G1097	gnōsthēsetai	will not be made known	will not be made known
10:26	16	οὐ	G3756	ou	. . .	. . .
10:27	1	ὃ	G3739	ho	What	What
10:27	2	λέγω	G3004	legō	I tell	I tell
10:27	3	ὑμῖν	G4771	hymin	you	you
10:27	4	ἐν	G1722	en	in	in
10:27	5	τῇ	G3588	tē	the	the
10:27	6	σκοτίᾳ	G4653	skotia	dark	dark
10:27	7	εἴπατε	G2036	eipate	speak	speak
10:27	8	ἐν	G1722	en	in	in
10:27	9	τῷ	G3588	tō	the	the
10:27	10	φωτί	G5457	phōti	daylight	daylight
10:27	11	καὶ	G2532	kai	-	-
10:27	12	ὃ	G3739	ho	what	what
10:27	13	ἀκούετε	G191	akouete	is whispered	is whispered
10:27	14	εἰς	G1519	eis	in	in
10:27	15	τὸ	G3588	to	[your]	[your]
10:27	16	οὖς	G3775	ous	ear	ear
10:27	17	κηρύξατε	G2784	kēryxate	proclaim	proclaim
10:27	18	ἐπὶ	G1909	epi	from	from
10:27	19	τῶν	G3588	tōn	the	the
10:27	20	δωμάτων	G1430	dōmatōn	housetops	housetops
10:28	1	Καὶ	G2532	Kai	-	-
10:28	2	φοβεῖσθε	G5399	phobeisthe	Do not be afraid	Do not be afraid
10:28	3	μὴ	G3361	mē	. . .	. . .
10:28	4	ἀπὸ	G575	apo	of	of
10:28	5	τῶν	G3588	tōn	those who	those who
10:28	6	ἀποκτεννόντων	G615	apoktennontōn	kill	kill
10:28	7	τὸ	G3588	to	the	the
10:28	8	σῶμα	G4983	sōma	body	body
10:28	9	δὲ	G1161	de	but	but
10:28	10	δυναμένων	G1410	dynamenōn	cannot	cannot
10:28	11	μὴ	G3361	mē	. . .	. . .
10:28	12	ἀποκτεῖναι	G615	apokteinai	kill	kill
10:28	13	τὴν	G3588	tēn	the	the
10:28	14	ψυχὴν	G5590	psychēn	soul	soul
10:28	15	δὲ	G1161	de	vvv	vvv
10:28	16	μᾶλλον	G3123	mallon	Instead	Instead
10:28	17	φοβεῖσθε	G5399	phobeisthe	fear	fear
10:28	18	τὸν	G3588	ton	the [One who]	the [One who]
10:28	19	δυνάμενον	G1410	dynamenon	can	can
10:28	20	ἀπολέσαι	G622	apolesai	destroy	destroy
10:28	21	καὶ	G2532	kai	both	both
10:28	22	ψυχὴν	G5590	psychēn	soul	soul
10:28	23	καὶ	G2532	kai	and	and
10:28	24	σῶμα	G4983	sōma	body	body
10:28	25	ἐν	G1722	en	in	in
10:28	26	γεέννῃ	G1067	geennē	hell	hell
10:29	1	Οὐχὶ	G3780	Ouchi	{Are} not	{Are} not
10:29	2	δύο	G1417	dyo	two	two
10:29	3	στρουθία	G4765	strouthia	sparrows	sparrows
10:29	4	πωλεῖται	G4453	pōleitai	sold	sold
10:29	5	ἀσσαρίου	G787	assariou	for a penny	for a penny
10:29	6	καὶ	G2532	kai	Yet	Yet
10:29	7	οὐ	G3756	ou	not	not
10:29	8	ἓν	G1520	hen	one	one
10:29	9	ἐξ	G1537	ex	of	of
10:29	10	αὐτῶν	G846	autōn	them	them
10:29	11	πεσεῖται	G4098	peseitai	will fall	will fall
10:29	12	ἐπὶ	G1909	epi	to	to
10:29	13	τὴν	G3588	tēn	the	the
10:29	14	γῆν	G1093	gēn	ground	ground
10:29	15	ἄνευ	G427	aneu	apart from the will	apart from the will
10:29	16	ὑμῶν	G4771	hymōn	of your	of your
10:29	17	τοῦ	G3588	tou	-	-
10:29	18	Πατρὸς	G3962	Patros	Father	Father
10:30	1	δὲ	G1161	de	And	And
10:30	2	καὶ	G2532	kai	even	even
10:30	3	αἱ	G3588	hai	the very	the very
10:30	4	τρίχες	G2359	triches	hairs	hairs
10:30	5	τῆς	G3588	tēs	of	of
10:30	6	ὑμῶν	G4771	hymōn	your	your
10:30	7	κεφαλῆς	G2776	kephalēs	head	head
10:30	8	εἰσίν	G1510	eisin	are	are
10:30	9	πᾶσαι	G3956	pasai	all	all
10:30	10	ἠριθμημέναι	G705	ērithmēmenai	numbered	numbered
10:31	1	οὖν	G3767	oun	So	So
10:31	2	φοβεῖσθε	G5399	phobeisthe	do not be afraid	do not be afraid
10:31	3	μὴ	G3361	mē	. . .	. . .
10:31	4	ὑμεῖς	G4771	hymeis	you	you
10:31	5	διαφέρετε	G1308	diapherete	are worth more	are worth more
10:31	6	πολλῶν	G4183	pollōn	than many	than many
10:31	7	στρουθίων	G4765	strouthiōn	sparrows	sparrows
10:32	1	οὖν	G3767	oun	Therefore	Therefore
10:32	2	Πᾶς	G3956	Pas	everyone	everyone
10:32	3	ὅστις	G3748	hostis	who	who
10:32	4	ὁμολογήσει	G3670	homologēsei	confesses	confesses
10:32	5	ἐν	G1722	en	. . .	. . .
10:32	6	ἐμοὶ	G1473	emoi	Me	Me
10:32	7	ἔμπροσθεν	G1715	emprosthen	before	before
10:32	8	τῶν	G3588	tōn	-	-
10:32	9	ἀνθρώπων	G444	anthrōpōn	men	men
10:32	10	κἀγὼ	G2504	kagō	vvv	vvv
10:32	11	ὁμολογήσω	G3670	homologēsō	I will also confess	I will also confess
10:32	12	ἐν	G1722	en	. . .	. . .
10:32	13	αὐτῷ	G846	autō	him	him
10:32	14	ἔμπροσθεν	G1715	emprosthen	before	before
10:32	15	μου	G1473	mou	My	My
10:32	16	τοῦ	G3588	tou	-	-
10:32	17	Πατρός	G3962	Patros	Father	Father
10:32	18	τοῦ	G3588	tou	-	-
10:32	19	ἐν	G1722	en	in	in
10:32	20	τοῖς	G3588	tois	-	-
10:32	21	οὐρανοῖς	G3772	ouranois	heaven	heaven
10:33	1	δ’	G1161	d’	But	But
10:33	2	ὅστις	G3748	hostis	whoever	whoever
10:33	3	ἂν	G302	an	. . .	. . .
10:33	4	ἀρνήσηταί	G720	arnēsētai	denies	denies
10:33	5	με	G1473	me	Me	Me
10:33	6	ἔμπροσθεν	G1715	emprosthen	before	before
10:33	7	τῶν	G3588	tōn	-	-
10:33	8	ἀνθρώπων	G444	anthrōpōn	men	men
10:33	9	κἀγὼ	G2504	kagō	vvv	vvv
10:33	10	ἀρνήσομαι	G720	arnēsomai	I will also deny	I will also deny
10:33	11	αὐτὸν	G846	auton	him	him
10:33	12	ἔμπροσθεν	G1715	emprosthen	before	before
10:33	13	μου	G1473	mou	My	My
10:33	14	τοῦ	G3588	tou	-	-
10:33	15	Πατρός	G3962	Patros	Father	Father
10:33	16	τοῦ	G3588	tou	-	-
10:33	17	ἐν	G1722	en	in	in
10:33	18	τοῖς	G3588	tois	-	-
10:33	19	οὐρανοῖς	G3772	ouranois	heaven	heaven
10:34	1	Μὴ	G3361	Mē	{Do} not	{Do} not
10:34	2	νομίσητε	G3543	nomisēte	assume	assume
10:34	3	ὅτι	G3754	hoti	that	that
10:34	4	ἦλθον	G2064	ēlthon	I have come	I have come
10:34	5	βαλεῖν	G906	balein	to bring	to bring
10:34	6	εἰρήνην	G1515	eirēnēn	peace	peace
10:34	7	ἐπὶ	G1909	epi	to	to
10:34	8	τὴν	G3588	tēn	the	the
10:34	9	γῆν	G1093	gēn	earth	earth
10:34	10	ἦλθον	G2064	ēlthon	I have not come	I have not come
10:34	11	οὐκ	G3756	ouk	. . .	. . .
10:34	12	βαλεῖν	G906	balein	to bring	to bring
10:34	13	εἰρήνην	G1515	eirēnēn	peace	peace
10:34	14	ἀλλὰ	G235	alla	but	but
10:34	15	μάχαιραν	G3162	machairan	a sword	a sword
10:35	1	γὰρ	G1063	gar	For	For
10:35	2	ἦλθον	G2064	ēlthon	I have come	I have come
10:35	3	διχάσαι	G1369	dichasai	to turn	to turn
10:35	4	Ἄνθρωπον	G444	Anthrōpon	a man	a man
10:35	5	κατὰ	G2596	kata	against	against
10:35	6	αὐτοῦ	G846	autou	his	his
10:35	7	τοῦ	G3588	tou	-	-
10:35	8	πατρὸς	G3962	patros	father	father
10:35	9	Καὶ	G2532	Kai	-	-
10:35	10	θυγατέρα	G2364	thygatera	a daughter	a daughter
10:35	11	κατὰ	G2596	kata	against	against
10:35	12	αὐτῆς	G846	autēs	her	her
10:35	13	τῆς	G3588	tēs	-	-
10:35	14	μητρὸς	G3384	mētros	mother	mother
10:35	15	Καὶ	G2532	Kai	-	-
10:35	16	νύμφην	G3565	nymphēn	a daughter-in-law	a daughter-in-law
10:35	17	κατὰ	G2596	kata	against	against
10:35	18	αὐτῆς	G846	autēs	her	her
10:35	19	τῆς	G3588	tēs	-	-
10:35	20	πενθερᾶς	G3994	pentheras	mother-in-law	mother-in-law
10:36	1	Καὶ	G2532	Kai	-	-
10:36	2	τοῦ	G3588	tou	vvv	vvv
10:36	3	ἀνθρώπου	G444	anthrōpou	A man’s	A man’s
10:36	4	ἐχθροὶ	G2190	echthroi	enemies [will be]	enemies [will be]
10:36	5	οἱ	G3588	hoi	the [members]	the [members]
10:36	6	αὐτοῦ	G846	autou	of his own	of his own
10:36	7	οἰκιακοὶ	G3615	oikiakoi	household	household
10:37	1	Ὁ	G3588	Ho	Anyone who	Anyone who
10:37	2	φιλῶν	G5368	philōn	loves	loves
10:37	3	πατέρα	G3962	patera	[his] father	[his] father
10:37	4	ἢ	G2228	ē	or	or
10:37	5	μητέρα	G3384	mētera	mother	mother
10:37	6	ὑπὲρ	G5228	hyper	more than	more than
10:37	7	ἐμὲ	G1473	eme	Me	Me
10:37	8	ἔστιν	G1510	estin	is	is
10:37	9	οὐκ	G3756	ouk	not	not
10:37	10	ἄξιος	G514	axios	worthy	worthy
10:37	11	μου	G1473	mou	of Me	of Me
10:37	12	καὶ	G2532	kai	-	-
10:37	13	ὁ	G3588	ho	anyone who	anyone who
10:37	14	φιλῶν	G5368	philōn	loves	loves
10:37	15	υἱὸν	G5207	huion	[his] son	[his] son
10:37	16	ἢ	G2228	ē	or	or
10:37	17	θυγατέρα	G2364	thygatera	daughter	daughter
10:37	18	ὑπὲρ	G5228	hyper	more than	more than
10:37	19	ἐμὲ	G1473	eme	Me	Me
10:37	20	ἔστιν	G1510	estin	is	is
10:37	21	οὐκ	G3756	ouk	not	not
10:37	22	ἄξιος	G514	axios	worthy	worthy
10:37	23	μου	G1473	mou	of Me	of Me
10:38	1	καὶ	G2532	kai	and	and
10:38	2	ὃς	G3739	hos	anyone who	anyone who
10:38	3	λαμβάνει	G2983	lambanei	does not take up	does not take up
10:38	4	οὐ	G3756	ou	. . .	. . .
10:38	5	αὐτοῦ	G846	autou	his	his
10:38	6	τὸν	G3588	ton	-	-
10:38	7	σταυρὸν	G4716	stauron	cross	cross
10:38	8	καὶ	G2532	kai	and	and
10:38	9	ἀκολουθεῖ	G190	akolouthei	follow	follow
10:38	10	ὀπίσω	G3694	opisō	-	-
10:38	11	μου	G1473	mou	Me	Me
10:38	12	ἔστιν	G1510	estin	is	is
10:38	13	οὐκ	G3756	ouk	not	not
10:38	14	ἄξιος	G514	axios	worthy	worthy
10:38	15	μου	G1473	mou	of Me	of Me
10:39	1	ὁ	G3588	ho	Whoever	Whoever
10:39	2	εὑρὼν	G2147	heurōn	finds	finds
10:39	3	αὐτοῦ	G846	autou	his	his
10:39	4	τὴν	G3588	tēn	-	-
10:39	5	ψυχὴν	G5590	psychēn	life	life
10:39	6	ἀπολέσει	G622	apolesei	will lose	will lose
10:39	7	αὐτήν	G846	autēn	it	it
10:39	8	καὶ	G2532	kai	and	and
10:39	9	ὁ	G3588	ho	whoever	whoever
10:39	10	ἀπολέσας	G622	apolesas	loses	loses
10:39	11	αὐτοῦ	G846	autou	his	his
10:39	12	τὴν	G3588	tēn	-	-
10:39	13	ψυχὴν	G5590	psychēn	life	life
10:39	14	ἕνεκεν	G1752	heneken	for My sake	for My sake
10:39	15	ἐμοῦ	G1473	emou	. . .	. . .
10:39	16	εὑρήσει	G2147	heurēsei	will find	will find
10:39	17	αὐτήν	G846	autēn	it	it
10:40	1	Ὁ	G3588	Ho	He who	He who
10:40	2	δεχόμενος	G1209	dechomenos	receives	receives
10:40	3	ὑμᾶς	G4771	hymas	you	you
10:40	4	δέχεται	G1209	dechetai	receives	receives
10:40	5	ἐμὲ	G1473	eme	Me	Me
10:40	6	καὶ	G2532	kai	and	and
10:40	7	ὁ	G3588	ho	he who	he who
10:40	8	δεχόμενος	G1209	dechomenos	receives	receives
10:40	9	ἐμὲ	G1473	eme	Me	Me
10:40	10	δέχεται	G1209	dechetai	receives	receives
10:40	11	τὸν	G3588	ton	the [One who]	the [One who]
10:40	12	ἀποστείλαντά	G649	aposteilanta	sent	sent
10:40	13	με	G1473	me	Me	Me
10:41	1	ὁ	G3588	ho	Whoever	Whoever
10:41	2	δεχόμενος	G1209	dechomenos	receives	receives
10:41	3	προφήτην	G4396	prophētēn	a prophet	a prophet
10:41	4	εἰς	G1519	eis	because he is	because he is
10:41	5	ὄνομα	G3686	onoma	. . .	. . .
10:41	6	προφήτου	G4396	prophētou	a prophet	a prophet
10:41	7	λήμψεται	G2983	lēmpsetai	will receive	will receive
10:41	8	προφήτου	G4396	prophētou	a prophet’s	a prophet’s
10:41	9	μισθὸν	G3408	misthon	reward	reward
10:41	10	καὶ	G2532	kai	and	and
10:41	11	ὁ	G3588	ho	whoever	whoever
10:41	12	δεχόμενος	G1209	dechomenos	receives	receives
10:41	13	δίκαιον	G1342	dikaion	a righteous [man]	a righteous [man]
10:41	14	εἰς	G1519	eis	because he is	because he is
10:41	15	ὄνομα	G3686	onoma	. . .	. . .
10:41	16	δικαίου	G1342	dikaiou	a righteous [man]	a righteous [man]
10:41	17	λήμψεται	G2983	lēmpsetai	will receive	will receive
10:41	18	δικαίου	G1342	dikaiou	a righteous [man’s]	a righteous [man’s]
10:41	19	μισθὸν	G3408	misthon	reward	reward
10:42	1	καὶ	G2532	kai	And	And
10:42	2	ὃς	G3739	hos	if anyone	if anyone
10:42	3	ἂν	G302	an	. . .	. . .
10:42	4	ποτίσῃ	G4222	potisē	gives	gives
10:42	5	μόνον	G3440	monon	even	even
10:42	6	ποτήριον	G4221	potērion	a cup	a cup
10:42	7	ψυχροῦ	G5593	psychrou	of cold [water]	of cold [water]
10:42	8	ἕνα	G1520	hena	to one	to one
10:42	9	τούτων	G3778	toutōn	of these	of these
10:42	10	τῶν	G3588	tōn	-	-
10:42	11	μικρῶν	G3398	mikrōn	little ones	little ones
10:42	12	εἰς	G1519	eis	-	-
10:42	13	ὄνομα	G3686	onoma	[because he is My]	[because he is My]
10:42	14	μαθητοῦ	G3101	mathētou	disciple	disciple
10:42	15	ἀμὴν	G281	amēn	truly	truly
10:42	16	λέγω	G3004	legō	I tell	I tell
10:42	17	ὑμῖν	G4771	hymin	you	you
10:42	18	ἀπολέσῃ	G622	apolesē	he will never lose	he will never lose
10:42	19	οὐ	G3756	ou	. . .	. . .
10:42	20	μὴ	G3361	mē	. . .	. . .
10:42	21	αὐτοῦ	G846	autou	his	his
10:42	22	τὸν	G3588	ton	-	-
10:42	23	μισθὸν	G3408	misthon	reward	reward
11:1	1	Καὶ	G2532	Kai	After	After
11:1	2	ἐγένετο	G1096	egeneto	. . .	. . .
11:1	3	ὅτε	G3753	hote	. . .	. . .
11:1	4	ὁ	G3588	ho	-	-
11:1	5	Ἰησοῦς	G2424	Iēsous	Jesus	Jesus
11:1	6	ἐτέλεσεν	G5055	etelesen	had finished	had finished
11:1	7	διατάσσων	G1299	diatassōn	instructing	instructing
11:1	8	αὐτοῦ	G846	autou	His	His
11:1	9	δώδεκα	G1427	dōdeka	twelve	twelve
11:1	10	τοῖς	G3588	tois	-	-
11:1	11	μαθηταῖς	G3101	mathētais	disciples	disciples
11:1	12	μετέβη	G3327	metebē	He went on	He went on
11:1	13	ἐκεῖθεν	G1564	ekeithen	from there	from there
11:1	14	τοῦ	G3588	tou	-	-
11:1	15	διδάσκειν	G1321	didaskein	to teach	to teach
11:1	16	καὶ	G2532	kai	and	and
11:1	17	κηρύσσειν	G2784	kēryssein	preach	preach
11:1	18	ἐν	G1722	en	in	in
11:1	19	αὐτῶν	G846	autōn	their	their
11:1	20	ταῖς	G3588	tais	-	-
11:1	21	πόλεσιν	G4172	polesin	cities	cities
11:2	1	δὲ	G1161	de	Meanwhile	Meanwhile
11:2	2	Ὁ	G3588	Ho	-	-
11:2	3	Ἰωάννης	G2491	Iōannēs	John	John
11:2	4	ἀκούσας	G191	akousas	heard	heard
11:2	5	ἐν	G1722	en	in	in
11:2	6	τῷ	G3588	tō	-	-
11:2	7	δεσμωτηρίῳ	G1201	desmōtēriō	prison	prison
11:2	8	τὰ	G3588	ta	[about] the	[about] the
11:2	9	ἔργα	G2041	erga	works	works
11:2	10	τοῦ	G3588	tou	of	of
11:2	11	Χριστοῦ	G5547	Christou	Christ	Christ
11:2	12	πέμψας	G3992	pempsas	[and] he sent	[and] he sent
11:2	13	διὰ	G1223	dia	-	-
11:2	14	αὐτοῦ	G846	autou	his	his
11:2	15	τῶν	G3588	tōn	-	-
11:2	16	μαθητῶν	G3101	mathētōn	disciples	disciples
11:3	1	εἶπεν	G2036	eipen	to ask	to ask
11:3	2	αὐτῷ	G846	autō	Him	Him
11:3	3	εἶ	G1510	ei	Are	Are
11:3	4	Σὺ	G4771	Sy	You	You
11:3	5	ὁ	G3588	ho	the	the
11:3	6	ἐρχόμενος	G2064	erchomenos	[One who] was to come	[One who] was to come
11:3	7	ἢ	G2228	ē	or	or
11:3	8	προσδοκῶμεν	G4328	prosdokōmen	should we look for	should we look for
11:3	9	ἕτερον	G2087	heteron	someone else	someone else
11:4	1	Καὶ	G2532	Kai	-	-
11:4	2	ὁ	G3588	ho	-	-
11:4	3	Ἰησοῦς	G2424	Iēsous	Jesus	Jesus
11:4	4	ἀποκριθεὶς	G611	apokritheis	replied	replied
11:4	5	εἶπεν	G2036	eipen	. . .	. . .
11:4	6	αὐτοῖς	G846	autois	. . .	. . .
11:4	7	Πορευθέντες	G4198	Poreuthentes	Go [back]	Go [back]
11:4	8	ἀπαγγείλατε	G518	apangeilate	[and] report	[and] report
11:4	9	Ἰωάννῃ	G2491	Iōannē	to John	to John
11:4	10	ἃ	G3739	ha	what	what
11:4	11	ἀκούετε	G191	akouete	you hear	you hear
11:4	12	καὶ	G2532	kai	and	and
11:4	13	βλέπετε	G991	blepete	see	see
11:5	1	τυφλοὶ	G5185	typhloi	[The] blind	[The] blind
11:5	2	ἀναβλέπουσιν	G308	anablepousin	receive sight	receive sight
11:5	3	καὶ	G2532	kai	-	-
11:5	4	χωλοὶ	G5560	chōloi	[the] lame	[the] lame
11:5	5	περιπατοῦσιν	G4043	peripatousin	walk	walk
11:5	6	λεπροὶ	G3015	leproi	[the] lepers	[the] lepers
11:5	7	καθαρίζονται	G2511	katharizontai	are cleansed	are cleansed
11:5	8	καὶ	G2532	kai	-	-
11:5	9	κωφοὶ	G2974	kōphoi	[the] deaf	[the] deaf
11:5	10	ἀκούουσιν	G191	akouousin	hear	hear
11:5	11	καὶ	G2532	kai	-	-
11:5	12	νεκροὶ	G3498	nekroi	[the] dead	[the] dead
11:5	13	ἐγείρονται	G1453	egeirontai	are raised	are raised
11:5	14	καὶ	G2532	kai	and	and
11:5	15	εὐαγγελίζονται	G2097	euangelizontai	the good news is preached	the good news is preached
11:5	16	πτωχοὶ	G4434	ptōchoi	[to the] poor	[to the] poor
11:6	1	καὶ	G2532	kai	-	-
11:6	2	μακάριός	G3107	makarios	Blessed	Blessed
11:6	3	ἐστιν	G1510	estin	is	is
11:6	4	ὃς	G3739	hos	the [one who]	the [one who]
11:6	5	σκανδαλισθῇ	G4624	skandalisthē	does not fall away	does not fall away
11:6	6	ἐὰν	G1437	ean	. . .	. . .
11:6	7	μὴ	G3361	mē	. . .	. . .
11:6	8	ἐν	G1722	en	on account of	on account of
11:6	9	ἐμοί	G1473	emoi	Me	Me
11:7	1	δὲ	G1161	de	-	-
11:7	2	Τούτων	G3778	Toutōn	As [John’s disciples]	As [John’s disciples]
11:7	3	πορευομένων	G4198	poreuomenōn	were leaving	were leaving
11:7	4	ὁ	G3588	ho	-	-
11:7	5	Ἰησοῦς	G2424	Iēsous	Jesus	Jesus
11:7	6	ἤρξατο	G756	ērxato	began	began
11:7	7	λέγειν	G3004	legein	to speak	to speak
11:7	8	τοῖς	G3588	tois	to the	to the
11:7	9	ὄχλοις	G3793	ochlois	crowds	crowds
11:7	10	περὶ	G4012	peri	about	about
11:7	11	Ἰωάννου	G2491	Iōannou	John	John
11:7	12	Τί	G5101	Ti	What	What
11:7	13	ἐξήλθατε	G1831	exēlthate	did you go out	did you go out
11:7	14	εἰς	G1519	eis	into	into
11:7	15	τὴν	G3588	tēn	the	the
11:7	16	ἔρημον	G2048	erēmon	wilderness	wilderness
11:7	17	θεάσασθαι	G2300	theasasthai	to see	to see
11:7	18	κάλαμον	G2563	kalamon	A reed	A reed
11:7	19	σαλευόμενον	G4531	saleuomenon	swaying	swaying
11:7	20	ὑπὸ	G5259	hypo	in	in
11:7	21	ἀνέμου	G417	anemou	[the] wind	[the] wind
11:8	1	ἀλλὰ	G235	alla	Otherwise	Otherwise
11:8	2	τί	G5101	ti	what	what
11:8	3	ἐξήλθατε	G1831	exēlthate	did you go out	did you go out
11:8	4	ἰδεῖν	G3708	idein	to see	to see
11:8	5	ἄνθρωπον	G444	anthrōpon	A man	A man
11:8	6	ἠμφιεσμένον	G294	ēmphiesmenon	dressed	dressed
11:8	7	ἐν	G1722	en	in	in
11:8	8	μαλακοῖς	G3120	malakois	fine [clothes]	fine [clothes]
11:8	9	ἰδοὺ	G2400	idou	Look	Look
11:8	10	οἱ	G3588	hoi	those	those
11:8	11	τὰ	G3588	ta	-	-
11:8	12	φοροῦντες	G5409	phorountes	who wear	who wear
11:8	13	μαλακὰ	G3120	malaka	fine [clothing]	fine [clothing]
11:8	14	εἰσίν	G1510	eisin	are found	are found
11:8	15	ἐν	G1722	en	in	in
11:8	16	τοῖς	G3588	tois	-	-
11:8	17	τῶν	G3588	tōn	-	-
11:8	18	βασιλέων	G935	basileōn	kings’	kings’
11:8	19	οἴκοις	G3624	oikois	palaces	palaces
11:9	1	τί	G5101	ti	What	What
11:9	2	ἀλλὰ	G235	alla	then	then
11:9	3	ἐξήλθατε	G1831	exēlthate	did you go out	did you go out
11:9	4	ἰδεῖν	G3708	idein	to see	to see
11:9	5	προφήτην	G4396	prophētēn	A prophet	A prophet
11:9	6	ναί	G3483	nai	Yes	Yes
11:9	7	λέγω	G3004	legō	I tell	I tell
11:9	8	ὑμῖν	G4771	hymin	you	you
11:9	9	καὶ	G2532	kai	and	and
11:9	10	περισσότερον	G4053	perissoteron	more	more
11:9	11	προφήτου	G4396	prophētou	than a prophet	than a prophet
11:10	1	οὗτός	G3778	houtos	This	This
11:10	2	ἐστιν	G1510	estin	is [the one]	is [the one]
11:10	3	περὶ	G4012	peri	about	about
11:10	4	οὗ	G3739	hou	whom	whom
11:10	5	γέγραπται	G1125	gegraptai	it is written	it is written
11:10	6	Ἰδοὺ	G2400	Idou	Behold	Behold
11:10	7	ἐγὼ	G1473	egō	I	I
11:10	8	ἀποστέλλω	G649	apostellō	will send	will send
11:10	9	μου	G1473	mou	My	My
11:10	10	τὸν	G3588	ton	-	-
11:10	11	ἄγγελόν	G32	angelon	messenger	messenger
11:10	12	πρὸ	G4253	pro	ahead of You	ahead of You
11:10	13	σου	G4771	sou	. . .	. . .
11:10	14	προσώπου	G4383	prosōpou	. . .	. . .
11:10	15	Ὃς	G3739	Hos	who	who
11:10	16	κατασκευάσει	G2680	kataskeuasei	will prepare	will prepare
11:10	17	σου	G4771	sou	Your	Your
11:10	18	τὴν	G3588	tēn	-	-
11:10	19	ὁδόν	G3598	hodon	way	way
11:10	20	ἔμπροσθέν	G1715	emprosthen	before	before
11:10	21	σου	G4771	sou	You	You
11:11	1	Ἀμὴν	G281	Amēn	Truly	Truly
11:11	2	λέγω	G3004	legō	I tell	I tell
11:11	3	ὑμῖν	G4771	hymin	you	you
11:11	4	ἐν	G1722	en	among	among
11:11	5	γεννητοῖς	G1084	gennētois	[those] born	[those] born
11:11	6	γυναικῶν	G1135	gynaikōn	of women	of women
11:11	7	ἐγήγερται	G1453	egēgertai	there has risen	there has risen
11:11	8	οὐκ	G3756	ouk	no	no
11:11	9	μείζων	G3173	meizōn	one greater	one greater
11:11	10	Ἰωάννου	G2491	Iōannou	than John	than John
11:11	11	τοῦ	G3588	tou	the	the
11:11	12	Βαπτιστοῦ	G910	Baptistou	Baptist	Baptist
11:11	13	δὲ	G1161	de	Yet even	Yet even
11:11	14	ὁ	G3588	ho	the	the
11:11	15	μικρότερος	G3398	mikroteros	least	least
11:11	16	ἐν	G1722	en	in	in
11:11	17	τῇ	G3588	tē	the	the
11:11	18	βασιλείᾳ	G932	basileia	kingdom	kingdom
11:11	19	τῶν	G3588	tōn	of	of
11:11	20	οὐρανῶν	G3772	ouranōn	heaven	heaven
11:11	21	ἐστιν	G1510	estin	is	is
11:11	22	μείζων	G3173	meizōn	greater	greater
11:11	23	αὐτοῦ	G846	autou	than he	than he
11:12	1	δὲ	G1161	de	-	-
11:12	2	ἀπὸ	G575	apo	From	From
11:12	3	τῶν	G3588	tōn	the	the
11:12	4	ἡμερῶν	G2250	hēmerōn	days	days
11:12	5	Ἰωάννου	G2491	Iōannou	of John	of John
11:12	6	τοῦ	G3588	tou	the	the
11:12	7	Βαπτιστοῦ	G910	Baptistou	Baptist	Baptist
11:12	8	ἕως	G2193	heōs	until	until
11:12	9	ἄρτι	G737	arti	now	now
11:12	10	ἡ	G3588	hē	the	the
11:12	11	βασιλεία	G932	basileia	kingdom	kingdom
11:12	12	τῶν	G3588	tōn	of	of
11:12	13	οὐρανῶν	G3772	ouranōn	heaven	heaven
11:12	14	βιάζεται	G971	biazetai	has been subject to violence	has been subject to violence
11:12	15	καὶ	G2532	kai	and	and
11:12	16	βιασταὶ	G973	biastai	[the] violent	[the] violent
11:12	17	ἁρπάζουσιν	G726	harpazousin	lay claim	lay claim
11:12	18	αὐτήν	G846	autēn	to it	to it
11:13	1	γὰρ	G1063	gar	For	For
11:13	2	πάντες	G3956	pantes	all	all
11:13	3	οἱ	G3588	hoi	the	the
11:13	4	προφῆται	G4396	prophētai	Prophets	Prophets
11:13	5	καὶ	G2532	kai	and	and
11:13	6	ὁ	G3588	ho	the	the
11:13	7	νόμος	G3551	nomos	Law	Law
11:13	8	ἐπροφήτευσαν	G4395	eprophēteusan	prophesied	prophesied
11:13	9	ἕως	G2193	heōs	until	until
11:13	10	Ἰωάννου	G2491	Iōannou	John	John
11:14	1	καὶ	G2532	kai	And	And
11:14	2	εἰ	G1487	ei	if	if
11:14	3	θέλετε	G2309	thelete	you are willing	you are willing
11:14	4	δέξασθαι	G1209	dexasthai	to accept [it]	to accept [it]
11:14	5	αὐτός	G846	autos	he	he
11:14	6	ἐστιν	G1510	estin	is	is
11:14	7	Ἠλίας	G2243	Ēlias	[the] Elijah	[the] Elijah
11:14	8	ὁ	G3588	ho	-	-
11:14	9	μέλλων	G3195	mellōn	who was	who was
11:14	10	ἔρχεσθαι	G2064	erchesthai	to come	to come
11:15	1	Ὁ	G3588	Ho	He who	He who
11:15	2	ἔχων	G2192	echōn	has	has
11:15	3	ὦτα	G3775	ōta	ears	ears
11:15	4	ἀκουέτω	G191	akouetō	let him hear	let him hear
11:16	1	δὲ	G1161	de	-	-
11:16	2	Τίνι	G5101	Tini	To what	To what
11:16	3	ὁμοιώσω	G3666	homoiōsō	can I compare	can I compare
11:16	4	ταύτην	G3778	tautēn	this	this
11:16	5	τὴν	G3588	tēn	-	-
11:16	6	γενεὰν	G1074	genean	generation	generation
11:16	7	ἐστὶν	G1510	estin	They are	They are
11:16	8	ὁμοία	G3664	homoia	like	like
11:16	9	παιδίοις	G3813	paidiois	children	children
11:16	10	καθημένοις	G2521	kathēmenois	sitting	sitting
11:16	11	ἐν	G1722	en	in	in
11:16	12	ταῖς	G3588	tais	the	the
11:16	13	ἀγοραῖς	G58	agorais	marketplaces	marketplaces
11:16	14	ἃ	G3739	ha	and	and
11:16	15	προσφωνοῦντα	G4377	prosphōnounta	calling out	calling out
11:16	16	τοῖς	G3588	tois	-	-
11:16	17	ἑτέροις	G2087	heterois	to others	to others
11:17	1	λέγουσιν	G3004	legousin	-	-
11:17	2	Ηὐλήσαμεν	G832	Ēulēsamen	We played the flute	We played the flute
11:17	3	ὑμῖν	G4771	hymin	for you	for you
11:17	4	Καὶ	G2532	Kai	and	and
11:17	5	οὐκ	G3756	ouk	vvv	vvv
11:17	6	ὠρχήσασθε	G3738	ōrchēsasthe	you did not dance	you did not dance
11:17	7	Ἐθρηνήσαμεν	G2354	Ethrēnēsamen	we sang a dirge	we sang a dirge
11:17	8	Καὶ	G2532	Kai	and	and
11:17	9	οὐκ	G3756	ouk	vvv	vvv
11:17	10	ἐκόψασθε	G2875	ekopsasthe	you did not mourn	you did not mourn
11:18	1	γὰρ	G1063	gar	For	For
11:18	2	Ἰωάννης	G2491	Iōannēs	John	John
11:18	3	Ἦλθεν	G2064	Ēlthen	came	came
11:18	4	μήτε	G3383	mēte	neither	neither
11:18	5	ἐσθίων	G2068	esthiōn	eating	eating
11:18	6	μήτε	G3383	mēte	nor	nor
11:18	7	πίνων	G4095	pinōn	drinking	drinking
11:18	8	καὶ	G2532	kai	and	and
11:18	9	λέγουσιν	G3004	legousin	they say	they say
11:18	10	ἔχει	G2192	echei	He has	He has
11:18	11	Δαιμόνιον	G1140	Daimonion	a demon	a demon
11:19	1	ὁ	G3588	ho	The	The
11:19	2	Υἱὸς	G5207	Huios	Son	Son
11:19	3	τοῦ	G3588	tou	-	-
11:19	4	ἀνθρώπου	G444	anthrōpou	of Man	of Man
11:19	5	ἦλθεν	G2064	ēlthen	came	came
11:19	6	ἐσθίων	G2068	esthiōn	eating	eating
11:19	7	καὶ	G2532	kai	and	and
11:19	8	πίνων	G4095	pinōn	drinking	drinking
11:19	9	καὶ	G2532	kai	and	and
11:19	10	λέγουσιν	G3004	legousin	they say	they say
11:19	11	Ἰδοὺ	G2400	Idou	Look	Look
11:19	12	ἄνθρωπος	G444	anthrōpos	[at this]	[at this]
11:19	13	φάγος	G5314	phagos	glutton	glutton
11:19	14	καὶ	G2532	kai	and	and
11:19	15	οἰνοπότης	G3630	oinopotēs	drunkard	drunkard
11:19	16	φίλος	G5384	philos	a friend	a friend
11:19	17	τελωνῶν	G5057	telōnōn	of tax collectors	of tax collectors
11:19	18	καὶ	G2532	kai	and	and
11:19	19	ἁμαρτωλῶν	G268	hamartōlōn	sinners	sinners
11:19	20	καὶ	G2532	kai	But	But
11:19	21	ἡ	G3588	hē	-	-
11:19	22	σοφία	G4678	sophia	wisdom	wisdom
11:19	23	ἐδικαιώθη	G1344	edikaiōthē	is vindicated	is vindicated
11:19	24	ἀπὸ	G575	apo	by	by
11:19	25	αὐτῆς	G846	autēs	her	her
11:19	26	τῶν	G3588	tōn	-	-
11:19	27	ἔργων	G2041	ergōn	actions	actions
11:20	1	Τότε	G5119	Tote	Then	Then
11:20	2	ἤρξατο	G756	ērxato	[Jesus] began	[Jesus] began
11:20	3	ὀνειδίζειν	G3679	oneidizein	to denounce	to denounce
11:20	4	τὰς	G3588	tas	the	the
11:20	5	πόλεις	G4172	poleis	cities	cities
11:20	6	ἐν	G1722	en	in	in
11:20	7	αἷς	G3739	hais	which	which
11:20	8	αἱ	G3588	hai	-	-
11:20	9	πλεῖσται	G4118	pleistai	most	most
11:20	10	αὐτοῦ	G846	autou	of His	of His
11:20	11	δυνάμεις	G1411	dynameis	miracles	miracles
11:20	12	ἐγένοντο	G1096	egenonto	had been performed	had been performed
11:20	13	ὅτι	G3754	hoti	because	because
11:20	14	οὐ	G3756	ou	vvv	vvv
11:20	15	μετενόησαν	G3340	metenoēsan	they did not repent	they did not repent
11:21	1	Οὐαί	G3759	Ouai	Woe	Woe
11:21	2	σοι	G4771	soi	to you	to you
11:21	3	Χοραζίν	G5523	Chorazin	Chorazin	Chorazin
11:21	4	οὐαί	G3759	ouai	Woe	Woe
11:21	5	σοι	G4771	soi	to you	to you
11:21	6	Βηθσαϊδά	G966	Bēthsaida	Bethsaida	Bethsaida
11:21	7	ὅτι	G3754	hoti	For	For
11:21	8	εἰ	G1487	ei	if	if
11:21	9	αἱ	G3588	hai	the	the
11:21	10	δυνάμεις	G1411	dynameis	miracles	miracles
11:21	11	αἱ	G3588	hai	[that]	[that]
11:21	12	γενόμεναι	G1096	genomenai	were performed	were performed
11:21	13	ἐν	G1722	en	in	in
11:21	14	ὑμῖν	G4771	hymin	you	you
11:21	15	ἐγένοντο	G1096	egenonto	had been performed	had been performed
11:21	16	ἐν	G1722	en	in	in
11:21	17	Τύρῳ	G5184	Tyrō	Tyre	Tyre
11:21	18	καὶ	G2532	kai	and	and
11:21	19	Σιδῶνι	G4605	Sidōni	Sidon	Sidon
11:21	20	ἂν	G302	an	-	-
11:21	21	μετενόησαν	G3340	metenoēsan	they would have repented	they would have repented
11:21	22	πάλαι	G3819	palai	long ago	long ago
11:21	23	ἐν	G1722	en	in	in
11:21	24	σάκκῳ	G4526	sakkō	sackcloth	sackcloth
11:21	25	καὶ	G2532	kai	and	and
11:21	26	σποδῷ	G4700	spodō	ashes	ashes
11:22	1	πλὴν	G4133	plēn	But	But
11:22	2	λέγω	G3004	legō	I tell	I tell
11:22	3	ὑμῖν	G4771	hymin	you	you
11:22	4	ἔσται	G1510	estai	it will be	it will be
11:22	5	ἀνεκτότερον	G414	anektoteron	more bearable	more bearable
11:22	6	Τύρῳ	G5184	Tyrō	for Tyre	for Tyre
11:22	7	καὶ	G2532	kai	and	and
11:22	8	Σιδῶνι	G4605	Sidōni	Sidon	Sidon
11:22	9	ἐν	G1722	en	on	on
11:22	10	ἡμέρᾳ	G2250	hēmera	[the] day	[the] day
11:22	11	κρίσεως	G2920	kriseōs	of judgment	of judgment
11:22	12	ἢ	G2228	ē	than	than
11:22	13	ὑμῖν	G4771	hymin	for you	for you
11:23	1	Καὶ	G2532	Kai	And	And
11:23	2	σύ	G4771	sy	you	you
11:23	3	Καφαρναούμ	G2584	Kapharnaoum	Capernaum	Capernaum
11:23	4	μὴ	G3361	mē	-	-
11:23	5	ὑψωθήσῃ	G5312	hypsōthēsē	will you be lifted up	will you be lifted up
11:23	6	ἕως	G2193	heōs	to	to
11:23	7	οὐρανοῦ	G3772	ouranou	heaven	heaven
11:23	8	καταβήσῃ	G2597	katabēsē	[No], you will be brought down	[No], you will be brought down
11:23	9	ἕως	G2193	heōs	to	to
11:23	10	ᾅδου	G86	hadou	Hades	Hades
11:23	11	ὅτι	G3754	hoti	For	For
11:23	12	εἰ	G1487	ei	if	if
11:23	13	αἱ	G3588	hai	the	the
11:23	14	δυνάμεις	G1411	dynameis	miracles	miracles
11:23	15	αἱ	G3588	hai	[that]	[that]
11:23	16	γενόμεναι	G1096	genomenai	were performed	were performed
11:23	17	ἐν	G1722	en	in	in
11:23	18	σοί	G4771	soi	you	you
11:23	19	ἐγενήθησαν	G1096	egenēthēsan	had been performed	had been performed
11:23	20	ἐν	G1722	en	in	in
11:23	21	Σοδόμοις	G4670	Sodomois	Sodom	Sodom
11:23	22	ἂν	G302	an	vvv	vvv
11:23	23	ἔμεινεν	G3306	emeinen	it would have remained	it would have remained
11:23	24	μέχρι	G3360	mechri	to	to
11:23	25	τῆς	G3588	tēs	this	this
11:23	26	σήμερον	G4594	sēmeron	day	day
11:24	1	πλὴν	G4133	plēn	But	But
11:24	2	λέγω	G3004	legō	I tell	I tell
11:24	3	ὑμῖν	G4771	hymin	you	you
11:24	4	ὅτι	G3754	hoti	that	that
11:24	5	ἔσται	G1510	estai	it will be	it will be
11:24	6	ἀνεκτότερον	G414	anektoteron	more bearable	more bearable
11:24	7	γῇ	G1093	gē	-	-
11:24	8	Σοδόμων	G4670	Sodomōn	for Sodom	for Sodom
11:24	9	ἐν	G1722	en	on	on
11:24	10	ἡμέρᾳ	G2250	hēmera	[the] day	[the] day
11:24	11	κρίσεως	G2920	kriseōs	of judgment	of judgment
11:24	12	ἢ	G2228	ē	than	than
11:24	13	σοί	G4771	soi	for you	for you
11:25	1	Ἐν	G1722	En	At	At
11:25	2	ἐκείνῳ	G1565	ekeinō	that	that
11:25	3	τῷ	G3588	tō	-	-
11:25	4	καιρῷ	G2540	kairō	time	time
11:25	5	ὁ	G3588	ho	-	-
11:25	6	Ἰησοῦς	G2424	Iēsous	Jesus	Jesus
11:25	7	ἀποκριθεὶς	G611	apokritheis	vvv	vvv
11:25	8	εἶπεν	G2036	eipen	declared	declared
11:25	9	Ἐξομολογοῦμαί	G1843	Exomologoumai	I praise	I praise
11:25	10	σοι	G4771	soi	You	You
11:25	11	Πάτερ	G3962	Pater	Father	Father
11:25	12	Κύριε	G2962	Kyrie	Lord	Lord
11:25	13	τοῦ	G3588	tou	-	-
11:25	14	οὐρανοῦ	G3772	ouranou	of heaven	of heaven
11:25	15	καὶ	G2532	kai	and	and
11:25	16	τῆς	G3588	tēs	-	-
11:25	17	γῆς	G1093	gēs	earth	earth
11:25	18	ὅτι	G3754	hoti	because	because
11:25	19	ἔκρυψας	G2928	ekrypsas	You have hidden	You have hidden
11:25	20	ταῦτα	G3778	tauta	these things	these things
11:25	21	ἀπὸ	G575	apo	from	from
11:25	22	σοφῶν	G4680	sophōn	[the] wise	[the] wise
11:25	23	καὶ	G2532	kai	and	and
11:25	24	συνετῶν	G4908	synetōn	learned	learned
11:25	25	καὶ	G2532	kai	and	and
11:25	26	ἀπεκάλυψας	G601	apekalypsas	revealed	revealed
11:25	27	αὐτὰ	G846	auta	them	them
11:25	28	νηπίοις	G3516	nēpiois	to little children	to little children
11:26	1	ναί	G3483	nai	Yes	Yes
11:26	2	ὁ	G3588	ho	-	-
11:26	3	Πατήρ	G3962	Patēr	Father	Father
11:26	4	ὅτι	G3754	hoti	for	for
11:26	5	οὕτως	G3779	houtōs	this	this
11:26	6	ἐγένετο	G1096	egeneto	was	was
11:26	7	εὐδοκία	G2107	eudokia	well-pleasing	well-pleasing
11:26	8	ἔμπροσθέν	G1715	emprosthen	in Your sight	in Your sight
11:26	9	σου	G4771	sou	. . .	. . .
11:27	1	Πάντα	G3956	Panta	All things	All things
11:27	2	παρεδόθη	G3860	paredothē	have been entrusted	have been entrusted
11:27	3	μοι	G1473	moi	to Me	to Me
11:27	4	ὑπὸ	G5259	hypo	by	by
11:27	5	μου	G1473	mou	My	My
11:27	6	τοῦ	G3588	tou	-	-
11:27	7	Πατρός	G3962	Patros	Father	Father
11:27	8	καὶ	G2532	kai	-	-
11:27	9	οὐδεὶς	G3762	oudeis	No one	No one
11:27	10	ἐπιγινώσκει	G1921	epiginōskei	knows	knows
11:27	11	τὸν	G3588	ton	the	the
11:27	12	Υἱὸν	G5207	Huion	Son	Son
11:27	13	εἰ	G1487	ei	except	except
11:27	14	μὴ	G3361	mē	. . .	. . .
11:27	15	ὁ	G3588	ho	the	the
11:27	16	Πατήρ	G3962	Patēr	Father	Father
11:27	17	οὐδὲ	G3761	oude	[and]	[and]
11:27	18	τις	G5100	tis	[no one]	[no one]
11:27	19	ἐπιγινώσκει	G1921	epiginōskei	knows	knows
11:27	20	τὸν	G3588	ton	the	the
11:27	21	Πατέρα	G3962	Patera	Father	Father
11:27	22	εἰ	G1487	ei	except	except
11:27	23	μὴ	G3361	mē	. . .	. . .
11:27	24	ὁ	G3588	ho	the	the
11:27	25	Υἱὸς	G5207	Huios	Son	Son
11:27	26	καὶ	G2532	kai	and	and
11:27	27	ᾧ	G3739	hō	those to whom	those to whom
11:27	28	ἐὰν	G1437	ean	. . .	. . .
11:27	29	ὁ	G3588	ho	the	the
11:27	30	Υἱὸς	G5207	Huios	Son	Son
11:27	31	βούληται	G1014	boulētai	chooses	chooses
11:27	32	ἀποκαλύψαι	G601	apokalypsai	to reveal [Him]	to reveal [Him]
11:28	1	Δεῦτε	G1205	Deute	Come	Come
11:28	2	πρός	G4314	pros	to	to
11:28	3	με	G1473	me	Me	Me
11:28	4	πάντες	G3956	pantes	all	all
11:28	5	οἱ	G3588	hoi	you who	you who
11:28	6	κοπιῶντες	G2872	kopiōntes	are weary	are weary
11:28	7	καὶ	G2532	kai	and	and
11:28	8	πεφορτισμένοι	G5412	pephortismenoi	burdened	burdened
11:28	9	κἀγὼ	G2504	kagō	and I	and I
11:28	10	ὑμᾶς	G4771	hymas	vvv	vvv
11:28	11	ἀναπαύσω	G373	anapausō	will give you rest	will give you rest
11:29	1	ἄρατε	G142	arate	Take	Take
11:29	2	μου	G1473	mou	My	My
11:29	3	τὸν	G3588	ton	-	-
11:29	4	ζυγόν	G2218	zygon	yoke	yoke
11:29	5	ἐφ’	G1909	eph’	upon	upon
11:29	6	ὑμᾶς	G4771	hymas	you	you
11:29	7	καὶ	G2532	kai	and	and
11:29	8	μάθετε	G3129	mathete	learn	learn
11:29	9	ἀπ’	G575	ap’	from	from
11:29	10	ἐμοῦ	G1473	emou	Me	Me
11:29	11	ὅτι	G3754	hoti	for	for
11:29	12	εἰμι	G1510	eimi	I am	I am
11:29	13	πραΰς	G4239	praus	gentle	gentle
11:29	14	καὶ	G2532	kai	and	and
11:29	15	ταπεινὸς	G5011	tapeinos	humble	humble
11:29	16	τῇ	G3588	tē	[in]	[in]
11:29	17	καρδίᾳ	G2588	kardia	heart	heart
11:29	18	καὶ	G2532	kai	and	and
11:29	19	εὑρήσετε	G2147	heurēsete	you will find	you will find
11:29	20	ἀνάπαυσιν	G372	anapausin	rest	rest
11:29	21	ταῖς	G3588	tais	[for]	[for]
11:29	22	ὑμῶν	G4771	hymōn	your	your
11:29	23	ψυχαῖς	G5590	psychais	souls	souls
11:30	1	γὰρ	G1063	gar	For	For
11:30	2	μου	G1473	mou	My	My
11:30	3	ὁ	G3588	ho	-	-
11:30	4	ζυγός	G2218	zygos	yoke	yoke
11:30	5	χρηστὸς	G5543	chrēstos	is easy	is easy
11:30	6	καὶ	G2532	kai	and	and
11:30	7	μου	G1473	mou	My	My
11:30	8	τὸ	G3588	to	-	-
11:30	9	φορτίον	G5413	phortion	burden	burden
11:30	10	ἐστιν	G1510	estin	is	is
11:30	11	ἐλαφρόν	G1645	elaphron	light	light
12:1	1	Ἐν	G1722	En	At	At
12:1	2	ἐκείνῳ	G1565	ekeinō	that	that
12:1	3	τῷ	G3588	tō	-	-
12:1	4	καιρῷ	G2540	kairō	time	time
12:1	5	ὁ	G3588	ho	-	-
12:1	6	Ἰησοῦς	G2424	Iēsous	Jesus	Jesus
12:1	7	ἐπορεύθη	G4198	eporeuthē	went	went
12:1	8	διὰ	G1223	dia	through	through
12:1	9	τῶν	G3588	tōn	the	the
12:1	10	σπορίμων	G4702	sporimōn	grainfields	grainfields
12:1	11	τοῖς	G3588	tois	on the	on the
12:1	12	σάββασιν	G4521	sabbasin	Sabbath	Sabbath
12:1	13	δὲ	G1161	de	-	-
12:1	14	αὐτοῦ	G846	autou	His	His
12:1	15	οἱ	G3588	hoi	-	-
12:1	16	μαθηταὶ	G3101	mathētai	disciples	disciples
12:1	17	ἐπείνασαν	G3983	epeinasan	were hungry	were hungry
12:1	18	καὶ	G2532	kai	and	and
12:1	19	ἤρξαντο	G756	ērxanto	began	began
12:1	20	τίλλειν	G5089	tillein	to pick	to pick
12:1	21	στάχυας	G4719	stachyas	[the] heads of grain	[the] heads of grain
12:1	22	καὶ	G2532	kai	and	and
12:1	23	ἐσθίειν	G2068	esthiein	eat [them]	eat [them]
12:2	1	οἱ	G3588	hoi	-	-
12:2	2	δὲ	G1161	de	[When]	[When]
12:2	3	Φαρισαῖοι	G5330	Pharisaioi	[the] Pharisees	[the] Pharisees
12:2	4	ἰδόντες	G3708	idontes	saw [this]	saw [this]
12:2	5	εἶπαν	G2036	eipan	they said	they said
12:2	6	αὐτῷ	G846	autō	to Him	to Him
12:2	7	Ἰδοὺ	G2400	Idou	Look	Look
12:2	8	σου	G4771	sou	Your	Your
12:2	9	οἱ	G3588	hoi	-	-
12:2	10	μαθηταί	G3101	mathētai	disciples	disciples
12:2	11	ποιοῦσιν	G4160	poiousin	are doing	are doing
12:2	12	ὃ	G3739	ho	what	what
12:2	13	οὐκ	G3756	ouk	vvv	vvv
12:2	14	ἔξεστιν	G1832	exestin	is unlawful	is unlawful
12:2	15	ποιεῖν	G4160	poiein	. . .	. . .
12:2	16	ἐν	G1722	en	on	on
12:2	17	σαββάτῳ	G4521	sabbatō	[the] Sabbath	[the] Sabbath
12:3	1	δὲ	G1161	de	-	-
12:3	2	Ὁ	G3588	Ho	-	-
12:3	3	εἶπεν	G2036	eipen	[Jesus] replied	[Jesus] replied
12:3	4	αὐτοῖς	G846	autois	-	-
12:3	5	Οὐκ	G3756	Ouk	vvv	vvv
12:3	6	ἀνέγνωτε	G314	anegnōte	Have you not read	Have you not read
12:3	7	τί	G5101	ti	what	what
12:3	8	Δαυὶδ	G1138	Dauid	David	David
12:3	9	ἐποίησεν	G4160	epoiēsen	did	did
12:3	10	ὅτε	G3753	hote	when	when
12:3	11	καὶ	G2532	kai	{he} and	{he} and
12:3	12	οἱ	G3588	hoi	his companions	his companions
12:3	13	μετ’	G3326	met’	. . .	. . .
12:3	14	αὐτοῦ	G846	autou	. . .	. . .
12:3	15	ἐπείνασεν	G3983	epeinasen	were hungry	were hungry
12:4	1	πῶς	G4459	pōs	-	-
12:4	2	εἰσῆλθεν	G1525	eisēlthen	He entered	He entered
12:4	3	εἰς	G1519	eis	. . .	. . .
12:4	4	τὸν	G3588	ton	the	the
12:4	5	οἶκον	G3624	oikon	house	house
12:4	6	τοῦ	G3588	tou	-	-
12:4	7	Θεοῦ	G2316	Theou	of God	of God
12:4	8	καὶ	G2532	kai	and	and
12:4	9	ἔφαγον	G5315	ephagon	[he and his companions] ate	[he and his companions] ate
12:4	10	τοὺς	G3588	tous	the	the
12:4	11	ἄρτους	G740	artous	consecrated bread	consecrated bread
12:4	12	τῆς	G3588	tēs	. . .	. . .
12:4	13	προθέσεως	G4286	protheseōs	. . .	. . .
12:4	14	ὃ	G3739	ho	which	which
12:4	15	ἦν	G1510	ēn	was	was
12:4	16	οὐκ	G3756	ouk	not	not
12:4	17	ἐξὸν	G1832	exon	lawful	lawful
12:4	18	αὐτῷ	G846	autō	for [them]	for [them]
12:4	19	οὐδὲ	G3761	oude	. . .	. . .
12:4	20	τοῖς	G3588	tois	. . .	. . .
12:4	21	μετ’	G3326	met’	. . .	. . .
12:4	22	αὐτοῦ	G846	autou	. . .	. . .
12:4	23	φαγεῖν	G5315	phagein	to eat	to eat
12:4	24	εἰ	G1487	ei	but	but
12:4	25	μὴ	G3361	mē	. . .	. . .
12:4	26	μόνοις	G3441	monois	only	only
12:4	27	τοῖς	G3588	tois	for the	for the
12:4	28	ἱερεῦσιν	G2409	hiereusin	priests	priests
12:5	1	Ἢ	G2228	Ē	Or	Or
12:5	2	οὐκ	G3756	ouk	vvv	vvv
12:5	3	ἀνέγνωτε	G314	anegnōte	haven’t you read	haven’t you read
12:5	4	ἐν	G1722	en	in	in
12:5	5	τῷ	G3588	tō	the	the
12:5	6	νόμῳ	G3551	nomō	Law	Law
12:5	7	ὅτι	G3754	hoti	that	that
12:5	8	τοῖς	G3588	tois	on the	on the
12:5	9	σάββασιν	G4521	sabbasin	Sabbath	Sabbath
12:5	10	οἱ	G3588	hoi	the	the
12:5	11	ἱερεῖς	G2409	hiereis	priests	priests
12:5	12	ἐν	G1722	en	in	in
12:5	13	τῷ	G3588	tō	the	the
12:5	14	ἱερῷ	G2411	hierō	temple	temple
12:5	15	βεβηλοῦσιν	G953	bebēlousin	break	break
12:5	16	τὸ	G3588	to	the	the
12:5	17	σάββατον	G4521	sabbaton	Sabbath	Sabbath
12:5	18	καὶ	G2532	kai	and yet	and yet
12:5	19	εἰσιν	G1510	eisin	are	are
12:5	20	ἀναίτιοί	G338	anaitioi	innocent	innocent
12:6	1	δὲ	G1161	de	But	But
12:6	2	λέγω	G3004	legō	I tell	I tell
12:6	3	ὑμῖν	G4771	hymin	you	you
12:6	4	ὅτι	G3754	hoti	that	that
12:6	5	μεῖζόν	G3173	meizon	One greater than	One greater than
12:6	6	τοῦ	G3588	tou	the	the
12:6	7	ἱεροῦ	G2411	hierou	temple	temple
12:6	8	ἐστιν	G1510	estin	is	is
12:6	9	ὧδε	G5602	hōde	here	here
12:7	1	Εἰ	G1487	Ei	If	If
12:7	2	δὲ	G1161	de	only	only
12:7	3	ἐγνώκειτε	G1097	egnōkeite	you had known	you had known
12:7	4	τί	G5101	ti	vvv	vvv
12:7	5	ἐστιν	G1510	estin	the meaning of	the meaning of
12:7	6	θέλω	G2309	thelō	I desire	I desire
12:7	7	Ἔλεος	G1656	Eleos	mercy	mercy
12:7	8	καὶ	G2532	kai	-	-
12:7	9	οὐ	G3756	ou	not	not
12:7	10	θυσίαν	G2378	thysian	sacrifice	sacrifice
12:7	11	ἂν	G302	an	vvv	vvv
12:7	12	οὐκ	G3756	ouk	vvv	vvv
12:7	13	κατεδικάσατε	G2613	katedikasate	you would not have condemned	you would not have condemned
12:7	14	τοὺς	G3588	tous	the	the
12:7	15	ἀναιτίους	G338	anaitious	innocent	innocent
12:8	1	γάρ	G1063	gar	For	For
12:8	2	ὁ	G3588	ho	the	the
12:8	3	Υἱὸς	G5207	Huios	Son	Son
12:8	4	τοῦ	G3588	tou	of	of
12:8	5	ἀνθρώπου	G444	anthrōpou	Man	Man
12:8	6	ἐστιν	G1510	estin	is	is
12:8	7	κύριος	G2962	kyrios	Lord	Lord
12:8	8	τοῦ	G3588	tou	of the	of the
12:8	9	σαββάτου	G4521	sabbatou	Sabbath	Sabbath
12:9	1	Καὶ	G2532	Kai	-	-
12:9	2	μεταβὰς	G3327	metabas	Moving on	Moving on
12:9	3	ἐκεῖθεν	G1564	ekeithen	from there	from there
12:9	4	ἦλθεν	G2064	ēlthen	[Jesus] entered	[Jesus] entered
12:9	5	εἰς	G1519	eis	. . .	. . .
12:9	6	αὐτῶν	G846	autōn	their	their
12:9	7	τὴν	G3588	tēn	-	-
12:9	8	συναγωγὴν	G4864	synagōgēn	synagogue	synagogue
12:10	1	καὶ	G2532	kai	and	and
12:10	2	ἄνθρωπος	G444	anthrōpos	a man	a man
12:10	3	ἔχων	G2192	echōn	with	with
12:10	4	ξηράν	G3584	xēran	a withered	a withered
12:10	5	χεῖρα	G5495	cheira	hand	hand
12:10	6	ἰδοὺ	G2400	idou	[was there]	[was there]
12:10	7	ἵνα	G2443	hina	In order to	In order to
12:10	8	κατηγορήσωσιν	G2723	katēgorēsōsin	accuse	accuse
12:10	9	αὐτοῦ	G846	autou	[Jesus]	[Jesus]
12:10	10	καὶ	G2532	kai	-	-
12:10	11	ἐπηρώτησαν	G1905	epērōtēsan	they asked	they asked
12:10	12	αὐτὸν	G846	auton	Him	Him
12:10	13	λέγοντες	G3004	legontes	-	-
12:10	14	Εἰ	G1487	Ei	vvv	vvv
12:10	15	ἔξεστιν	G1832	exestin	Is it lawful	Is it lawful
12:10	16	θεραπεῦσαι	G2323	therapeusai	to heal	to heal
12:10	17	τοῖς	G3588	tois	on the	on the
12:10	18	σάββασιν	G4521	sabbasin	Sabbath	Sabbath
12:11	1	δὲ	G1161	de	-	-
12:11	2	Ὁ	G3588	Ho	-	-
12:11	3	εἶπεν	G2036	eipen	He replied	He replied
12:11	4	αὐτοῖς	G846	autois	. . .	. . .
12:11	5	ἐὰν	G1437	ean	If	If
12:11	6	Τίς	G5101	Tis	vvv	vvv
12:11	7	ἄνθρωπος	G444	anthrōpos	one	one
12:11	8	ἔσται	G1510	estai	-	-
12:11	9	ἐξ	G1537	ex	of	of
12:11	10	ὑμῶν	G4771	hymōn	you	you
12:11	11	ὃς	G3739	hos	-	-
12:11	12	ἕξει	G2192	hexei	has	has
12:11	13	ἕν	G1520	hen	a	a
12:11	14	πρόβατον	G4263	probaton	sheep	sheep
12:11	15	καὶ	G2532	kai	and	and
12:11	16	τοῦτο	G3778	touto	it	it
12:11	17	ἐμπέσῃ	G1706	empesē	falls	falls
12:11	18	εἰς	G1519	eis	into	into
12:11	19	βόθυνον	G999	bothynon	a pit	a pit
12:11	20	τοῖς	G3588	tois	on the	on the
12:11	21	σάββασιν	G4521	sabbasin	Sabbath	Sabbath
12:11	22	οὐχὶ	G3780	ouchi	vvv	vvv
12:11	23	κρατήσει	G2902	kratēsei	will he not take hold of	will he not take hold of
12:11	24	αὐτὸ	G846	auto	it	it
12:11	25	καὶ	G2532	kai	and	and
12:11	26	ἐγερεῖ	G1453	egerei	lift [it] out	lift [it] out
12:12	1	οὖν	G3767	oun	-	-
12:12	2	πόσῳ	G4214	posō	How much	How much
12:12	3	διαφέρει	G1308	diapherei	more valuable is	more valuable is
12:12	4	ἄνθρωπος	G444	anthrōpos	a man	a man
12:12	5	προβάτου	G4263	probatou	than a sheep	than a sheep
12:12	6	ὥστε	G5620	hōste	Therefore	Therefore
12:12	7	ἔξεστιν	G1832	exestin	it is lawful	it is lawful
12:12	8	ποιεῖν	G4160	poiein	to do	to do
12:12	9	καλῶς	G2573	kalōs	good	good
12:12	10	τοῖς	G3588	tois	on the	on the
12:12	11	σάββασιν	G4521	sabbasin	Sabbath	Sabbath
12:13	1	Τότε	G5119	Tote	Then	Then
12:13	2	λέγει	G3004	legei	[Jesus] said	[Jesus] said
12:13	3	τῷ	G3588	tō	to	to
12:13	4	ἀνθρώπῳ	G444	anthrōpō	[the] man	[the] man
12:13	5	Ἔκτεινόν	G1614	Ekteinon	Stretch out	Stretch out
12:13	6	σου	G4771	sou	your	your
12:13	7	τὴν	G3588	tēn	-	-
12:13	8	χεῖρα	G5495	cheira	hand	hand
12:13	9	καὶ	G2532	kai	So	So
12:13	10	ἐξέτεινεν	G1614	exeteinen	he stretched [it] out	he stretched [it] out
12:13	11	καὶ	G2532	kai	and	and
12:13	12	ἀπεκατεστάθη	G600	apekatestathē	it was restored	it was restored
12:13	13	ὑγιὴς	G5199	hygiēs	to full use	to full use
12:13	14	ὡς	G5613	hōs	just like	just like
12:13	15	ἡ	G3588	hē	the	the
12:13	16	ἄλλη	G243	allē	other	other
12:14	1	δὲ	G1161	de	But	But
12:14	2	οἱ	G3588	hoi	the	the
12:14	3	Φαρισαῖοι	G5330	Pharisaioi	Pharisees	Pharisees
12:14	4	ἐξελθόντες	G1831	exelthontes	went out [and]	went out [and]
12:14	5	ἔλαβον	G2983	elabon	plotted	plotted
12:14	6	συμβούλιον	G4824	symboulion	. . .	. . .
12:14	7	κατ’	G2596	kat’	-	-
12:14	8	αὐτοῦ	G846	autou	-	-
12:14	9	ὅπως	G3704	hopōs	how	how
12:14	10	ἀπολέσωσιν	G622	apolesōsin	they might kill	they might kill
12:14	11	αὐτὸν	G846	auton	[Jesus]	[Jesus]
12:15	1	γνοὺς	G1097	gnous	Aware of this	Aware of this
12:15	2	δὲ	G1161	de	-	-
12:15	3	Ὁ	G3588	Ho	-	-
12:15	4	Ἰησοῦς	G2424	Iēsous	Jesus	Jesus
12:15	5	ἀνεχώρησεν	G402	anechōrēsen	withdrew	withdrew
12:15	6	ἐκεῖθεν	G1564	ekeithen	from that place	from that place
12:15	7	καὶ	G2532	kai	-	-
12:15	8	πολλοί	G4183	polloi	Large	Large
12:15	9	ὄχλοι	G3793	ochloi	crowds	crowds
12:15	10	ἠκολούθησαν	G190	ēkolouthēsan	followed	followed
12:15	11	αὐτῷ	G846	autō	Him	Him
12:15	12	καὶ	G2532	kai	and	and
12:15	13	ἐθεράπευσεν	G2323	etherapeusen	He healed	He healed
12:15	14	αὐτοὺς	G846	autous	them	them
12:15	15	πάντας	G3956	pantas	all	all
12:16	1	καὶ	G2532	kai	-	-
12:16	2	ἐπετίμησεν	G2008	epetimēsen	warning	warning
12:16	3	αὐτοῖς	G846	autois	them	them
12:16	4	ἵνα	G2443	hina	-	-
12:16	5	μὴ	G3361	mē	not	not
12:16	6	ποιήσωσιν	G4160	poiēsōsin	to make	to make
12:16	7	αὐτὸν	G846	auton	Him	Him
12:16	8	φανερὸν	G5318	phaneron	known	known
12:17	1	ἵνα	G2443	hina	This was	This was
12:17	2	πληρωθῇ	G4137	plērōthē	to fulfill	to fulfill
12:17	3	τὸ	G3588	to	what	what
12:17	4	ῥηθὲν	G2046	rhēthen	was spoken	was spoken
12:17	5	διὰ	G1223	dia	through	through
12:17	6	τοῦ	G3588	tou	the	the
12:17	7	προφήτου	G4396	prophētou	prophet	prophet
12:17	8	Ἠσαΐου	G2268	Ēsaiou	Isaiah	Isaiah
12:17	9	λέγοντος	G3004	legontos	-	-
12:18	1	Ἰδοὺ	G2400	Idou	Here is	Here is
12:18	2	μου	G1473	mou	My	My
12:18	3	ὁ	G3588	ho	-	-
12:18	4	παῖς	G3816	pais	Servant	Servant
12:18	5	ὃν	G3739	hon	whom	whom
12:18	6	ᾑρέτισα	G140	hēretisa	I have chosen	I have chosen
12:18	7	μου	G1473	mou	My	My
12:18	8	ὁ	G3588	ho	-	-
12:18	9	ἀγαπητός	G27	agapētos	beloved	beloved
12:18	10	εἰς	G1519	eis	in	in
12:18	11	ὃν	G3739	hon	whom	whom
12:18	12	μου	G1473	mou	My	My
12:18	13	ἡ	G3588	hē	-	-
12:18	14	ψυχή	G5590	psychē	soul	soul
12:18	15	εὐδόκησεν	G2106	eudokēsen	delights	delights
12:18	16	θήσω	G5087	thēsō	I will put	I will put
12:18	17	μου	G1473	mou	My	My
12:18	18	τὸ	G3588	to	-	-
12:18	19	Πνεῦμά	G4151	Pneuma	Spirit	Spirit
12:18	20	ἐπ’	G1909	ep’	on	on
12:18	21	αὐτόν	G846	auton	Him	Him
12:18	22	καὶ	G2532	kai	and	and
12:18	23	ἀπαγγελεῖ	G518	apangelei	He will proclaim	He will proclaim
12:18	24	κρίσιν	G2920	krisin	justice	justice
12:18	25	τοῖς	G3588	tois	to the	to the
12:18	26	ἔθνεσιν	G1484	ethnesin	nations	nations
12:19	1	οὐκ	G3756	ouk	vvv	vvv
12:19	2	ἐρίσει	G2051	erisei	He will not quarrel	He will not quarrel
12:19	3	οὐδὲ	G3761	oude	or	or
12:19	4	κραυγάσει	G2905	kraugasei	cry out	cry out
12:19	5	οὐδὲ	G3761	oude	no	no
12:19	6	τις	G5100	tis	one	one
12:19	7	ἀκούσει	G191	akousei	will hear	will hear
12:19	8	αὐτοῦ	G846	autou	His	His
12:19	9	τὴν	G3588	tēn	-	-
12:19	10	φωνὴν	G5456	phōnēn	voice	voice
12:19	11	ἐν	G1722	en	in	in
12:19	12	ταῖς	G3588	tais	the	the
12:19	13	πλατείαις	G4113	plateiais	streets	streets
12:20	1	συντετριμμένον	G4937	syntetrimmenon	A bruised	A bruised
12:20	2	κάλαμον	G2563	kalamon	reed	reed
12:20	3	οὐ	G3756	ou	vvv	vvv
12:20	4	κατεάξει	G2608	kateaxei	He will not break	He will not break
12:20	5	καὶ	G2532	kai	and	and
12:20	6	τυφόμενον	G5188	typhomenon	a smoldering	a smoldering
12:20	7	λίνον	G3043	linon	wick	wick
12:20	8	οὐ	G3756	ou	vvv	vvv
12:20	9	σβέσει	G4570	sbesei	He will not extinguish	He will not extinguish
12:20	10	ἕως	G2193	heōs	till	till
12:20	11	ἂν	G302	an	. . .	. . .
12:20	12	ἐκβάλῃ	G1544	ekbalē	He leads	He leads
12:20	13	τὴν	G3588	tēn	-	-
12:20	14	κρίσιν	G2920	krisin	justice	justice
12:20	15	εἰς	G1519	eis	to	to
12:20	16	νῖκος	G3534	nikos	victory	victory
12:21	1	καὶ	G2532	kai	-	-
12:21	2	τῷ	G3588	tō	In	In
12:21	3	αὐτοῦ	G846	autou	His	His
12:21	4	ὀνόματι	G3686	onomati	name	name
12:21	5	ἔθνη	G1484	ethnē	[the] nations	[the] nations
12:21	6	ἐλπιοῦσιν	G1679	elpiousin	will put their hope	will put their hope
12:22	1	Τότε	G5119	Tote	Then	Then
12:22	2	δαιμονιζόμενος	G1139	daimonizomenos	a demon-possessed man	a demon-possessed man
12:22	3	τυφλὸς	G5185	typhlos	[who was] blind	[who was] blind
12:22	4	καὶ	G2532	kai	and	and
12:22	5	κωφός	G2974	kōphos	mute	mute
12:22	6	προσηνέχθη	G4374	prosēnechthē	was brought	was brought
12:22	7	αὐτῷ	G846	autō	to [Jesus]	to [Jesus]
12:22	8	καὶ	G2532	kai	and	and
12:22	9	ἐθεράπευσεν	G2323	etherapeusen	He healed	He healed
12:22	10	αὐτόν	G846	auton	[the man]	[the man]
12:22	11	ὥστε	G5620	hōste	so that	so that
12:22	12	τὸν	G3588	ton	-	-
12:22	13	κωφὸν	G2974	kōphon	[he]	[he]
12:22	14	λαλεῖν	G2980	lalein	could speak	could speak
12:22	15	καὶ	G2532	kai	and	and
12:22	16	βλέπειν	G991	blepein	see	see
12:23	1	καὶ	G2532	kai	-	-
12:23	2	οἱ	G3588	hoi	The	The
12:23	3	ὄχλοι	G3793	ochloi	crowds	crowds
12:23	4	πάντες	G3956	pantes	vvv	vvv
12:23	5	ἐξίσταντο	G1839	existanto	were astounded	were astounded
12:23	6	καὶ	G2532	kai	and	and
12:23	7	ἔλεγον	G2036	elegon	asked	asked
12:23	8	ἐστιν	G1510	estin	Could this be	Could this be
12:23	9	Μήτι	G3385	Mēti	. . .	. . .
12:23	10	οὗτός	G3778	houtos	. . .	. . .
12:23	11	ὁ	G3588	ho	the	the
12:23	12	υἱὸς	G5207	huios	Son	Son
12:23	13	Δαυίδ	G1138	Dauid	of David	of David
12:24	1	δὲ	G1161	de	But when	But when
12:24	2	Οἱ	G3588	Hoi	-	-
12:24	3	Φαρισαῖοι	G5330	Pharisaioi	[the] Pharisees	[the] Pharisees
12:24	4	ἀκούσαντες	G191	akousantes	heard this	heard this
12:24	5	εἶπον	G2036	eipon	they said	they said
12:24	6	εἰ	G1487	ei	Only	Only
12:24	7	μὴ	G3361	mē	. . .	. . .
12:24	8	ἐν	G1722	en	by	by
12:24	9	τῷ	G3588	tō	-	-
12:24	10	Βεελζεβοὺλ	G954	Beelzeboul	Beelzebul	Beelzebul
12:24	11	ἄρχοντι	G758	archonti	[the] prince	[the] prince
12:24	12	τῶν	G3588	tōn	-	-
12:24	13	δαιμονίων	G1140	daimoniōn	of demons	of demons
12:24	14	Οὗτος	G3778	Houtos	{does} this [man]	{does} this [man]
12:24	15	οὐκ	G3756	ouk	vvv	vvv
12:24	16	ἐκβάλλει	G1544	ekballei	drive out	drive out
12:24	17	τὰ	G3588	ta	-	-
12:24	18	δαιμόνια	G1140	daimonia	demons	demons
12:25	1	δὲ	G1161	de	-	-
12:25	2	Εἰδὼς	G1492	Eidōs	Knowing	Knowing
12:25	3	αὐτῶν	G846	autōn	their	their
12:25	4	τὰς	G3588	tas	-	-
12:25	5	ἐνθυμήσεις	G1761	enthymēseis	thoughts	thoughts
12:25	6	εἶπεν	G2036	eipen	[Jesus] said	[Jesus] said
12:25	7	αὐτοῖς	G846	autois	to them	to them
12:25	8	Πᾶσα	G3956	Pasa	Every	Every
12:25	9	βασιλεία	G932	basileia	kingdom	kingdom
12:25	10	μερισθεῖσα	G3307	meristheisa	divided	divided
12:25	11	καθ’	G2596	kath’	against	against
12:25	12	ἑαυτῆς	G1438	heautēs	itself	itself
12:25	13	ἐρημοῦται	G2049	erēmoutai	will be laid waste	will be laid waste
12:25	14	καὶ	G2532	kai	and	and
12:25	15	πᾶσα	G3956	pasa	every	every
12:25	16	πόλις	G4172	polis	city	city
12:25	17	ἢ	G2228	ē	or	or
12:25	18	οἰκία	G3614	oikia	household	household
12:25	19	μερισθεῖσα	G3307	meristheisa	divided	divided
12:25	20	καθ’	G2596	kath’	against	against
12:25	21	ἑαυτῆς	G1438	heautēs	itself	itself
12:25	22	οὐ	G3756	ou	vvv	vvv
12:25	23	σταθήσεται	G2476	stathēsetai	will not stand	will not stand
12:26	1	καὶ	G2532	kai	-	-
12:26	2	εἰ	G1487	ei	If	If
12:26	3	ὁ	G3588	ho	-	-
12:26	4	Σατανᾶς	G4567	Satanas	Satan	Satan
12:26	5	ἐκβάλλει	G1544	ekballei	drives out	drives out
12:26	6	τὸν	G3588	ton	-	-
12:26	7	Σατανᾶν	G4567	Satanan	Satan	Satan
12:26	8	ἐμερίσθη	G3307	emeristhē	he is divided	he is divided
12:26	9	ἐφ’	G1909	eph’	against	against
12:26	10	ἑαυτὸν	G1438	heauton	himself	himself
12:26	11	πῶς	G4459	pōs	How	How
12:26	12	οὖν	G3767	oun	then	then
12:26	13	αὐτοῦ	G846	autou	{can} his	{can} his
12:26	14	ἡ	G3588	hē	-	-
12:26	15	βασιλεία	G932	basileia	kingdom	kingdom
12:26	16	σταθήσεται	G2476	stathēsetai	stand	stand
12:27	1	Καὶ	G2532	Kai	And	And
12:27	2	εἰ	G1487	ei	if	if
12:27	3	ἐγὼ	G1473	egō	I	I
12:27	4	ἐκβάλλω	G1544	ekballō	drive out	drive out
12:27	5	τὰ	G3588	ta	-	-
12:27	6	δαιμόνια	G1140	daimonia	demons	demons
12:27	7	ἐν	G1722	en	by	by
12:27	8	Βεελζεβοὺλ	G954	Beelzeboul	Beelzebul	Beelzebul
12:27	9	ἐν	G1722	en	by	by
12:27	10	τίνι	G5101	tini	whom	whom
12:27	11	ὑμῶν	G4771	hymōn	{do} your	{do} your
12:27	12	οἱ	G3588	hoi	-	-
12:27	13	υἱοὶ	G5207	huioi	sons	sons
12:27	14	ἐκβάλλουσιν	G1544	ekballousin	drive them out	drive them out
12:27	15	διὰ	G1223	dia	So then	So then
12:27	16	τοῦτο	G3778	touto	. . .	. . .
12:27	17	αὐτοὶ	G846	autoi	they	they
12:27	18	ἔσονται	G1510	esontai	will be	will be
12:27	19	ὑμῶν	G4771	hymōn	your	your
12:27	20	κριταὶ	G2923	kritai	judges	judges
12:28	1	δὲ	G1161	de	But	But
12:28	2	εἰ	G1487	ei	if	if
12:28	3	ἐγὼ	G1473	egō	I	I
12:28	4	ἐκβάλλω	G1544	ekballō	drive out	drive out
12:28	5	τὰ	G3588	ta	-	-
12:28	6	δαιμόνια	G1140	daimonia	demons	demons
12:28	7	ἐν	G1722	en	by	by
12:28	8	Πνεύματι	G4151	Pneumati	[the] Spirit	[the] Spirit
12:28	9	Θεοῦ	G2316	Theou	of God	of God
12:28	10	ἄρα	G686	ara	then	then
12:28	11	ἡ	G3588	hē	the	the
12:28	12	βασιλεία	G932	basileia	kingdom	kingdom
12:28	13	τοῦ	G3588	tou	-	-
12:28	14	Θεοῦ	G2316	Theou	of God	of God
12:28	15	ἔφθασεν	G5348	ephthasen	has come	has come
12:28	16	ἐφ’	G1909	eph’	upon	upon
12:28	17	ὑμᾶς	G4771	hymas	you	you
12:29	1	Ἢ	G2228	Ē	Or [again]	Or [again]
12:29	2	πῶς	G4459	pōs	how	how
12:29	3	δύναταί	G1410	dynatai	can	can
12:29	4	τις	G5100	tis	anyone	anyone
12:29	5	εἰσελθεῖν	G1525	eiselthein	enter	enter
12:29	6	εἰς	G1519	eis	. . .	. . .
12:29	7	τοῦ	G3588	tou	-	-
12:29	8	ἰσχυροῦ	G2478	ischyrou	a strong [man’s]	a strong [man’s]
12:29	9	τὴν	G3588	tēn	-	-
12:29	10	οἰκίαν	G3614	oikian	house	house
12:29	11	καὶ	G2532	kai	and	and
12:29	12	ἁρπάσαι	G726	harpasai	steal	steal
12:29	13	αὐτοῦ	G846	autou	his	his
12:29	14	τὰ	G3588	ta	-	-
12:29	15	σκεύη	G4632	skeuē	possessions	possessions
12:29	16	ἐὰν	G1437	ean	unless	unless
12:29	17	μὴ	G3361	mē	. . .	. . .
12:29	18	πρῶτον	G4412	prōton	{he} first	{he} first
12:29	19	δήσῃ	G1210	dēsē	ties up	ties up
12:29	20	τὸν	G3588	ton	the	the
12:29	21	ἰσχυρόν	G2478	ischyron	strong [man]	strong [man]
12:29	22	καὶ	G2532	kai	-	-
12:29	23	τότε	G5119	tote	Then	Then
12:29	24	διαρπάσει	G1283	diarpasei	he can plunder	he can plunder
12:29	25	αὐτοῦ	G846	autou	his	his
12:29	26	τὴν	G3588	tēn	-	-
12:29	27	οἰκίαν	G3614	oikian	house	house
12:30	1	Ὁ	G3588	Ho	He who	He who
12:30	2	ὢν	G1510	ōn	is	is
12:30	3	μὴ	G3361	mē	not	not
12:30	4	μετ’	G3326	met’	with	with
12:30	5	ἐμοῦ	G1473	emou	Me	Me
12:30	6	ἐστιν	G1510	estin	is	is
12:30	7	κατ’	G2596	kat’	against	against
12:30	8	ἐμοῦ	G1473	emou	Me	Me
12:30	9	καὶ	G2532	kai	and	and
12:30	10	ὁ	G3588	ho	he who	he who
12:30	11	μὴ	G3361	mē	{does} not	{does} not
12:30	12	συνάγων	G4863	synagōn	gather	gather
12:30	13	μετ’	G3326	met’	with	with
12:30	14	ἐμοῦ	G1473	emou	Me	Me
12:30	15	σκορπίζει	G4650	skorpizei	scatters	scatters
12:31	1	Διὰ	G1223	Dia	Therefore	Therefore
12:31	2	τοῦτο	G3778	touto	. . .	. . .
12:31	3	λέγω	G3004	legō	I tell	I tell
12:31	4	ὑμῖν	G4771	hymin	you	you
12:31	5	πᾶσα	G3956	pasa	every	every
12:31	6	ἁμαρτία	G266	hamartia	sin	sin
12:31	7	καὶ	G2532	kai	and	and
12:31	8	βλασφημία	G988	blasphēmia	blasphemy	blasphemy
12:31	9	ἀφεθήσεται	G863	aphethēsetai	will be forgiven	will be forgiven
12:31	10	τοῖς	G3588	tois	-	-
12:31	11	ἀνθρώποις	G444	anthrōpois	men	men
12:31	12	δὲ	G1161	de	but	but
12:31	13	ἡ	G3588	hē	the	the
12:31	14	βλασφημία	G988	blasphēmia	blasphemy	blasphemy
12:31	15	τοῦ	G3588	tou	against	against
12:31	16	Πνεύματος	G4151	Pneumatos	[the] Spirit	[the] Spirit
12:31	17	οὐκ	G3756	ouk	{will} not	{will} not
12:31	18	ἀφεθήσεται	G863	aphethēsetai	be forgiven	be forgiven
12:32	1	καὶ	G2532	kai	-	-
12:32	2	ἐὰν	G1437	ean	vvv	vvv
12:32	3	ὃς	G3739	hos	Whoever	Whoever
12:32	4	εἴπῃ	G2036	eipē	speaks	speaks
12:32	5	λόγον	G3056	logon	a word	a word
12:32	6	κατὰ	G2596	kata	against	against
12:32	7	τοῦ	G3588	tou	the	the
12:32	8	Υἱοῦ	G5207	Huiou	Son	Son
12:32	9	τοῦ	G3588	tou	-	-
12:32	10	ἀνθρώπου	G444	anthrōpou	of Man	of Man
12:32	11	ἀφεθήσεται	G863	aphethēsetai	will be forgiven	will be forgiven
12:32	12	αὐτῷ	G846	autō	. . .	. . .
12:32	13	δ’	G1161	d’	but	but
12:32	14	ἂν	G302	an	vvv	vvv
12:32	15	ὃς	G3739	hos	whoever	whoever
12:32	16	εἴπῃ	G2036	eipē	speaks	speaks
12:32	17	κατὰ	G2596	kata	against	against
12:32	18	τοῦ	G3588	tou	-	-
12:32	19	τοῦ	G3588	tou	the	the
12:32	20	Ἁγίου	G40	Hagiou	Holy	Holy
12:32	21	Πνεύματος	G4151	Pneumatos	Spirit	Spirit
12:32	22	οὐκ	G3756	ouk	vvv	vvv
12:32	23	ἀφεθήσεται	G863	aphethēsetai	will not be forgiven	will not be forgiven
12:32	24	αὐτῷ	G846	autō	. . .	. . .
12:32	25	οὔτε	G3777	oute	[either]	[either]
12:32	26	ἐν	G1722	en	in	in
12:32	27	τούτῳ	G3778	toutō	this	this
12:32	28	τῷ	G3588	tō	-	-
12:32	29	αἰῶνι	G165	aiōni	age	age
12:32	30	οὔτε	G3777	oute	[or]	[or]
12:32	31	ἐν	G1722	en	in	in
12:32	32	τῷ	G3588	tō	the	the
12:32	33	μέλλοντι	G3195	mellonti	[one] to come	[one] to come
12:33	1	Ἢ	G2228	Ē	-	-
12:33	2	ποιήσατε	G4160	poiēsate	Make	Make
12:33	3	τὸ	G3588	to	a	a
12:33	4	δένδρον	G1186	dendron	tree	tree
12:33	5	καλὸν	G2570	kalon	good	good
12:33	6	καὶ	G2532	kai	and	and
12:33	7	αὐτοῦ	G846	autou	its	its
12:33	8	τὸν	G3588	ton	-	-
12:33	9	καρπὸν	G2590	karpon	fruit	fruit
12:33	10	καλόν	G2570	kalon	[will be] good	[will be] good
12:33	11	ἢ	G2228	ē	or	or
12:33	12	ποιήσατε	G4160	poiēsate	make	make
12:33	13	τὸ	G3588	to	a	a
12:33	14	δένδρον	G1186	dendron	tree	tree
12:33	15	σαπρὸν	G4550	sapron	bad	bad
12:33	16	καὶ	G2532	kai	and	and
12:33	17	αὐτοῦ	G846	autou	its	its
12:33	18	τὸν	G3588	ton	-	-
12:33	19	καρπὸν	G2590	karpon	fruit	fruit
12:33	20	σαπρόν	G4550	sapron	[will be] bad	[will be] bad
12:33	21	γὰρ	G1063	gar	for	for
12:33	22	τὸ	G3588	to	a	a
12:33	23	δένδρον	G1186	dendron	tree	tree
12:33	24	γινώσκεται	G1097	ginōsketai	is known	is known
12:33	25	ἐκ	G1537	ek	by	by
12:33	26	τοῦ	G3588	tou	[its]	[its]
12:33	27	καρποῦ	G2590	karpou	fruit	fruit
12:34	1	γεννήματα	G1081	gennēmata	You brood	You brood
12:34	2	ἐχιδνῶν	G2191	echidnōn	of vipers	of vipers
12:34	3	πῶς	G4459	pōs	how	how
12:34	4	δύνασθε	G1410	dynasthe	can you	can you
12:34	5	ὄντες	G1510	ontes	who are	who are
12:34	6	πονηροὶ	G4190	ponēroi	evil	evil
12:34	7	λαλεῖν	G2980	lalein	say	say
12:34	8	ἀγαθὰ	G18	agatha	anything good	anything good
12:34	9	γὰρ	G1063	gar	For	For
12:34	10	ἐκ	G1537	ek	out of	out of
12:34	11	τοῦ	G3588	tou	the	the
12:34	12	περισσεύματος	G4051	perisseumatos	overflow	overflow
12:34	13	τῆς	G3588	tēs	of the	of the
12:34	14	καρδίας	G2588	kardias	heart	heart
12:34	15	τὸ	G3588	to	the	the
12:34	16	στόμα	G4750	stoma	mouth	mouth
12:34	17	λαλεῖ	G2980	lalei	speaks	speaks
12:35	1	ὁ	G3588	ho	The	The
12:35	2	ἀγαθὸς	G18	agathos	good	good
12:35	3	ἄνθρωπος	G444	anthrōpos	man	man
12:35	4	ἐκβάλλει	G1544	ekballei	brings	brings
12:35	5	ἀγαθά	G18	agatha	good things	good things
12:35	6	ἐκ	G1537	ek	out of	out of
12:35	7	τοῦ	G3588	tou	his	his
12:35	8	ἀγαθοῦ	G18	agathou	good	good
12:35	9	θησαυροῦ	G2344	thēsaurou	store of treasure	store of treasure
12:35	10	καὶ	G2532	kai	and	and
12:35	11	ὁ	G3588	ho	the	the
12:35	12	πονηρὸς	G4190	ponēros	evil	evil
12:35	13	ἄνθρωπος	G444	anthrōpos	man	man
12:35	14	ἐκβάλλει	G1544	ekballei	brings	brings
12:35	15	πονηρά	G4190	ponēra	evil things	evil things
12:35	16	ἐκ	G1537	ek	out of	out of
12:35	17	τοῦ	G3588	tou	his	his
12:35	18	πονηροῦ	G4190	ponērou	evil	evil
12:35	19	θησαυροῦ	G2344	thēsaurou	store of treasure	store of treasure
12:36	1	δὲ	G1161	de	But	But
12:36	2	λέγω	G3004	legō	I tell	I tell
12:36	3	ὑμῖν	G4771	hymin	you	you
12:36	4	οἱ	G3588	hoi	that	that
12:36	5	ἄνθρωποι	G444	anthrōpoi	men	men
12:36	6	ἀποδώσουσιν	G591	apodōsousin	will give	will give
12:36	7	λόγον	G3056	logon	an account	an account
12:36	8	περὶ	G4012	peri	-	-
12:36	9	αὐτοῦ	G846	autou	-	-
12:36	10	ἐν	G1722	en	on	on
12:36	11	ἡμέρᾳ	G2250	hēmera	[the] day	[the] day
12:36	12	κρίσεως	G2920	kriseōs	of judgment	of judgment
12:36	13	ὅτι	G3754	hoti	for	for
12:36	14	πᾶν	G3956	pan	every	every
12:36	15	ἀργὸν	G692	argon	careless	careless
12:36	16	ῥῆμα	G4487	rhēma	word	word
12:36	17	ὃ	G3739	ho	-	-
12:36	18	λαλήσουσιν	G2980	lalēsousin	they have spoken	they have spoken
12:37	1	γὰρ	G1063	gar	For	For
12:37	2	ἐκ	G1537	ek	by	by
12:37	3	σου	G4771	sou	your	your
12:37	4	τῶν	G3588	tōn	-	-
12:37	5	λόγων	G3056	logōn	words	words
12:37	6	δικαιωθήσῃ	G1344	dikaiōthēsē	you will be acquitted	you will be acquitted
12:37	7	καὶ	G2532	kai	and	and
12:37	8	ἐκ	G1537	ek	by	by
12:37	9	σου	G4771	sou	your	your
12:37	10	τῶν	G3588	tōn	-	-
12:37	11	λόγων	G3056	logōn	words	words
12:37	12	καταδικασθήσῃ	G2613	katadikasthēsē	you will be condemned	you will be condemned
12:38	1	Τότε	G5119	Tote	Then	Then
12:38	2	τινες	G5100	tines	some	some
12:38	3	τῶν	G3588	tōn	of the	of the
12:38	4	γραμματέων	G1122	grammateōn	scribes	scribes
12:38	5	καὶ	G2532	kai	and	and
12:38	6	Φαρισαίων	G5330	Pharisaiōn	Pharisees	Pharisees
12:38	7	ἀπεκρίθησαν	G611	apekrithēsan	said to Him	said to Him
12:38	8	αὐτῷ	G846	autō	. . .	. . .
12:38	9	λέγοντες	G3004	legontes	. . .	. . .
12:38	10	Διδάσκαλε	G1320	Didaskale	Teacher	Teacher
12:38	11	θέλομεν	G2309	thelomen	we want	we want
12:38	12	ἰδεῖν	G3708	idein	to see	to see
12:38	13	σημεῖον	G4592	sēmeion	a sign	a sign
12:38	14	ἀπὸ	G575	apo	from	from
12:38	15	σοῦ	G4771	sou	You	You
12:39	1	δὲ	G1161	de	-	-
12:39	2	Ὁ	G3588	Ho	-	-
12:39	3	ἀποκριθεὶς	G611	apokritheis	[Jesus] replied	[Jesus] replied
12:39	4	εἶπεν	G2036	eipen	-	-
12:39	5	αὐτοῖς	G846	autois	-	-
12:39	6	πονηρὰ	G4190	ponēra	A wicked	A wicked
12:39	7	καὶ	G2532	kai	and	and
12:39	8	μοιχαλὶς	G3428	moichalis	adulterous	adulterous
12:39	9	Γενεὰ	G1074	Genea	generation	generation
12:39	10	ἐπιζητεῖ	G1934	epizētei	demands	demands
12:39	11	σημεῖον	G4592	sēmeion	a sign	a sign
12:39	12	καὶ	G2532	kai	[but]	[but]
12:39	13	οὐ	G3756	ou	none	none
12:39	14	σημεῖον	G4592	sēmeion	. . .	. . .
12:39	15	δοθήσεται	G1325	dothēsetai	will be given	will be given
12:39	16	αὐτῇ	G846	autē	it	it
12:39	17	εἰ	G1487	ei	except	except
12:39	18	μὴ	G3361	mē	. . .	. . .
12:39	19	τὸ	G3588	to	the	the
12:39	20	σημεῖον	G4592	sēmeion	sign	sign
12:39	21	τοῦ	G3588	tou	of the	of the
12:39	22	προφήτου	G4396	prophētou	prophet	prophet
12:39	23	Ἰωνᾶ	G2495	Iōna	Jonah	Jonah
12:40	1	γὰρ	G1063	gar	For	For
12:40	2	ὥσπερ	G5618	hōsper	as	as
12:40	3	Ἰωνᾶς	G2495	Iōnas	Jonah	Jonah
12:40	4	ἦν	G1510	ēn	was	was
12:40	5	τρεῖς	G5140	treis	three	three
12:40	6	ἡμέρας	G2250	hēmeras	days	days
12:40	7	καὶ	G2532	kai	and	and
12:40	8	τρεῖς	G5140	treis	three	three
12:40	9	νύκτας	G3571	nyktas	nights	nights
12:40	10	ἐν	G1722	en	in	in
12:40	11	τῇ	G3588	tē	the	the
12:40	12	κοιλίᾳ	G2836	koilia	belly	belly
12:40	13	τοῦ	G3588	tou	of the	of the
12:40	14	κήτους	G2785	kētous	great fish	great fish
12:40	15	οὕτως	G3779	houtōs	so	so
12:40	16	ὁ	G3588	ho	the	the
12:40	17	Υἱὸς	G5207	Huios	Son	Son
12:40	18	τοῦ	G3588	tou	-	-
12:40	19	ἀνθρώπου	G444	anthrōpou	of Man	of Man
12:40	20	ἔσται	G1510	estai	will be	will be
12:40	21	τρεῖς	G5140	treis	three	three
12:40	22	ἡμέρας	G2250	hēmeras	days	days
12:40	23	καὶ	G2532	kai	and	and
12:40	24	τρεῖς	G5140	treis	three	three
12:40	25	νύκτας	G3571	nyktas	nights	nights
12:40	26	ἐν	G1722	en	in	in
12:40	27	τῇ	G3588	tē	the	the
12:40	28	καρδίᾳ	G2588	kardia	heart	heart
12:40	29	τῆς	G3588	tēs	of the	of the
12:40	30	γῆς	G1093	gēs	earth	earth
12:41	1	Ἄνδρες	G435	Andres	The men	The men
12:41	2	Νινευῖται	G3536	Nineuitai	of Nineveh	of Nineveh
12:41	3	ἀναστήσονται	G450	anastēsontai	will stand	will stand
12:41	4	ἐν	G1722	en	at	at
12:41	5	τῇ	G3588	tē	the	the
12:41	6	κρίσει	G2920	krisei	judgment	judgment
12:41	7	μετὰ	G3326	meta	with	with
12:41	8	ταύτης	G3778	tautēs	this	this
12:41	9	τῆς	G3588	tēs	-	-
12:41	10	γενεᾶς	G1074	geneas	generation	generation
12:41	11	καὶ	G2532	kai	and	and
12:41	12	κατακρινοῦσιν	G2632	katakrinousin	condemn	condemn
12:41	13	αὐτήν	G846	autēn	it	it
12:41	14	ὅτι	G3754	hoti	for	for
12:41	15	μετενόησαν	G3340	metenoēsan	they repented	they repented
12:41	16	εἰς	G1519	eis	at	at
12:41	17	τὸ	G3588	to	the	the
12:41	18	κήρυγμα	G2782	kērygma	preaching	preaching
12:41	19	Ἰωνᾶ	G2495	Iōna	of Jonah	of Jonah
12:41	20	καὶ	G2532	kai	and	and
12:41	21	ἰδοὺ	G2400	idou	now	now
12:41	22	πλεῖον	G4119	pleion	[One] greater than	[One] greater than
12:41	23	Ἰωνᾶ	G2495	Iōna	Jonah	Jonah
12:41	24	ὧδε	G5602	hōde	is here	is here
12:42	1	βασίλισσα	G938	basilissa	The Queen	The Queen
12:42	2	νότου	G3558	notou	of [the] South	of [the] South
12:42	3	ἐγερθήσεται	G1453	egerthēsetai	will rise	will rise
12:42	4	ἐν	G1722	en	at	at
12:42	5	τῇ	G3588	tē	the	the
12:42	6	κρίσει	G2920	krisei	judgment	judgment
12:42	7	μετὰ	G3326	meta	with	with
12:42	8	ταύτης	G3778	tautēs	this	this
12:42	9	τῆς	G3588	tēs	-	-
12:42	10	γενεᾶς	G1074	geneas	generation	generation
12:42	11	καὶ	G2532	kai	and	and
12:42	12	κατακρινεῖ	G2632	katakrinei	condemn	condemn
12:42	13	αὐτήν	G846	autēn	it	it
12:42	14	ὅτι	G3754	hoti	for	for
12:42	15	ἦλθεν	G2064	ēlthen	she came	she came
12:42	16	ἐκ	G1537	ek	from	from
12:42	17	τῶν	G3588	tōn	the	the
12:42	18	περάτων	G4009	peratōn	ends	ends
12:42	19	τῆς	G3588	tēs	of the	of the
12:42	20	γῆς	G1093	gēs	earth	earth
12:42	21	ἀκοῦσαι	G191	akousai	to hear	to hear
12:42	22	τὴν	G3588	tēn	the	the
12:42	23	σοφίαν	G4678	sophian	wisdom	wisdom
12:42	24	Σολομῶνος	G4672	Solomōnos	of Solomon	of Solomon
12:42	25	καὶ	G2532	kai	and	and
12:42	26	ἰδοὺ	G2400	idou	now	now
12:42	27	πλεῖον	G4119	pleion	[One] greater than	[One] greater than
12:42	28	Σολομῶνος	G4672	Solomōnos	Solomon	Solomon
12:42	29	ὧδε	G5602	hōde	is here	is here
12:43	1	δὲ	G1161	de	-	-
12:43	2	Ὅταν	G3752	Hotan	When	When
12:43	3	τὸ	G3588	to	an	an
12:43	4	ἀκάθαρτον	G169	akatharton	unclean	unclean
12:43	5	πνεῦμα	G4151	pneuma	spirit	spirit
12:43	6	ἐξέλθῃ	G1831	exelthē	comes out	comes out
12:43	7	ἀπὸ	G575	apo	of	of
12:43	8	τοῦ	G3588	tou	a	a
12:43	9	ἀνθρώπου	G444	anthrōpou	man	man
12:43	10	διέρχεται	G1330	dierchetai	it passes	it passes
12:43	11	δι’	G1223	di’	through	through
12:43	12	ἀνύδρων	G504	anydrōn	arid	arid
12:43	13	τόπων	G5117	topōn	places	places
12:43	14	ζητοῦν	G2212	zētoun	seeking	seeking
12:43	15	ἀνάπαυσιν	G372	anapausin	rest	rest
12:43	16	καὶ	G2532	kai	and	and
12:43	17	οὐχ	G3756	ouch	vvv	vvv
12:43	18	εὑρίσκει	G2147	heuriskei	does not find [it]	does not find [it]
12:44	1	τότε	G5119	tote	Then	Then
12:44	2	λέγει	G3004	legei	it says	it says
12:44	3	ἐπιστρέψω	G1994	epistrepsō	I will return	I will return
12:44	4	Εἰς	G1519	Eis	to	to
12:44	5	μου	G1473	mou	-	-
12:44	6	τὸν	G3588	ton	the	the
12:44	7	οἶκόν	G3624	oikon	house	house
12:44	8	ὅθεν	G3606	hothen	vvv	vvv
12:44	9	ἐξῆλθον	G1831	exēlthon	I left	I left
12:44	10	καὶ	G2532	kai	-	-
12:44	11	ἐλθὸν	G2064	elthon	On its return	On its return
12:44	12	εὑρίσκει	G2147	heuriskei	it finds [the house]	it finds [the house]
12:44	13	σχολάζοντα	G4980	scholazonta	vacant	vacant
12:44	14	καὶ	G2532	kai	-	-
12:44	15	σεσαρωμένον	G4563	sesarōmenon	swept clean	swept clean
12:44	16	καὶ	G2532	kai	and	and
12:44	17	κεκοσμημένον	G2885	kekosmēmenon	put in order	put in order
12:45	1	τότε	G5119	tote	Then	Then
12:45	2	πορεύεται	G4198	poreuetai	it goes	it goes
12:45	3	καὶ	G2532	kai	and	and
12:45	4	παραλαμβάνει	G3880	paralambanei	brings with it	brings with it
12:45	5	μεθ’	G3326	meth’	. . .	. . .
12:45	6	ἑαυτοῦ	G1438	heautou	. . .	. . .
12:45	7	ἑπτὰ	G2033	hepta	seven	seven
12:45	8	ἕτερα	G2087	hetera	other	other
12:45	9	πνεύματα	G4151	pneumata	spirits	spirits
12:45	10	πονηρότερα	G4190	ponērotera	more wicked	more wicked
12:45	11	ἑαυτοῦ	G1438	heautou	than itself	than itself
12:45	12	καὶ	G2532	kai	and	and
12:45	13	εἰσελθόντα	G1525	eiselthonta	they go in	they go in
12:45	14	κατοικεῖ	G2730	katoikei	[and] dwell	[and] dwell
12:45	15	ἐκεῖ	G1563	ekei	there	there
12:45	16	καὶ	G2532	kai	And	And
12:45	17	τὰ	G3588	ta	the	the
12:45	18	ἔσχατα	G2078	eschata	final [plight]	final [plight]
12:45	19	ἐκείνου	G1565	ekeinou	of	of
12:45	20	τοῦ	G3588	tou	that	that
12:45	21	ἀνθρώπου	G444	anthrōpou	man	man
12:45	22	γίνεται	G1096	ginetai	is	is
12:45	23	χείρονα	G5501	cheirona	worse	worse
12:45	24	τῶν	G3588	tōn	than the	than the
12:45	25	πρώτων	G4413	prōtōn	first	first
12:45	26	οὕτως	G3779	houtōs	So	So
12:45	27	καὶ	G2532	kai	. . .	. . .
12:45	28	ἔσται	G1510	estai	will it be	will it be
12:45	29	τῇ	G3588	tē	-	-
12:45	30	ταύτῃ	G3778	tautē	with this	with this
12:45	31	τῇ	G3588	tē	-	-
12:45	32	πονηρᾷ	G4190	ponēra	wicked	wicked
12:45	33	γενεᾷ	G1074	genea	generation	generation
12:46	1	Ἔτι	G2089	Eti	While	While
12:46	2	αὐτοῦ	G846	autou	[Jesus]	[Jesus]
12:46	3	λαλοῦντος	G2980	lalountos	was still speaking	was still speaking
12:46	4	δὲ	G1161	de	. . .	. . .
12:46	5	τοῖς	G3588	tois	to the	to the
12:46	6	ὄχλοις	G3793	ochlois	crowds	crowds
12:46	7	ἰδοὺ	G2400	idou	-	-
12:46	8	αὐτοῦ	G846	autou	His	His
12:46	9	ἡ	G3588	hē	-	-
12:46	10	μήτηρ	G3384	mētēr	mother	mother
12:46	11	καὶ	G2532	kai	and	and
12:46	12	οἱ	G3588	hoi	-	-
12:46	13	ἀδελφοὶ	G80	adelphoi	brothers	brothers
12:46	14	εἱστήκεισαν	G2476	heistēkeisan	stood	stood
12:46	15	ἔξω	G1854	exō	outside	outside
12:46	16	ζητοῦντες	G2212	zētountes	wanting	wanting
12:46	17	λαλῆσαι	G2980	lalēsai	to speak	to speak
12:46	18	αὐτῷ	G846	autō	to Him	to Him
12:47	1	δέ	G1161	de	-	-
12:47	2	τις	G5100	tis	Someone	Someone
12:47	3	εἶπεν	G2036	eipen	told	told
12:47	4	αὐτῷ	G846	autō	Him	Him
12:47	5	Ἰδοὺ	G2400	Idou	Look	Look
12:47	6	σου	G4771	sou	Your	Your
12:47	7	ἡ	G3588	hē	-	-
12:47	8	μήτηρ	G3384	mētēr	mother	mother
12:47	9	καὶ	G2532	kai	and	and
12:47	10	σου	G4771	sou	-	-
12:47	11	οἱ	G3588	hoi	-	-
12:47	12	ἀδελφοί	G80	adelphoi	brothers	brothers
12:47	13	ἑστήκασιν	G2476	hestēkasin	are standing	are standing
12:47	14	ἔξω	G1854	exō	outside	outside
12:47	15	ζητοῦντές	G2212	zētountes	wanting	wanting
12:47	16	λαλῆσαι	G2980	lalēsai	to speak	to speak
12:47	17	σοι	G4771	soi	to You	to You
12:48	1	δὲ	G1161	de	But	But
12:48	2	Ὁ	G3588	Ho	-	-
12:48	3	ἀποκριθεὶς	G611	apokritheis	vvv	vvv
12:48	4	εἶπεν	G2036	eipen	[Jesus] replied	[Jesus] replied
12:48	5	τῷ	G3588	tō	. . .	. . .
12:48	6	λέγοντι	G3004	legonti	. . .	. . .
12:48	7	αὐτῷ	G846	autō	. . .	. . .
12:48	8	Τίς	G5101	Tis	Who	Who
12:48	9	ἐστιν	G1510	estin	is	is
12:48	10	μου	G1473	mou	My	My
12:48	11	ἡ	G3588	hē	-	-
12:48	12	μήτηρ	G3384	mētēr	mother	mother
12:48	13	καὶ	G2532	kai	and	and
12:48	14	τίνες	G5101	tines	who	who
12:48	15	εἰσὶν	G1510	eisin	are	are
12:48	16	μου	G1473	mou	My	My
12:48	17	οἱ	G3588	hoi	-	-
12:48	18	ἀδελφοί	G80	adelphoi	brothers	brothers
12:49	1	καὶ	G2532	kai	-	-
12:49	2	ἐκτείνας	G1614	ekteinas	Pointing	Pointing
12:49	3	αὐτοῦ	G846	autou	. . .	. . .
12:49	4	τὴν	G3588	tēn	. . .	. . .
12:49	5	χεῖρα	G5495	cheira	. . .	. . .
12:49	6	ἐπὶ	G1909	epi	to	to
12:49	7	αὐτοῦ	G846	autou	His	His
12:49	8	τοὺς	G3588	tous	-	-
12:49	9	μαθητὰς	G3101	mathētas	disciples	disciples
12:49	10	εἶπεν	G2036	eipen	He said	He said
12:49	11	Ἰδοὺ	G2400	Idou	Here are	Here are
12:49	12	μου	G1473	mou	My	My
12:49	13	ἡ	G3588	hē	-	-
12:49	14	μήτηρ	G3384	mētēr	mother	mother
12:49	15	καὶ	G2532	kai	and	and
12:49	16	μου	G1473	mou	My	My
12:49	17	οἱ	G3588	hoi	-	-
12:49	18	ἀδελφοί	G80	adelphoi	brothers	brothers
12:50	1	γὰρ	G1063	gar	For	For
12:50	2	ὅστις	G3748	hostis	whoever	whoever
12:50	3	ἂν	G302	an	. . .	. . .
12:50	4	ποιήσῃ	G4160	poiēsē	does	does
12:50	5	τὸ	G3588	to	the	the
12:50	6	θέλημα	G2307	thelēma	will	will
12:50	7	μου	G1473	mou	of My	of My
12:50	8	τοῦ	G3588	tou	-	-
12:50	9	Πατρός	G3962	Patros	Father	Father
12:50	10	τοῦ	G3588	tou	-	-
12:50	11	ἐν	G1722	en	in	in
12:50	12	οὐρανοῖς	G3772	ouranois	heaven	heaven
12:50	13	αὐτός	G846	autos	-	-
12:50	14	ἐστίν	G1510	estin	is	is
12:50	15	μου	G1473	mou	My	My
12:50	16	ἀδελφὸς	G80	adelphos	brother	brother
12:50	17	καὶ	G2532	kai	and	and
12:50	18	ἀδελφὴ	G79	adelphē	sister	sister
12:50	19	καὶ	G2532	kai	and	and
12:50	20	μήτηρ	G3384	mētēr	mother	mother
13:1	1	Ἐν	G1722	En	-	-
13:1	2	ἐκείνῃ	G1565	ekeinē	That	That
13:1	3	τῇ	G3588	tē	[same]	[same]
13:1	4	ἡμέρᾳ	G2250	hēmera	day	day
13:1	5	ὁ	G3588	ho	-	-
13:1	6	Ἰησοῦς	G2424	Iēsous	Jesus	Jesus
13:1	7	ἐξελθὼν	G1831	exelthōn	went out	went out
13:1	8	τῆς	G3588	tēs	of the	of the
13:1	9	οἰκίας	G3614	oikias	house	house
13:1	10	ἐκάθητο	G2521	ekathēto	[and] sat	[and] sat
13:1	11	παρὰ	G3844	para	by	by
13:1	12	τὴν	G3588	tēn	the	the
13:1	13	θάλασσαν	G2281	thalassan	sea	sea
13:2	1	καὶ	G2532	kai	[Such]	[Such]
13:2	2	πολλοί	G4183	polloi	large	large
13:2	3	ὄχλοι	G3793	ochloi	crowds	crowds
13:2	4	συνήχθησαν	G4863	synēchthēsan	gathered	gathered
13:2	5	πρὸς	G4314	pros	around	around
13:2	6	αὐτὸν	G846	auton	Him	Him
13:2	7	ὥστε	G5620	hōste	that	that
13:2	8	αὐτὸν	G846	auton	He	He
13:2	9	ἐμβάντα	G1684	embanta	got into	got into
13:2	10	εἰς	G1519	eis	. . .	. . .
13:2	11	πλοῖον	G4143	ploion	a boat	a boat
13:2	12	καθῆσθαι	G2521	kathēsthai	[and] sat down	[and] sat down
13:2	13	καὶ	G2532	kai	while	while
13:2	14	πᾶς	G3956	pas	all	all
13:2	15	ὁ	G3588	ho	the	the
13:2	16	ὄχλος	G3793	ochlos	people	people
13:2	17	εἱστήκει	G2476	heistēkei	stood	stood
13:2	18	ἐπὶ	G1909	epi	on	on
13:2	19	τὸν	G3588	ton	the	the
13:2	20	αἰγιαλὸν	G123	aigialon	shore	shore
13:3	1	Καὶ	G2532	Kai	And	And
13:3	2	ἐλάλησεν	G2980	elalēsen	He told	He told
13:3	3	αὐτοῖς	G846	autois	them	them
13:3	4	πολλὰ	G4183	polla	many things	many things
13:3	5	ἐν	G1722	en	in	in
13:3	6	παραβολαῖς	G3850	parabolais	parables	parables
13:3	7	λέγων	G3004	legōn	saying	saying
13:3	8	Ἰδοὺ	G2400	Idou	-	-
13:3	9	ὁ	G3588	ho	vvv	vvv
13:3	10	σπείρων	G4687	speirōn	A farmer	A farmer
13:3	11	ἐξῆλθεν	G1831	exēlthen	went out	went out
13:3	12	τοῦ	G3588	tou	-	-
13:3	13	σπείρειν	G4687	speirein	to sow his seed	to sow his seed
13:4	1	καὶ	G2532	kai	And	And
13:4	2	ἐν	G1722	en	as	as
13:4	3	αὐτὸν	G846	auton	he was	he was
13:4	4	τῷ	G3588	tō	-	-
13:4	5	σπείρειν	G4687	speirein	sowing	sowing
13:4	6	μὲν	G3303	men	-	-
13:4	7	ἃ	G3739	ha	some [seed]	some [seed]
13:4	8	ἔπεσεν	G4098	epesen	fell	fell
13:4	9	παρὰ	G3844	para	along	along
13:4	10	τὴν	G3588	tēn	the	the
13:4	11	ὁδόν	G3598	hodon	path	path
13:4	12	καὶ	G2532	kai	and	and
13:4	13	τὰ	G3588	ta	the	the
13:4	14	πετεινὰ	G4071	peteina	birds	birds
13:4	15	ἐλθόντα	G2064	elthonta	came	came
13:4	16	κατέφαγεν	G2719	katephagen	[and] devoured	[and] devoured
13:4	17	αὐτά	G846	auta	it	it
13:5	1	δὲ	G1161	de	-	-
13:5	2	Ἄλλα	G243	Alla	Some	Some
13:5	3	ἔπεσεν	G4098	epesen	fell	fell
13:5	4	ἐπὶ	G1909	epi	on	on
13:5	5	τὰ	G3588	ta	-	-
13:5	6	πετρώδη	G4075	petrōdē	rocky ground	rocky ground
13:5	7	ὅπου	G3699	hopou	where	where
13:5	8	οὐκ	G3756	ouk	vvv	vvv
13:5	9	εἶχεν	G2192	eichen	it did not have	it did not have
13:5	10	πολλήν	G4183	pollēn	much	much
13:5	11	γῆν	G1093	gēn	soil	soil
13:5	12	καὶ	G2532	kai	-	-
13:5	13	ἐξανέτειλεν	G1816	exaneteilen	It sprang up	It sprang up
13:5	14	εὐθέως	G2112	eutheōs	quickly	quickly
13:5	15	διὰ	G1223	dia	because	because
13:5	16	γῆς	G1093	gēs	the soil	the soil
13:5	17	τὸ	G3588	to	-	-
13:5	18	ἔχειν	G2192	echein	was	was
13:5	19	μὴ	G3361	mē	vvv	vvv
13:5	20	βάθος	G899	bathos	shallow	shallow
13:6	1	δὲ	G1161	de	But	But
13:6	2	ἡλίου	G2246	hēliou	[when the] sun	[when the] sun
13:6	3	ἀνατείλαντος	G393	anateilantos	rose	rose
13:6	4	ἐκαυματίσθη	G2739	ekaumatisthē	[the seedlings] were scorched	[the seedlings] were scorched
13:6	5	καὶ	G2532	kai	and	and
13:6	6	ἐξηράνθη	G3583	exēranthē	they withered	they withered
13:6	7	διὰ	G1223	dia	because	because
13:6	8	τὸ	G3588	to	-	-
13:6	9	ἔχειν	G2192	echein	they had	they had
13:6	10	μὴ	G3361	mē	no	no
13:6	11	ῥίζαν	G4491	rhizan	root	root
13:7	1	δὲ	G1161	de	-	-
13:7	2	Ἄλλα	G243	Alla	Other [seed]	Other [seed]
13:7	3	ἔπεσεν	G4098	epesen	fell	fell
13:7	4	ἐπὶ	G1909	epi	among	among
13:7	5	τὰς	G3588	tas	-	-
13:7	6	ἀκάνθας	G173	akanthas	thorns	thorns
13:7	7	καὶ	G2532	kai	vvv	vvv
13:7	8	αἱ	G3588	hai	vvv	vvv
13:7	9	ἄκανθαι	G173	akanthai	[which]	[which]
13:7	10	ἀνέβησαν	G305	anebēsan	grew up	grew up
13:7	11	καὶ	G2532	kai	and	and
13:7	12	ἔπνιξαν	G4155	epnixan	choked	choked
13:7	13	αὐτά	G846	auta	[the seedlings]	[the seedlings]
13:8	1	δὲ	G1161	de	Still	Still
13:8	2	Ἄλλα	G243	Alla	other [seed]	other [seed]
13:8	3	ἔπεσεν	G4098	epesen	fell	fell
13:8	4	ἐπὶ	G1909	epi	on	on
13:8	5	τὴν	G3588	tēn	-	-
13:8	6	καλὴν	G2570	kalēn	good	good
13:8	7	τὴν	G3588	tēn	-	-
13:8	8	γῆν	G1093	gēn	soil	soil
13:8	9	καὶ	G2532	kai	and	and
13:8	10	ἐδίδου	G1325	edidou	produced	produced
13:8	11	καρπόν	G2590	karpon	a crop	a crop
13:8	12	μὲν	G3303	men	-	-
13:8	13	ὃ	G3739	ho	-	-
13:8	14	ἑκατὸν	G1540	hekaton	a hundredfold	a hundredfold
13:8	15	δὲ	G1161	de	-	-
13:8	16	ὃ	G3739	ho	-	-
13:8	17	ἑξήκοντα	G1835	hexēkonta	sixtyfold	sixtyfold
13:8	18	δὲ	G1161	de	[or]	[or]
13:8	19	ὃ	G3739	ho	-	-
13:8	20	τριάκοντα	G5144	triakonta	thirtyfold	thirtyfold
13:9	1	Ὁ	G3588	Ho	He who	He who
13:9	2	ἔχων	G2192	echōn	has	has
13:9	3	ὦτα	G3775	ōta	ears	ears
13:9	4	ἀκουέτω	G191	akouetō	let him hear	let him hear
13:10	1	Καὶ	G2532	Kai	Then	Then
13:10	2	οἱ	G3588	hoi	the	the
13:10	3	μαθηταὶ	G3101	mathētai	disciples	disciples
13:10	4	προσελθόντες	G4334	proselthontes	came to [Jesus]	came to [Jesus]
13:10	5	εἶπαν	G2036	eipan	[and] asked	[and] asked
13:10	6	αὐτῷ	G846	autō	-	-
13:10	7	Διὰ	G1223	Dia	Why	Why
13:10	8	τί	G5101	ti	. . .	. . .
13:10	9	λαλεῖς	G2980	laleis	do You speak	do You speak
13:10	10	αὐτοῖς	G846	autois	to [the people]	to [the people]
13:10	11	ἐν	G1722	en	in	in
13:10	12	παραβολαῖς	G3850	parabolais	parables	parables
13:11	1	δὲ	G1161	de	-	-
13:11	2	Ὁ	G3588	Ho	-	-
13:11	3	ἀποκριθεὶς	G611	apokritheis	He replied	He replied
13:11	4	εἶπεν	G2036	eipen	. . .	. . .
13:11	5	αὐτοῖς	G846	autois	. . .	. . .
13:11	6	Ὅτι	G3754	Hoti	-	-
13:11	7	γνῶναι	G1097	gnōnai	The knowledge	The knowledge
13:11	8	τὰ	G3588	ta	of the	of the
13:11	9	μυστήρια	G3466	mystēria	mysteries	mysteries
13:11	10	τῆς	G3588	tēs	of the	of the
13:11	11	βασιλείας	G932	basileias	kingdom	kingdom
13:11	12	τῶν	G3588	tōn	of	of
13:11	13	οὐρανῶν	G3772	ouranōn	heaven	heaven
13:11	14	δέδοται	G1325	dedotai	has been given	has been given
13:11	15	Ὑμῖν	G4771	Hymin	to you	to you
13:11	16	δὲ	G1161	de	but	but
13:11	17	οὐ	G3756	ou	not	not
13:11	18	ἐκείνοις	G1565	ekeinois	to them	to them
13:11	19	δέδοται	G1325	dedotai	-	-
13:12	1	γὰρ	G1063	gar	-	-
13:12	2	ὅστις	G3748	hostis	Whoever	Whoever
13:12	3	ἔχει	G2192	echei	has	has
13:12	4	αὐτῷ	G846	autō	-	-
13:12	5	δοθήσεται	G1325	dothēsetai	will be given [more]	will be given [more]
13:12	6	καὶ	G2532	kai	and	and
13:12	7	περισσευθήσεται	G4052	perisseuthēsetai	he will have an abundance	he will have an abundance
13:12	8	δὲ	G1161	de	-	-
13:12	9	ὅστις	G3748	hostis	Whoever	Whoever
13:12	10	οὐκ	G3756	ouk	[does] not	[does] not
13:12	11	ἔχει	G2192	echei	have	have
13:12	12	καὶ	G2532	kai	even	even
13:12	13	ὃ	G3739	ho	what	what
13:12	14	ἔχει	G2192	echei	he has	he has
13:12	15	ἀρθήσεται	G142	arthēsetai	will be taken away	will be taken away
13:12	16	ἀπ’	G575	ap’	from	from
13:12	17	αὐτοῦ	G846	autou	him	him
13:13	1	τοῦτο	G3778	touto	This	This
13:13	2	διὰ	G1223	dia	is why	is why
13:13	3	λαλῶ	G2980	lalō	I speak	I speak
13:13	4	αὐτοῖς	G846	autois	to them	to them
13:13	5	ἐν	G1722	en	in	in
13:13	6	παραβολαῖς	G3850	parabolais	parables	parables
13:13	7	Ὅτι	G3754	Hoti	Though	Though
13:13	8	βλέποντες	G991	blepontes	seeing	seeing
13:13	9	οὐ	G3756	ou	vvv	vvv
13:13	10	βλέπουσιν	G991	blepousin	they do not see	they do not see
13:13	11	Καὶ	G2532	Kai	[though]	[though]
13:13	12	ἀκούοντες	G191	akouontes	hearing	hearing
13:13	13	οὐκ	G3756	ouk	vvv	vvv
13:13	14	ἀκούουσιν	G191	akouousin	they do not hear	they do not hear
13:13	15	οὐδὲ	G3761	oude	[or]	[or]
13:13	16	συνίουσιν	G4920	syniousin	understand	understand
13:14	1	Καὶ	G2532	Kai	-	-
13:14	2	αὐτοῖς	G846	autois	In them	In them
13:14	3	ἡ	G3588	hē	the	the
13:14	4	προφητεία	G4394	prophēteia	prophecy	prophecy
13:14	5	Ἠσαΐου	G2268	Ēsaiou	of Isaiah	of Isaiah
13:14	6	ἀναπληροῦται	G378	anaplēroutai	is fulfilled	is fulfilled
13:14	7	ἡ	G3588	hē	-	-
13:14	8	λέγουσα	G3004	legousa	-	-
13:14	9	ἀκούσετε	G191	akousete	You will be ever hearing	You will be ever hearing
13:14	10	Ἀκοῇ	G189	Akoē	. . .	. . .
13:14	11	καὶ	G2532	kai	but	but
13:14	12	οὐ	G3756	ou	never	never
13:14	13	μὴ	G3361	mē	. . .	. . .
13:14	14	συνῆτε	G4920	synēte	understanding	understanding
13:14	15	Καὶ	G2532	Kai	-	-
13:14	16	βλέψετε	G991	blepsete	you will be ever seeing	you will be ever seeing
13:14	17	βλέποντες	G991	blepontes	. . .	. . .
13:14	18	καὶ	G2532	kai	but	but
13:14	19	οὐ	G3756	ou	never	never
13:14	20	μὴ	G3361	mē	. . .	. . .
13:14	21	ἴδητε	G3708	idēte	perceiving	perceiving
13:15	1	γὰρ	G1063	gar	For	For
13:15	2	ἡ	G3588	hē	-	-
13:15	3	τούτου	G3778	toutou	this	this
13:15	4	τοῦ	G3588	tou	-	-
13:15	5	λαοῦ	G2992	laou	people’s	people’s
13:15	6	καρδία	G2588	kardia	heart	heart
13:15	7	Ἐπαχύνθη	G3975	Epachynthē	has grown callous	has grown callous
13:15	8	Καὶ	G2532	Kai	-	-
13:15	9	ἤκουσαν	G191	ēkousan	they hardly hear	they hardly hear
13:15	10	βαρέως	G917	bareōs	. . .	. . .
13:15	11	τοῖς	G3588	tois	with [their]	with [their]
13:15	12	ὠσὶν	G3775	ōsin	ears	ears
13:15	13	Καὶ	G2532	Kai	and	and
13:15	14	ἐκάμμυσαν	G2576	ekammysan	they have closed	they have closed
13:15	15	αὐτῶν	G846	autōn	their	their
13:15	16	τοὺς	G3588	tous	-	-
13:15	17	ὀφθαλμοὺς	G3788	ophthalmous	eyes	eyes
13:15	18	Μή‿	G3361	Mē	Otherwise	Otherwise
13:15	19	ποτε	G4219	pote	. . .	. . .
13:15	20	ἴδωσιν	G3708	idōsin	they might see	they might see
13:15	21	τοῖς	G3588	tois	with [their]	with [their]
13:15	22	ὀφθαλμοῖς	G3788	ophthalmois	eyes	eyes
13:15	23	Καὶ	G2532	Kai	-	-
13:15	24	ἀκούσωσιν	G191	akousōsin	hear	hear
13:15	25	τοῖς	G3588	tois	with [their]	with [their]
13:15	26	ὠσὶν	G3775	ōsin	ears	ears
13:15	27	Καὶ	G2532	Kai	-	-
13:15	28	συνῶσιν	G4920	synōsin	understand	understand
13:15	29	τῇ	G3588	tē	with [their]	with [their]
13:15	30	καρδίᾳ	G2588	kardia	hearts	hearts
13:15	31	Καὶ	G2532	Kai	and	and
13:15	32	ἐπιστρέψωσιν	G1994	epistrepsōsin	turn	turn
13:15	33	Καὶ	G2532	Kai	and	and
13:15	34	ἰάσομαι	G2390	iasomai	I would heal	I would heal
13:15	35	αὐτούς	G846	autous	them	them
13:16	1	δὲ	G1161	de	But	But
13:16	2	μακάριοι	G3107	makarioi	blessed [are]	blessed [are]
13:16	3	Ὑμῶν	G4771	Hymōn	your	your
13:16	4	οἱ	G3588	hoi	-	-
13:16	5	ὀφθαλμοὶ	G3788	ophthalmoi	eyes	eyes
13:16	6	ὅτι	G3754	hoti	because	because
13:16	7	βλέπουσιν	G991	blepousin	they see	they see
13:16	8	καὶ	G2532	kai	and	and
13:16	9	τὰ	G3588	ta	-	-
13:16	10	ὑμῶν	G4771	hymōn	your	your
13:16	11	ὦτα	G3775	ōta	ears	ears
13:16	12	ὅτι	G3754	hoti	because	because
13:16	13	ἀκούουσιν	G191	akouousin	they hear	they hear
13:17	1	γὰρ	G1063	gar	For	For
13:17	2	ἀμὴν	G281	amēn	truly	truly
13:17	3	λέγω	G3004	legō	I tell	I tell
13:17	4	ὑμῖν	G4771	hymin	you	you
13:17	5	ὅτι	G3754	hoti	-	-
13:17	6	πολλοὶ	G4183	polloi	many	many
13:17	7	προφῆται	G4396	prophētai	prophets	prophets
13:17	8	καὶ	G2532	kai	and	and
13:17	9	δίκαιοι	G1342	dikaioi	righteous [men]	righteous [men]
13:17	10	ἐπεθύμησαν	G1937	epethymēsan	longed	longed
13:17	11	ἰδεῖν	G3708	idein	to see	to see
13:17	12	ἃ	G3739	ha	what	what
13:17	13	βλέπετε	G991	blepete	you see	you see
13:17	14	καὶ	G2532	kai	[but]	[but]
13:17	15	οὐκ	G3756	ouk	vvv	vvv
13:17	16	εἶδαν	G3708	eidan	did not see [it]	did not see [it]
13:17	17	καὶ	G2532	kai	and	and
13:17	18	ἀκοῦσαι	G191	akousai	to hear	to hear
13:17	19	ἃ	G3739	ha	what	what
13:17	20	ἀκούετε	G191	akouete	you hear	you hear
13:17	21	καὶ	G2532	kai	[but]	[but]
13:17	22	οὐκ	G3756	ouk	vvv	vvv
13:17	23	ἤκουσαν	G191	ēkousan	did not hear [it]	did not hear [it]
13:18	1	Ὑμεῖς	G4771	Hymeis	vvv	vvv
13:18	2	ἀκούσατε	G191	akousate	Consider	Consider
13:18	3	οὖν	G3767	oun	then	then
13:18	4	τὴν	G3588	tēn	the	the
13:18	5	παραβολὴν	G3850	parabolēn	parable	parable
13:18	6	τοῦ	G3588	tou	of the	of the
13:18	7	σπείραντος	G4687	speirantos	sower	sower
13:19	1	Παντὸς	G3956	Pantos	When anyone	When anyone
13:19	2	ἀκούοντος	G191	akouontos	hears	hears
13:19	3	τὸν	G3588	ton	the	the
13:19	4	λόγον	G3056	logon	message	message
13:19	5	τῆς	G3588	tēs	of the	of the
13:19	6	βασιλείας	G932	basileias	kingdom	kingdom
13:19	7	καὶ	G2532	kai	but	but
13:19	8	μὴ	G3361	mē	{does} not	{does} not
13:19	9	συνιέντος	G4920	synientos	understand [it]	understand [it]
13:19	10	ὁ	G3588	ho	the	the
13:19	11	πονηρὸς	G4190	ponēros	evil one	evil one
13:19	12	ἔρχεται	G2064	erchetai	comes	comes
13:19	13	καὶ	G2532	kai	and	and
13:19	14	ἁρπάζει	G726	harpazei	snatches away	snatches away
13:19	15	τὸ	G3588	to	what	what
13:19	16	ἐσπαρμένον	G4687	esparmenon	was sown	was sown
13:19	17	ἐν	G1722	en	in	in
13:19	18	τῇ	G3588	tē	-	-
13:19	19	αὐτοῦ	G846	autou	his	his
13:19	20	καρδίᾳ	G2588	kardia	heart	heart
13:19	21	οὗτός	G3778	houtos	This	This
13:19	22	ἐστιν	G1510	estin	is	is
13:19	23	ὁ	G3588	ho	the [seed]	the [seed]
13:19	24	σπαρείς	G4687	spareis	sown	sown
13:19	25	παρὰ	G3844	para	along	along
13:19	26	τὴν	G3588	tēn	the	the
13:19	27	ὁδὸν	G3598	hodon	path	path
13:20	1	δὲ	G1161	de	-	-
13:20	2	Ὁ	G3588	Ho	The [seed]	The [seed]
13:20	3	σπαρείς	G4687	spareis	sown	sown
13:20	4	ἐπὶ	G1909	epi	on	on
13:20	5	τὰ	G3588	ta	-	-
13:20	6	πετρώδη	G4075	petrōdē	rocky ground	rocky ground
13:20	7	οὗτός	G3778	houtos	-	-
13:20	8	ἐστιν	G1510	estin	is	is
13:20	9	ὁ	G3588	ho	the [one who]	the [one who]
13:20	10	ἀκούων	G191	akouōn	hears	hears
13:20	11	τὸν	G3588	ton	the	the
13:20	12	λόγον	G3056	logon	word	word
13:20	13	καὶ	G2532	kai	and	and
13:20	14	εὐθὺς	G2112	euthys	at once	at once
13:20	15	λαμβάνων	G2983	lambanōn	receives	receives
13:20	16	αὐτόν	G846	auton	it	it
13:20	17	μετὰ	G3326	meta	with	with
13:20	18	χαρᾶς	G5479	charas	joy	joy
13:21	1	ἀλλὰ	G235	alla	But	But
13:21	2	δὲ	G1161	de	since	since
13:21	3	ἔχει	G2192	echei	he has	he has
13:21	4	ἐν	G1722	en	. . .	. . .
13:21	5	ἑαυτῷ	G1438	heautō	. . .	. . .
13:21	6	οὐκ	G3756	ouk	no	no
13:21	7	ῥίζαν	G4491	rhizan	root	root
13:21	8	ἐστιν	G1510	estin	he remains	he remains
13:21	9	πρόσκαιρός	G4340	proskairos	for only a season	for only a season
13:21	10	δὲ	G1161	de	[When]	[When]
13:21	11	θλίψεως	G2347	thlipseōs	trouble	trouble
13:21	12	ἢ	G2228	ē	or	or
13:21	13	διωγμοῦ	G1375	diōgmou	persecution	persecution
13:21	14	γενομένης	G1096	genomenēs	comes	comes
13:21	15	διὰ	G1223	dia	because of	because of
13:21	16	τὸν	G3588	ton	the	the
13:21	17	λόγον	G3056	logon	word	word
13:21	18	εὐθὺς	G2112	euthys	vvv	vvv
13:21	19	σκανδαλίζεται	G4624	skandalizetai	he quickly falls away	he quickly falls away
13:22	1	δὲ	G1161	de	-	-
13:22	2	Ὁ	G3588	Ho	The [seed]	The [seed]
13:22	3	σπαρείς	G4687	spareis	sown	sown
13:22	4	εἰς	G1519	eis	among	among
13:22	5	τὰς	G3588	tas	the	the
13:22	6	ἀκάνθας	G173	akanthas	thorns	thorns
13:22	7	οὗτός	G3778	houtos	-	-
13:22	8	ἐστιν	G1510	estin	is	is
13:22	9	ὁ	G3588	ho	the [one who]	the [one who]
13:22	10	ἀκούων	G191	akouōn	hears	hears
13:22	11	τὸν	G3588	ton	the	the
13:22	12	λόγον	G3056	logon	word	word
13:22	13	καὶ	G2532	kai	but	but
13:22	14	ἡ	G3588	hē	the	the
13:22	15	μέριμνα	G3308	merimna	worries	worries
13:22	16	τοῦ	G3588	tou	of	of
13:22	17	τούτου	G3778	toutou	this	this
13:22	18	αἰῶνος	G165	aiōnos	life	life
13:22	19	καὶ	G2532	kai	and	and
13:22	20	ἡ	G3588	hē	the	the
13:22	21	ἀπάτη	G539	apatē	deceitfulness	deceitfulness
13:22	22	τοῦ	G3588	tou	-	-
13:22	23	πλούτου	G4149	ploutou	of wealth	of wealth
13:22	24	συμπνίγει	G4846	sympnigei	choke	choke
13:22	25	τὸν	G3588	ton	the	the
13:22	26	λόγον	G3056	logon	word	word
13:22	27	καὶ	G2532	kai	and	and
13:22	28	γίνεται	G1096	ginetai	it becomes	it becomes
13:22	29	ἄκαρπος	G175	akarpos	unfruitful	unfruitful
13:23	1	δὲ	G1161	de	But	But
13:23	2	Ὁ	G3588	Ho	the [seed]	the [seed]
13:23	3	σπαρείς	G4687	spareis	sown	sown
13:23	4	ἐπὶ	G1909	epi	on	on
13:23	5	τὴν	G3588	tēn	-	-
13:23	6	καλὴν	G2570	kalēn	good	good
13:23	7	γῆν	G1093	gēn	soil	soil
13:23	8	οὗτός	G3778	houtos	-	-
13:23	9	ἐστιν	G1510	estin	is	is
13:23	10	ὁ	G3588	ho	the [one who]	the [one who]
13:23	11	ἀκούων	G191	akouōn	hears	hears
13:23	12	τὸν	G3588	ton	the	the
13:23	13	λόγον	G3056	logon	word	word
13:23	14	καὶ	G2532	kai	[and]	[and]
13:23	15	συνιείς	G4920	synieis	understands [it]	understands [it]
13:23	16	ὃς	G3739	hos	[He]	[He]
13:23	17	δὴ	G1211	dē	indeed	indeed
13:23	18	καρποφορεῖ	G2592	karpophorei	bears fruit	bears fruit
13:23	19	καὶ	G2532	kai	and	and
13:23	20	ποιεῖ	G4160	poiei	produces a crop	produces a crop
13:23	21	μὲν	G3303	men	-	-
13:23	22	ὃ	G3739	ho	-	-
13:23	23	ἑκατὸν	G1540	hekaton	a hundredfold	a hundredfold
13:23	24	δὲ	G1161	de	-	-
13:23	25	ὃ	G3739	ho	-	-
13:23	26	ἑξήκοντα	G1835	hexēkonta	sixtyfold	sixtyfold
13:23	27	δὲ	G1161	de	or	or
13:23	28	ὃ	G3739	ho	-	-
13:23	29	τριάκοντα	G5144	triakonta	thirtyfold	thirtyfold
13:24	1	παρέθηκεν	G3908	parethēken	[Jesus] put before	[Jesus] put before
13:24	2	αὐτοῖς	G846	autois	them	them
13:24	3	Ἄλλην	G243	Allēn	another	another
13:24	4	παραβολὴν	G3850	parabolēn	parable	parable
13:24	5	λέγων	G3004	legōn	-	-
13:24	6	ἡ	G3588	hē	The	The
13:24	7	βασιλεία	G932	basileia	kingdom	kingdom
13:24	8	τῶν	G3588	tōn	of	of
13:24	9	οὐρανῶν	G3772	ouranōn	heaven	heaven
13:24	10	Ὡμοιώθη	G3666	Hōmoiōthē	is like	is like
13:24	11	ἀνθρώπῳ	G444	anthrōpō	a man	a man
13:24	12	σπείραντι	G4687	speiranti	who sowed	who sowed
13:24	13	καλὸν	G2570	kalon	good	good
13:24	14	σπέρμα	G4690	sperma	seed	seed
13:24	15	ἐν	G1722	en	in	in
13:24	16	αὐτοῦ	G846	autou	his	his
13:24	17	τῷ	G3588	tō	-	-
13:24	18	ἀγρῷ	G68	agrō	field	field
13:25	1	δὲ	G1161	de	But	But
13:25	2	ἐν	G1722	en	while	while
13:25	3	τῷ	G3588	tō	. . .	. . .
13:25	4	τοὺς	G3588	tous	vvv	vvv
13:25	5	ἀνθρώπους	G444	anthrōpous	everyone	everyone
13:25	6	καθεύδειν	G2518	katheudein	was asleep	was asleep
13:25	7	αὐτοῦ	G846	autou	his	his
13:25	8	ὁ	G3588	ho	-	-
13:25	9	ἐχθρὸς	G2190	echthros	enemy	enemy
13:25	10	ἦλθεν	G2064	ēlthen	came	came
13:25	11	καὶ	G2532	kai	and	and
13:25	12	ἐπέσπειρεν	G4687	epespeiren	sowed	sowed
13:25	13	ζιζάνια	G2215	zizania	weeds	weeds
13:25	14	ἀνὰ	G303	ana	among	among
13:25	15	μέσον	G3319	meson	. . .	. . .
13:25	16	τοῦ	G3588	tou	the	the
13:25	17	σίτου	G4621	sitou	wheat	wheat
13:25	18	καὶ	G2532	kai	and	and
13:25	19	ἀπῆλθεν	G565	apēlthen	slipped away	slipped away
13:26	1	δὲ	G1161	de	-	-
13:26	2	ὅτε	G3753	hote	When	When
13:26	3	ὁ	G3588	ho	the	the
13:26	4	χόρτος	G5528	chortos	wheat	wheat
13:26	5	ἐβλάστησεν	G985	eblastēsen	sprouted	sprouted
13:26	6	καὶ	G2532	kai	and	and
13:26	7	ἐποίησεν	G4160	epoiēsen	bore	bore
13:26	8	καρπὸν	G2590	karpon	grain	grain
13:26	9	τότε	G5119	tote	then	then
13:26	10	τὰ	G3588	ta	the	the
13:26	11	ζιζάνια	G2215	zizania	weeds	weeds
13:26	12	καὶ	G2532	kai	also	also
13:26	13	ἐφάνη	G5316	ephanē	appeared	appeared
13:27	1	δὲ	G1161	de	-	-
13:27	2	οἱ	G3588	hoi	The	The
13:27	3	τοῦ	G3588	tou	vvv	vvv
13:27	4	οἰκοδεσπότου	G3617	oikodespotou	owner’s	owner’s
13:27	5	δοῦλοι	G1401	douloi	servants	servants
13:27	6	Προσελθόντες	G4334	Proselthontes	came	came
13:27	7	αὐτῷ	G846	autō	to him	to him
13:27	8	εἶπον	G2036	eipon	[and] said	[and] said
13:27	9	Κύριε	G2962	Kyrie	Sir	Sir
13:27	10	οὐχὶ	G3780	ouchi	vvv	vvv
13:27	11	ἔσπειρας	G4687	espeiras	didn’t you sow	didn’t you sow
13:27	12	καλὸν	G2570	kalon	good	good
13:27	13	σπέρμα	G4690	sperma	seed	seed
13:27	14	ἐν	G1722	en	in	in
13:27	15	σῷ	G4674	sō	your	your
13:27	16	τῷ	G3588	tō	-	-
13:27	17	ἀγρῷ	G68	agrō	field	field
13:27	18	πόθεν	G4159	pothen	Where	Where
13:27	19	οὖν	G3767	oun	then	then
13:27	20	ἔχει	G2192	echei	did	did
13:27	21	ζιζάνια	G2215	zizania	[the] weeds {come from}	[the] weeds {come from}
13:28	1	Ἐχθρὸς	G2190	Echthros	An enemy	An enemy
13:28	2	ἄνθρωπος	G444	anthrōpos	. . .	. . .
13:28	3	ἐποίησεν	G4160	epoiēsen	did	did
13:28	4	τοῦτο	G3778	touto	this	this
13:28	5	δὲ	G1161	de	-	-
13:28	6	Ὁ	G3588	Ho	-	-
13:28	7	ἔφη	G5346	ephē	he replied	he replied
13:28	8	αὐτοῖς	G846	autois	-	-
13:28	9	δὲ	G1161	de	[So]	[So]
13:28	10	Οἱ	G3588	Hoi	-	-
13:28	11	δοῦλοι	G1401	douloi	[the] servants	[the] servants
13:28	12	λέγουσιν	G3004	legousin	asked	asked
13:28	13	αὐτῷ	G846	autō	him	him
13:28	14	οὖν	G3767	oun	-	-
13:28	15	Θέλεις	G2309	Theleis	Do you want	Do you want
13:28	16	ἀπελθόντες	G565	apelthontes	us to go [and]	us to go [and]
13:28	17	συλλέξωμεν	G4816	syllexōmen	pull them up	pull them up
13:28	18	αὐτά	G846	auta	. . .	. . .
13:29	1	Οὔ	G3756	Ou	No	No
13:29	2	μή‿	G3361	mē	. . .	. . .
13:29	3	δέ	G1161	de	-	-
13:29	4	Ὁ	G3588	Ho	-	-
13:29	5	φησιν	G5346	phēsin	he said	he said
13:29	6	ποτε	G4219	pote	if	if
13:29	7	συλλέγοντες	G4816	syllegontes	you pull	you pull
13:29	8	τὰ	G3588	ta	the	the
13:29	9	ζιζάνια	G2215	zizania	weeds [now]	weeds [now]
13:29	10	ἐκριζώσητε	G1610	ekrizōsēte	you might uproot	you might uproot
13:29	11	τὸν	G3588	ton	the	the
13:29	12	σῖτον	G4621	siton	wheat	wheat
13:29	13	ἅμα	G260	hama	with	with
13:29	14	αὐτοῖς	G846	autois	them	them
13:30	1	ἄφετε	G863	aphete	Let	Let
13:30	2	ἀμφότερα	G297	amphotera	both	both
13:30	3	συναυξάνεσθαι	G4885	synauxanesthai	grow together	grow together
13:30	4	ἕως	G2193	heōs	until	until
13:30	5	τοῦ	G3588	tou	the	the
13:30	6	θερισμοῦ	G2326	therismou	harvest	harvest
13:30	7	καὶ	G2532	kai	-	-
13:30	8	ἐν	G1722	en	At that time	At that time
13:30	9	καιρῷ	G2540	kairō	. . .	. . .
13:30	10	τοῦ	G3588	tou	. . .	. . .
13:30	11	θερισμοῦ	G2326	therismou	. . .	. . .
13:30	12	ἐρῶ	G2046	erō	I will tell	I will tell
13:30	13	τοῖς	G3588	tois	the	the
13:30	14	θερισταῖς	G2327	theristais	harvesters	harvesters
13:30	15	πρῶτον	G4412	prōton	First	First
13:30	16	Συλλέξατε	G4816	Syllexate	collect	collect
13:30	17	τὰ	G3588	ta	the	the
13:30	18	ζιζάνια	G2215	zizania	weeds	weeds
13:30	19	καὶ	G2532	kai	and	and
13:30	20	δήσατε	G1210	dēsate	tie	tie
13:30	21	αὐτὰ	G846	auta	them	them
13:30	22	εἰς	G1519	eis	in	in
13:30	23	δέσμας	G1197	desmas	bundles	bundles
13:30	24	πρὸς	G4314	pros	to	to
13:30	25	τὸ	G3588	to	-	-
13:30	26	κατακαῦσαι	G2618	katakausai	be burned	be burned
13:30	27	αὐτά	G846	auta	-	-
13:30	28	δὲ	G1161	de	then	then
13:30	29	συναγάγετε	G4863	synagagete	gather	gather
13:30	30	τὸν	G3588	ton	-	-
13:30	31	σῖτον	G4621	siton	[the] wheat	[the] wheat
13:30	32	εἰς	G1519	eis	into	into
13:30	33	μου	G1473	mou	my	my
13:30	34	τὴν	G3588	tēn	-	-
13:30	35	ἀποθήκην	G596	apothēkēn	barn	barn
13:31	1	παρέθηκεν	G3908	parethēken	He put before	He put before
13:31	2	αὐτοῖς	G846	autois	them	them
13:31	3	Ἄλλην	G243	Allēn	another	another
13:31	4	παραβολὴν	G3850	parabolēn	parable	parable
13:31	5	λέγων	G3004	legōn	-	-
13:31	6	ἡ	G3588	hē	The	The
13:31	7	βασιλεία	G932	basileia	kingdom	kingdom
13:31	8	τῶν	G3588	tōn	of	of
13:31	9	οὐρανῶν	G3772	ouranōn	heaven	heaven
13:31	10	ἐστὶν	G1510	estin	is	is
13:31	11	Ὁμοία	G3664	Homoia	like	like
13:31	12	σινάπεως	G4615	sinapeōs	a mustard	a mustard
13:31	13	κόκκῳ	G2848	kokkō	seed	seed
13:31	14	ὃν	G3739	hon	that	that
13:31	15	ἄνθρωπος	G444	anthrōpos	a man	a man
13:31	16	λαβὼν	G2983	labōn	took	took
13:31	17	ἔσπειρεν	G4687	espeiren	[and] planted	[and] planted
13:31	18	ἐν	G1722	en	in	in
13:31	19	αὐτοῦ	G846	autou	his	his
13:31	20	τῷ	G3588	tō	-	-
13:31	21	ἀγρῷ	G68	agrō	field	field
13:32	1	μέν	G3303	men	Although	Although
13:32	2	ὃ	G3739	ho	it	it
13:32	3	ἐστιν	G1510	estin	is	is
13:32	4	μικρότερον	G3398	mikroteron	[the] smallest	[the] smallest
13:32	5	πάντων	G3956	pantōn	of all	of all
13:32	6	τῶν	G3588	tōn	-	-
13:32	7	σπερμάτων	G4690	spermatōn	seeds	seeds
13:32	8	δὲ	G1161	de	yet	yet
13:32	9	ὅταν	G3752	hotan	-	-
13:32	10	αὐξηθῇ	G837	auxēthē	it grows into	it grows into
13:32	11	ἐστὶν	G1510	estin	. . .	. . .
13:32	12	μεῖζον	G3173	meizon	the largest	the largest
13:32	13	τῶν	G3588	tōn	of	of
13:32	14	λαχάνων	G3001	lachanōn	garden plants	garden plants
13:32	15	καὶ	G2532	kai	and	and
13:32	16	γίνεται	G1096	ginetai	becomes	becomes
13:32	17	δένδρον	G1186	dendron	a tree	a tree
13:32	18	ὥστε	G5620	hōste	so that	so that
13:32	19	τὰ	G3588	ta	the	the
13:32	20	πετεινὰ	G4071	peteina	birds	birds
13:32	21	τοῦ	G3588	tou	of the	of the
13:32	22	οὐρανοῦ	G3772	ouranou	air	air
13:32	23	ἐλθεῖν	G2064	elthein	come	come
13:32	24	καὶ	G2532	kai	and	and
13:32	25	κατασκηνοῦν	G2681	kataskēnoun	nest	nest
13:32	26	ἐν	G1722	en	in	in
13:32	27	αὐτοῦ	G846	autou	its	its
13:32	28	τοῖς	G3588	tois	-	-
13:32	29	κλάδοις	G2798	kladois	branches	branches
13:33	1	ἐλάλησεν	G2980	elalēsen	He told	He told
13:33	2	αὐτοῖς	G846	autois	them	them
13:33	3	Ἄλλην	G243	Allēn	still another	still another
13:33	4	παραβολὴν	G3850	parabolēn	parable	parable
13:33	5	ἡ	G3588	hē	The	The
13:33	6	βασιλεία	G932	basileia	kingdom	kingdom
13:33	7	τῶν	G3588	tōn	of	of
13:33	8	οὐρανῶν	G3772	ouranōn	heaven	heaven
13:33	9	ἐστὶν	G1510	estin	is	is
13:33	10	Ὁμοία	G3664	Homoia	like	like
13:33	11	ζύμῃ	G2219	zymē	leaven	leaven
13:33	12	ἣν	G3739	hēn	that	that
13:33	13	γυνὴ	G1135	gynē	a woman	a woman
13:33	14	λαβοῦσα	G2983	labousa	took [and]	took [and]
13:33	15	ἐνέκρυψεν	G1470	enekrypsen	mixed	mixed
13:33	16	εἰς	G1519	eis	into	into
13:33	17	τρία	G5140	tria	three	three
13:33	18	σάτα	G4568	sata	measures	measures
13:33	19	ἀλεύρου	G224	aleurou	of flour	of flour
13:33	20	ἕως	G2193	heōs	until	until
13:33	21	ὅλον	G3650	holon	all	all
13:33	22	οὗ	G3739	hou	of it	of it
13:33	23	ἐζυμώθη	G2220	ezymōthē	was leavened	was leavened
13:34	1	ὁ	G3588	ho	-	-
13:34	2	Ἰησοῦς	G2424	Iēsous	Jesus	Jesus
13:34	3	ἐλάλησεν	G2980	elalēsen	spoke	spoke
13:34	4	πάντα	G3956	panta	all	all
13:34	5	Ταῦτα	G3778	Tauta	these things	these things
13:34	6	τοῖς	G3588	tois	to the	to the
13:34	7	ὄχλοις	G3793	ochlois	crowds	crowds
13:34	8	ἐν	G1722	en	in	in
13:34	9	παραβολαῖς	G3850	parabolais	parables	parables
13:34	10	καὶ	G2532	kai	-	-
13:34	11	ἐλάλει	G2980	elalei	He did not tell them anything	He did not tell them anything
13:34	12	οὐδὲν	G3762	ouden	. . .	. . .
13:34	13	αὐτοῖς	G846	autois	. . .	. . .
13:34	14	χωρὶς	G5565	chōris	without using	without using
13:34	15	παραβολῆς	G3850	parabolēs	a parable	a parable
13:35	1	ὅπως	G3704	hopōs	So	So
13:35	2	πληρωθῇ	G4137	plērōthē	was fulfilled	was fulfilled
13:35	3	τὸ	G3588	to	what	what
13:35	4	ῥηθὲν	G2046	rhēthen	was spoken	was spoken
13:35	5	διὰ	G1223	dia	through	through
13:35	6	τοῦ	G3588	tou	the	the
13:35	7	προφήτου	G4396	prophētou	prophet	prophet
13:35	8	λέγοντος	G3004	legontos	-	-
13:35	9	Ἀνοίξω	G455	Anoixō	I will open	I will open
13:35	10	μου	G1473	mou	My	My
13:35	11	τὸ	G3588	to	-	-
13:35	12	στόμα	G4750	stoma	mouth	mouth
13:35	13	ἐν	G1722	en	in	in
13:35	14	παραβολαῖς	G3850	parabolais	parables	parables
13:35	15	ἐρεύξομαι	G2044	ereuxomai	I will utter	I will utter
13:35	16	κεκρυμμένα	G2928	kekrymmena	things hidden	things hidden
13:35	17	ἀπὸ	G575	apo	since	since
13:35	18	καταβολῆς	G2602	katabolēs	[the] foundation	[the] foundation
13:35	19	κόσμου	G2889	kosmou	[of the] world	[of the] world
13:36	1	Τότε	G5119	Tote	Then	Then
13:36	2	ἀφεὶς	G863	apheis	[Jesus] dismissed	[Jesus] dismissed
13:36	3	τοὺς	G3588	tous	the	the
13:36	4	ὄχλους	G3793	ochlous	crowds	crowds
13:36	5	ἦλθεν	G2064	ēlthen	[and] went	[and] went
13:36	6	εἰς	G1519	eis	into	into
13:36	7	τὴν	G3588	tēn	the	the
13:36	8	οἰκίαν	G3614	oikian	house	house
13:36	9	Καὶ	G2532	Kai	-	-
13:36	10	αὐτοῦ	G846	autou	His	His
13:36	11	οἱ	G3588	hoi	-	-
13:36	12	μαθηταὶ	G3101	mathētai	disciples	disciples
13:36	13	προσῆλθον	G4334	prosēlthon	came	came
13:36	14	αὐτῷ	G846	autō	to Him	to Him
13:36	15	λέγοντες	G3004	legontes	[and] said	[and] said
13:36	16	Διασάφησον	G1285	Diasaphēson	Explain	Explain
13:36	17	ἡμῖν	G1473	hēmin	to us	to us
13:36	18	τὴν	G3588	tēn	the	the
13:36	19	παραβολὴν	G3850	parabolēn	parable	parable
13:36	20	τῶν	G3588	tōn	of the	of the
13:36	21	ζιζανίων	G2215	zizaniōn	weeds	weeds
13:36	22	τοῦ	G3588	tou	in the	in the
13:36	23	ἀγροῦ	G68	agrou	field	field
13:37	1	δὲ	G1161	de	-	-
13:37	2	Ὁ	G3588	Ho	-	-
13:37	3	ἀποκριθεὶς	G611	apokritheis	He replied	He replied
13:37	4	εἶπεν	G2036	eipen	-	-
13:37	5	Ὁ	G3588	Ho	The [One]	The [One]
13:37	6	σπείρων	G4687	speirōn	who sows	who sows
13:37	7	τὸ	G3588	to	the	the
13:37	8	καλὸν	G2570	kalon	good	good
13:37	9	σπέρμα	G4690	sperma	seed	seed
13:37	10	ἐστὶν	G1510	estin	is	is
13:37	11	ὁ	G3588	ho	the	the
13:37	12	Υἱὸς	G5207	Huios	Son	Son
13:37	13	τοῦ	G3588	tou	-	-
13:37	14	ἀνθρώπου	G444	anthrōpou	of Man	of Man
13:38	1	δὲ	G1161	de	-	-
13:38	2	ὁ	G3588	ho	-	-
13:38	3	ἀγρός	G68	agros	[The] field	[The] field
13:38	4	ἐστιν	G1510	estin	is	is
13:38	5	ὁ	G3588	ho	the	the
13:38	6	κόσμος	G2889	kosmos	world	world
13:38	7	δὲ	G1161	de	and	and
13:38	8	τὸ	G3588	to	-	-
13:38	9	καλὸν	G2570	kalon	[the] good	[the] good
13:38	10	σπέρμα	G4690	sperma	seed	seed
13:38	11	οὗτοί	G3778	houtoi	represents	represents
13:38	12	εἰσιν	G1510	eisin	. . .	. . .
13:38	13	οἱ	G3588	hoi	the	the
13:38	14	υἱοὶ	G5207	huioi	sons	sons
13:38	15	τῆς	G3588	tēs	of the	of the
13:38	16	βασιλείας	G932	basileias	kingdom	kingdom
13:38	17	δὲ	G1161	de	-	-
13:38	18	τὰ	G3588	ta	-	-
13:38	19	ζιζάνιά	G2215	zizania	[The] weeds	[The] weeds
13:38	20	εἰσιν	G1510	eisin	are	are
13:38	21	οἱ	G3588	hoi	the	the
13:38	22	υἱοὶ	G5207	huioi	sons	sons
13:38	23	τοῦ	G3588	tou	of the	of the
13:38	24	πονηροῦ	G4190	ponērou	evil [one]	evil [one]
13:39	1	δὲ	G1161	de	and	and
13:39	2	ὁ	G3588	ho	the	the
13:39	3	ἐχθρὸς	G2190	echthros	enemy	enemy
13:39	4	ὁ	G3588	ho	-	-
13:39	5	σπείρας	G4687	speiras	who sows	who sows
13:39	6	αὐτά	G846	auta	them	them
13:39	7	ἐστιν	G1510	estin	is	is
13:39	8	ὁ	G3588	ho	the	the
13:39	9	διάβολος	G1228	diabolos	devil	devil
13:39	10	δὲ	G1161	de	-	-
13:39	11	ὁ	G3588	ho	The	The
13:39	12	θερισμὸς	G2326	therismos	harvest	harvest
13:39	13	ἐστιν	G1510	estin	is	is
13:39	14	συντέλεια	G4930	synteleia	[the] end	[the] end
13:39	15	αἰῶνός	G165	aiōnos	of the age	of the age
13:39	16	δὲ	G1161	de	and	and
13:39	17	οἱ	G3588	hoi	-	-
13:39	18	θερισταὶ	G2327	theristai	[the] harvesters	[the] harvesters
13:39	19	εἰσιν	G1510	eisin	are	are
13:39	20	ἄγγελοί	G32	angeloi	angels	angels
13:40	1	οὖν	G3767	oun	vvv	vvv
13:40	2	Ὥσπερ	G5618	Hōsper	As	As
13:40	3	τὰ	G3588	ta	the	the
13:40	4	ζιζάνια	G2215	zizania	weeds	weeds
13:40	5	συλλέγεται	G4816	syllegetai	are collected	are collected
13:40	6	καὶ	G2532	kai	and	and
13:40	7	κατακαίεται	G2618	katakaietai	burned	burned
13:40	8	πυρὶ	G4442	pyri	in the fire	in the fire
13:40	9	οὕτως	G3779	houtōs	so	so
13:40	10	ἔσται	G1510	estai	will it be	will it be
13:40	11	ἐν	G1722	en	at	at
13:40	12	τῇ	G3588	tē	the	the
13:40	13	συντελείᾳ	G4930	synteleia	end	end
13:40	14	τοῦ	G3588	tou	of the	of the
13:40	15	αἰῶνος	G165	aiōnos	age	age
13:41	1	ὁ	G3588	ho	The	The
13:41	2	Υἱὸς	G5207	Huios	Son	Son
13:41	3	τοῦ	G3588	tou	-	-
13:41	4	ἀνθρώπου	G444	anthrōpou	of Man	of Man
13:41	5	ἀποστελεῖ	G649	apostelei	will send out	will send out
13:41	6	αὐτοῦ	G846	autou	His	His
13:41	7	τοὺς	G3588	tous	-	-
13:41	8	ἀγγέλους	G32	angelous	angels	angels
13:41	9	καὶ	G2532	kai	and	and
13:41	10	συλλέξουσιν	G4816	syllexousin	they will weed	they will weed
13:41	11	ἐκ	G1537	ek	out of	out of
13:41	12	αὐτοῦ	G846	autou	His	His
13:41	13	τῆς	G3588	tēs	-	-
13:41	14	βασιλείας	G932	basileias	kingdom	kingdom
13:41	15	πάντα	G3956	panta	every	every
13:41	16	τὰ	G3588	ta	-	-
13:41	17	σκάνδαλα	G4625	skandala	cause of sin	cause of sin
13:41	18	καὶ	G2532	kai	and	and
13:41	19	τοὺς	G3588	tous	all who	all who
13:41	20	ποιοῦντας	G4160	poiountas	practice	practice
13:41	21	τὴν	G3588	tēn	-	-
13:41	22	ἀνομίαν	G458	anomian	lawlessness	lawlessness
13:42	1	καὶ	G2532	kai	And	And
13:42	2	βαλοῦσιν	G906	balousin	they will throw	they will throw
13:42	3	αὐτοὺς	G846	autous	them	them
13:42	4	εἰς	G1519	eis	into	into
13:42	5	τὴν	G3588	tēn	the	the
13:42	6	τοῦ	G3588	tou	vvv	vvv
13:42	7	πυρός	G4442	pyros	fiery	fiery
13:42	8	κάμινον	G2575	kaminon	furnace	furnace
13:42	9	ἐκεῖ	G1563	ekei	[where] there	[where] there
13:42	10	ἔσται	G1510	estai	will be	will be
13:42	11	ὁ	G3588	ho	-	-
13:42	12	κλαυθμὸς	G2805	klauthmos	weeping	weeping
13:42	13	καὶ	G2532	kai	and	and
13:42	14	ὁ	G3588	ho	-	-
13:42	15	βρυγμὸς	G1030	brygmos	gnashing	gnashing
13:42	16	τῶν	G3588	tōn	of	of
13:42	17	ὀδόντων	G3599	odontōn	teeth	teeth
13:43	1	τότε	G5119	tote	Then	Then
13:43	2	οἱ	G3588	hoi	the	the
13:43	3	δίκαιοι	G1342	dikaioi	righteous	righteous
13:43	4	ἐκλάμψουσιν	G1584	eklampsousin	will shine	will shine
13:43	5	ὡς	G5613	hōs	like	like
13:43	6	ὁ	G3588	ho	the	the
13:43	7	ἥλιος	G2246	hēlios	sun	sun
13:43	8	ἐν	G1722	en	in	in
13:43	9	τῇ	G3588	tē	the	the
13:43	10	βασιλείᾳ	G932	basileia	kingdom	kingdom
13:43	11	τοῦ	G3588	tou	of	of
13:43	12	αὐτῶν	G846	autōn	their	their
13:43	13	Πατρὸς	G3962	Patros	Father	Father
13:43	14	Ὁ	G3588	Ho	He who	He who
13:43	15	ἔχων	G2192	echōn	has	has
13:43	16	ὦτα	G3775	ōta	ears	ears
13:43	17	ἀκουέτω	G191	akouetō	let him hear	let him hear
13:44	1	ἡ	G3588	hē	The	The
13:44	2	βασιλεία	G932	basileia	kingdom	kingdom
13:44	3	τῶν	G3588	tōn	of	of
13:44	4	οὐρανῶν	G3772	ouranōn	heaven	heaven
13:44	5	ἐστὶν	G1510	estin	is	is
13:44	6	Ὁμοία	G3664	Homoia	like	like
13:44	7	θησαυρῷ	G2344	thēsaurō	treasure	treasure
13:44	8	κεκρυμμένῳ	G2928	kekrymmenō	hidden	hidden
13:44	9	ἐν	G1722	en	in	in
13:44	10	τῷ	G3588	tō	-	-
13:44	11	ἀγρῷ	G68	agrō	a field	a field
13:44	12	ἄνθρωπος	G444	anthrōpos	[When a] man	[When a] man
13:44	13	εὑρὼν	G2147	heurōn	found	found
13:44	14	ὃν	G3739	hon	[it]	[it]
13:44	15	ἔκρυψεν	G2928	ekrypsen	he hid [it again]	he hid [it again]
13:44	16	καὶ	G2532	kai	and	and
13:44	17	ἀπὸ	G575	apo	in	in
13:44	18	τῆς	G3588	tēs	[his]	[his]
13:44	19	αὐτοῦ	G846	autou	. . .	. . .
13:44	20	χαρᾶς	G5479	charas	joy	joy
13:44	21	ὑπάγει	G5217	hypagei	he went	he went
13:44	22	καὶ	G2532	kai	and	and
13:44	23	πωλεῖ	G4453	pōlei	sold	sold
13:44	24	πάντα	G3956	panta	all	all
13:44	25	ὅσα	G3745	hosa	-	-
13:44	26	ἔχει	G2192	echei	he had	he had
13:44	27	καὶ	G2532	kai	and	and
13:44	28	ἀγοράζει	G59	agorazei	bought	bought
13:44	29	ἐκεῖνον	G1565	ekeinon	that	that
13:44	30	τὸν	G3588	ton	-	-
13:44	31	ἀγρὸν	G68	agron	field	field
13:45	1	Πάλιν	G3825	Palin	Again	Again
13:45	2	ἡ	G3588	hē	the	the
13:45	3	βασιλεία	G932	basileia	kingdom	kingdom
13:45	4	τῶν	G3588	tōn	of	of
13:45	5	οὐρανῶν	G3772	ouranōn	heaven	heaven
13:45	6	ἐστὶν	G1510	estin	is	is
13:45	7	ὁμοία	G3664	homoia	like	like
13:45	8	ἀνθρώπῳ	G444	anthrōpō	vvv	vvv
13:45	9	ἐμπόρῳ	G1713	emporō	a merchant	a merchant
13:45	10	ζητοῦντι	G2212	zētounti	in search of	in search of
13:45	11	καλοὺς	G2570	kalous	fine	fine
13:45	12	μαργαρίτας	G3135	margaritas	pearls	pearls
13:46	1	δὲ	G1161	de	When	When
13:46	2	εὑρὼν	G2147	heurōn	he found	he found
13:46	3	ἕνα	G1520	hena	one	one
13:46	4	πολύτιμον	G4186	polytimon	very precious	very precious
13:46	5	μαργαρίτην	G3135	margaritēn	pearl	pearl
13:46	6	ἀπελθὼν	G565	apelthōn	he went away	he went away
13:46	7	πέπρακεν	G4097	pepraken	[and] sold	[and] sold
13:46	8	πάντα	G3956	panta	all	all
13:46	9	ὅσα	G3745	hosa	-	-
13:46	10	εἶχεν	G2192	eichen	he had	he had
13:46	11	καὶ	G2532	kai	and	and
13:46	12	ἠγόρασεν	G59	ēgorasen	bought	bought
13:46	13	αὐτόν	G846	auton	it	it
13:47	1	Πάλιν	G3825	Palin	Once again	Once again
13:47	2	ἡ	G3588	hē	the	the
13:47	3	βασιλεία	G932	basileia	kingdom	kingdom
13:47	4	τῶν	G3588	tōn	of	of
13:47	5	οὐρανῶν	G3772	ouranōn	heaven	heaven
13:47	6	ἐστὶν	G1510	estin	is	is
13:47	7	ὁμοία	G3664	homoia	like	like
13:47	8	σαγήνῃ	G4522	sagēnē	a net	a net
13:47	9	βληθείσῃ	G906	blētheisē	that was cast	that was cast
13:47	10	εἰς	G1519	eis	into	into
13:47	11	τὴν	G3588	tēn	the	the
13:47	12	θάλασσαν	G2281	thalassan	sea	sea
13:47	13	καὶ	G2532	kai	and	and
13:47	14	συναγαγούσῃ	G4863	synagagousē	caught	caught
13:47	15	ἐκ	G1537	ek	-	-
13:47	16	παντὸς	G3956	pantos	all	all
13:47	17	γένους	G1085	genous	kinds [of fish]	kinds [of fish]
13:48	1	ἣν	G3739	hēn	-	-
13:48	2	ὅτε	G3753	hote	When	When
13:48	3	ἐπληρώθη	G4137	eplērōthē	it was full	it was full
13:48	4	ἀναβιβάσαντες	G307	anabibasantes	[the men] pulled [it]	[the men] pulled [it]
13:48	5	ἐπὶ	G1909	epi	vvv	vvv
13:48	6	τὸν	G3588	ton	vvv	vvv
13:48	7	αἰγιαλὸν	G123	aigialon	ashore	ashore
13:48	8	καὶ	G2532	kai	Then	Then
13:48	9	καθίσαντες	G2523	kathisantes	they sat down	they sat down
13:48	10	συνέλεξαν	G4816	synelexan	[and] sorted	[and] sorted
13:48	11	τὰ	G3588	ta	the	the
13:48	12	καλὰ	G2570	kala	good [fish]	good [fish]
13:48	13	εἰς	G1519	eis	into	into
13:48	14	ἄγγη	G30	angē	containers	containers
13:48	15	δὲ	G1161	de	but	but
13:48	16	ἔβαλον	G906	ebalon	threw	threw
13:48	17	τὰ	G3588	ta	the	the
13:48	18	σαπρὰ	G4550	sapra	bad	bad
13:48	19	ἔξω	G1854	exō	away	away
13:49	1	Οὕτως	G3779	Houtōs	So	So
13:49	2	ἔσται	G1510	estai	will it be	will it be
13:49	3	ἐν	G1722	en	at	at
13:49	4	τῇ	G3588	tē	the	the
13:49	5	συντελείᾳ	G4930	synteleia	end	end
13:49	6	τοῦ	G3588	tou	of the	of the
13:49	7	αἰῶνος	G165	aiōnos	age	age
13:49	8	οἱ	G3588	hoi	The	The
13:49	9	ἄγγελοι	G32	angeloi	angels	angels
13:49	10	ἐξελεύσονται	G1831	exeleusontai	will come	will come
13:49	11	καὶ	G2532	kai	and	and
13:49	12	ἀφοριοῦσιν	G873	aphoriousin	separate	separate
13:49	13	τοὺς	G3588	tous	the	the
13:49	14	πονηροὺς	G4190	ponērous	wicked	wicked
13:49	15	ἐκ	G1537	ek	from	from
13:49	16	μέσου	G3319	mesou	. . .	. . .
13:49	17	τῶν	G3588	tōn	the	the
13:49	18	δικαίων	G1342	dikaiōn	righteous	righteous
13:50	1	καὶ	G2532	kai	and	and
13:50	2	βαλοῦσιν	G906	balousin	throw	throw
13:50	3	αὐτοὺς	G846	autous	them	them
13:50	4	εἰς	G1519	eis	into	into
13:50	5	τὴν	G3588	tēn	the	the
13:50	6	τοῦ	G3588	tou	vvv	vvv
13:50	7	πυρός	G4442	pyros	fiery	fiery
13:50	8	κάμινον	G2575	kaminon	furnace	furnace
13:50	9	ἐκεῖ	G1563	ekei	[where] there	[where] there
13:50	10	ἔσται	G1510	estai	will be	will be
13:50	11	ὁ	G3588	ho	-	-
13:50	12	κλαυθμὸς	G2805	klauthmos	weeping	weeping
13:50	13	καὶ	G2532	kai	and	and
13:50	14	ὁ	G3588	ho	-	-
13:50	15	βρυγμὸς	G1030	brygmos	gnashing	gnashing
13:50	16	τῶν	G3588	tōn	of	of
13:50	17	ὀδόντων	G3599	odontōn	teeth	teeth
13:51	1	Συνήκατε	G4920	Synēkate	Have you understood	Have you understood
13:51	2	πάντα	G3956	panta	all	all
13:51	3	ταῦτα	G3778	tauta	these things	these things
13:51	4	Ναί	G3483	Nai	Yes	Yes
13:51	5	Λέγουσιν	G3004	Legousin	they answered	they answered
13:51	6	αὐτῷ	G846	autō	-	-
13:52	1	δὲ	G1161	de	Then	Then
13:52	2	Ὁ	G3588	Ho	-	-
13:52	3	εἶπεν	G2036	eipen	He told	He told
13:52	4	αὐτοῖς	G846	autois	them	them
13:52	5	Διὰ	G1223	Dia	For this reason	For this reason
13:52	6	τοῦτο	G3778	touto	. . .	. . .
13:52	7	πᾶς	G3956	pas	every	every
13:52	8	γραμματεὺς	G1122	grammateus	scribe	scribe
13:52	9	μαθητευθεὶς	G3100	mathēteutheis	who has been discipled	who has been discipled
13:52	10	τῇ	G3588	tē	in the	in the
13:52	11	βασιλείᾳ	G932	basileia	kingdom	kingdom
13:52	12	τῶν	G3588	tōn	of	of
13:52	13	οὐρανῶν	G3772	ouranōn	heaven	heaven
13:52	14	ἐστιν	G1510	estin	is	is
13:52	15	ὅμοιός	G3664	homoios	like	like
13:52	16	ἀνθρώπῳ	G444	anthrōpō	vvv	vvv
13:52	17	οἰκοδεσπότῃ	G3617	oikodespotē	a homeowner	a homeowner
13:52	18	ὅστις	G3748	hostis	who	who
13:52	19	ἐκβάλλει	G1544	ekballei	brings	brings
13:52	20	ἐκ	G1537	ek	out of	out of
13:52	21	αὐτοῦ	G846	autou	his	his
13:52	22	τοῦ	G3588	tou	-	-
13:52	23	θησαυροῦ	G2344	thēsaurou	storeroom	storeroom
13:52	24	καινὰ	G2537	kaina	new [treasures]	new [treasures]
13:52	25	καὶ	G2532	kai	as well as	as well as
13:52	26	παλαιά	G3820	palaia	old	old
13:53	1	Καὶ	G2532	Kai	-	-
13:53	2	ἐγένετο	G1096	egeneto	-	-
13:53	3	ὅτε	G3753	hote	When	When
13:53	4	ὁ	G3588	ho	-	-
13:53	5	Ἰησοῦς	G2424	Iēsous	Jesus	Jesus
13:53	6	ἐτέλεσεν	G5055	etelesen	had finished	had finished
13:53	7	ταύτας	G3778	tautas	these	these
13:53	8	τὰς	G3588	tas	-	-
13:53	9	παραβολὰς	G3850	parabolas	parables	parables
13:53	10	μετῆρεν	G3332	metēren	He withdrew	He withdrew
13:53	11	ἐκεῖθεν	G1564	ekeithen	from that place	from that place
13:54	1	καὶ	G2532	kai	-	-
13:54	2	ἐλθὼν	G2064	elthōn	Coming	Coming
13:54	3	εἰς	G1519	eis	to	to
13:54	4	αὐτοῦ	G846	autou	His hometown	His hometown
13:54	5	τὴν	G3588	tēn	. . .	. . .
13:54	6	πατρίδα	G3968	patrida	. . .	. . .
13:54	7	ἐδίδασκεν	G1321	edidasken	He taught	He taught
13:54	8	αὐτοὺς	G846	autous	[the people]	[the people]
13:54	9	ἐν	G1722	en	in	in
13:54	10	αὐτῶν	G846	autōn	their	their
13:54	11	τῇ	G3588	tē	-	-
13:54	12	συναγωγῇ	G4864	synagōgē	synagogue	synagogue
13:54	13	ὥστε	G5620	hōste	and	and
13:54	14	αὐτοὺς	G846	autous	they	they
13:54	15	ἐκπλήσσεσθαι	G1605	ekplēssesthai	were astonished	were astonished
13:54	16	Πόθεν	G4159	Pothen	Where did this man get	Where did this man get
13:54	17	τούτῳ	G3778	toutō	. . .	. . .
13:54	18	αὕτη	G3778	hautē	such	such
13:54	19	ἡ	G3588	hē	-	-
13:54	20	σοφία	G4678	sophia	wisdom	wisdom
13:54	21	καὶ	G2532	kai	and	and
13:54	22	αἱ	G3588	hai	-	-
13:54	23	δυνάμεις	G1411	dynameis	miraculous powers	miraculous powers
13:54	24	καὶ	G2532	kai	-	-
13:54	25	λέγειν	G3004	legein	they asked	they asked
13:55	1	ἐστιν	G1510	estin	Isn’t	Isn’t
13:55	2	οὐχ	G3756	ouch	. . .	. . .
13:55	3	οὗτός	G3778	houtos	this	this
13:55	4	ὁ	G3588	ho	the	the
13:55	5	τοῦ	G3588	tou	vvv	vvv
13:55	6	τέκτονος	G5045	tektonos	carpenter’s	carpenter’s
13:55	7	υἱός	G5207	huios	son	son
13:55	8	οὐχ	G3756	ouch	Isn’t	Isn’t
13:55	9	αὐτοῦ	G846	autou	His	His
13:55	10	ἡ	G3588	hē	-	-
13:55	11	μήτηρ	G3384	mētēr	mother’s	mother’s
13:55	12	λέγεται	G3004	legetai	name	name
13:55	13	Μαριὰμ	G3137	Mariam	Mary	Mary
13:55	14	καὶ	G2532	kai	and [aren’t]	and [aren’t]
13:55	15	αὐτοῦ	G846	autou	His	His
13:55	16	οἱ	G3588	hoi	-	-
13:55	17	ἀδελφοὶ	G80	adelphoi	brothers	brothers
13:55	18	Ἰάκωβος	G2385	Iakōbos	James	James
13:55	19	καὶ	G2532	kai	-	-
13:55	20	Ἰωσὴφ	G2501	Iōsēph	Joseph	Joseph
13:55	21	καὶ	G2532	kai	-	-
13:55	22	Σίμων	G4613	Simōn	Simon	Simon
13:55	23	καὶ	G2532	kai	and	and
13:55	24	Ἰούδας	G2455	Ioudas	Judas	Judas
13:56	1	εἰσιν	G1510	eisin	Aren’t	Aren’t
13:56	2	οὐχὶ	G3780	ouchi	. . .	. . .
13:56	3	πᾶσαι	G3956	pasai	all	all
13:56	4	αὐτοῦ	G846	autou	His	His
13:56	5	αἱ	G3588	hai	-	-
13:56	6	ἀδελφαὶ	G79	adelphai	sisters	sisters
13:56	7	πρὸς	G4314	pros	with	with
13:56	8	ἡμᾶς	G1473	hēmas	us	us
13:56	9	καὶ	G2532	kai	as well	as well
13:56	10	πόθεν	G4159	pothen	Where	Where
13:56	11	οὖν	G3767	oun	then	then
13:56	12	τούτῳ	G3778	toutō	[did] this [man]	[did] this [man]
13:56	13	πάντα	G3956	panta	[get] all	[get] all
13:56	14	ταῦτα	G3778	tauta	these things	these things
13:57	1	καὶ	G2532	kai	And	And
13:57	2	ἐσκανδαλίζοντο	G4624	eskandalizonto	they took offense	they took offense
13:57	3	ἐν	G1722	en	at	at
13:57	4	αὐτῷ	G846	autō	Him	Him
13:57	5	δὲ	G1161	de	But	But
13:57	6	Ὁ	G3588	Ho	-	-
13:57	7	Ἰησοῦς	G2424	Iēsous	Jesus	Jesus
13:57	8	εἶπεν	G2036	eipen	said	said
13:57	9	αὐτοῖς	G846	autois	to them	to them
13:57	10	εἰ	G1487	ei	Only	Only
13:57	11	μὴ	G3361	mē	. . .	. . .
13:57	12	ἐν	G1722	en	in	in
13:57	13	τῇ	G3588	tē	[his]	[his]
13:57	14	πατρίδι	G3968	patridi	hometown	hometown
13:57	15	καὶ	G2532	kai	and	and
13:57	16	ἐν	G1722	en	in	in
13:57	17	τῇ	G3588	tē	-	-
13:57	18	αὐτοῦ	G846	autou	his own	his own
13:57	19	οἰκίᾳ	G3614	oikia	household	household
13:57	20	ἔστιν	G1510	estin	is	is
13:57	21	προφήτης	G4396	prophētēs	a prophet	a prophet
13:57	22	Οὐκ	G3756	Ouk	vvv	vvv
13:57	23	ἄτιμος	G820	atimos	without honor	without honor
13:58	1	καὶ	G2532	kai	And	And
13:58	2	οὐκ	G3756	ouk	vvv	vvv
13:58	3	ἐποίησεν	G4160	epoiēsen	He did not do	He did not do
13:58	4	πολλὰς	G4183	pollas	many	many
13:58	5	δυνάμεις	G1411	dynameis	miracles	miracles
13:58	6	ἐκεῖ	G1563	ekei	there	there
13:58	7	διὰ	G1223	dia	because of	because of
13:58	8	αὐτῶν	G846	autōn	their	their
13:58	9	τὴν	G3588	tēn	-	-
13:58	10	ἀπιστίαν	G570	apistian	unbelief	unbelief
14:1	1	Ἐν	G1722	En	At	At
14:1	2	ἐκείνῳ	G1565	ekeinō	that	that
14:1	3	τῷ	G3588	tō	-	-
14:1	4	καιρῷ	G2540	kairō	time	time
14:1	5	Ἡρῴδης	G2264	Hērōdēs	Herod	Herod
14:1	6	ὁ	G3588	ho	the	the
14:1	7	τετραάρχης	G5076	tetraarchēs	tetrarch	tetrarch
14:1	8	ἤκουσεν	G191	ēkousen	heard	heard
14:1	9	τὴν	G3588	tēn	the	the
14:1	10	ἀκοὴν	G189	akoēn	reports	reports
14:1	11	Ἰησοῦ	G2424	Iēsou	about Jesus	about Jesus
14:2	1	καὶ	G2532	kai	and	and
14:2	2	εἶπεν	G2036	eipen	said	said
14:2	3	τοῖς	G3588	tois	to	to
14:2	4	αὐτοῦ	G846	autou	his	his
14:2	5	παισὶν	G3816	paisin	servants	servants
14:2	6	Οὗτός	G3778	Houtos	This	This
14:2	7	ἐστιν	G1510	estin	is	is
14:2	8	Ἰωάννης	G2491	Iōannēs	John	John
14:2	9	ὁ	G3588	ho	the	the
14:2	10	Βαπτιστής	G910	Baptistēs	Baptist	Baptist
14:2	11	αὐτὸς	G846	autos	he	he
14:2	12	ἠγέρθη	G1453	ēgerthē	has risen	has risen
14:2	13	ἀπὸ	G575	apo	from	from
14:2	14	τῶν	G3588	tōn	the	the
14:2	15	νεκρῶν	G3498	nekrōn	dead	dead
14:2	16	καὶ	G2532	kai	-	-
14:2	17	τοῦτο	G3778	touto	That	That
14:2	18	διὰ	G1223	dia	is why	is why
14:2	19	αἱ	G3588	hai	-	-
14:2	20	δυνάμεις	G1411	dynameis	miraculous powers	miraculous powers
14:2	21	ἐνεργοῦσιν	G1754	energousin	are at work	are at work
14:2	22	ἐν	G1722	en	in	in
14:2	23	αὐτῷ	G846	autō	him	him
14:3	1	γὰρ	G1063	gar	[Now]	[Now]
14:3	2	Ὁ	G3588	Ho	-	-
14:3	3	Ἡρῴδης	G2264	Hērōdēs	Herod	Herod
14:3	4	κρατήσας	G2902	kratēsas	had arrested	had arrested
14:3	5	τὸν	G3588	ton	-	-
14:3	6	Ἰωάνην	G2491	Iōanēn	John	John
14:3	7	ἔδησεν	G1210	edēsen	[and] bound	[and] bound
14:3	8	αὐτὸν	G846	auton	him	him
14:3	9	καὶ	G2532	kai	and	and
14:3	10	ἀπέθετο	G659	apetheto	put [him]	put [him]
14:3	11	ἐν	G1722	en	in	in
14:3	12	φυλακῇ	G5438	phylakē	prison	prison
14:3	13	διὰ	G1223	dia	on account of	on account of
14:3	14	Ἡρῳδιάδα	G2266	Hērōdiada	Herodias	Herodias
14:3	15	τὴν	G3588	tēn	-	-
14:3	16	αὐτοῦ	G846	autou	his	his
14:3	17	τοῦ	G3588	tou	-	-
14:3	18	ἀδελφοῦ	G80	adelphou	brother	brother
14:3	19	Φιλίππου	G5376	Philippou	Philip’s	Philip’s
14:3	20	γυναῖκα	G1135	gynaika	wife	wife
14:4	1	γὰρ	G1063	gar	because	because
14:4	2	Ἰωάννης	G2491	Iōannēs	John	John
14:4	3	ἔλεγεν	G2036	elegen	had been telling	had been telling
14:4	4	αὐτῷ	G846	autō	him	him
14:4	5	ὁ	G3588	ho	-	-
14:4	6	Οὐκ	G3756	Ouk	vvv	vvv
14:4	7	ἔξεστίν	G1832	exestin	It is not lawful	It is not lawful
14:4	8	σοι	G4771	soi	for you	for you
14:4	9	ἔχειν	G2192	echein	to have	to have
14:4	10	αὐτήν	G846	autēn	her	her
14:5	1	καὶ	G2532	kai	Although	Although
14:5	2	θέλων	G2309	thelōn	[Herod] wanted	[Herod] wanted
14:5	3	ἀποκτεῖναι	G615	apokteinai	to kill	to kill
14:5	4	αὐτὸν	G846	auton	[John]	[John]
14:5	5	ἐφοβήθη	G5399	ephobēthē	he was afraid	he was afraid
14:5	6	τὸν	G3588	ton	of the	of the
14:5	7	ὄχλον	G3793	ochlon	people	people
14:5	8	ὅτι	G3754	hoti	because	because
14:5	9	εἶχον	G2192	eichon	they regarded	they regarded
14:5	10	αὐτὸν	G846	auton	[John]	[John]
14:5	11	ὡς	G5613	hōs	as	as
14:5	12	προφήτην	G4396	prophētēn	a prophet	a prophet
14:6	1	τοῦ	G3588	tou	On	On
14:6	2	Ἡρῴδου	G2264	Hērōdou	Herod’s	Herod’s
14:6	3	Γενεσίοις	G1077	Genesiois	birthday	birthday
14:6	4	γενομένοις	G1096	genomenois	. . .	. . .
14:6	5	δὲ	G1161	de	however	however
14:6	6	ἡ	G3588	hē	the	the
14:6	7	θυγάτηρ	G2364	thygatēr	daughter	daughter
14:6	8	τῆς	G3588	tēs	-	-
14:6	9	Ἡρῳδιάδος	G2266	Hērōdiados	of Herodias	of Herodias
14:6	10	ὠρχήσατο	G3738	ōrchēsato	danced	danced
14:6	11	ἐν	G1722	en	before them	before them
14:6	12	τῷ	G3588	tō	. . .	. . .
14:6	13	μέσῳ	G3319	mesō	. . .	. . .
14:6	14	καὶ	G2532	kai	and	and
14:6	15	ἤρεσεν	G700	ēresen	pleased	pleased
14:6	16	τῷ	G3588	tō	-	-
14:6	17	Ἡρῴδῃ	G2264	Hērōdē	Herod	Herod
14:7	1	ὅθεν	G3606	hothen	so much that	so much that
14:7	2	ὡμολόγησεν	G3670	hōmologēsen	he promised	he promised
14:7	3	μεθ’	G3326	meth’	with	with
14:7	4	ὅρκου	G3727	horkou	an oath	an oath
14:7	5	δοῦναι	G1325	dounai	to give	to give
14:7	6	αὐτῇ	G846	autē	to her	to her
14:7	7	ὃ	G3739	ho	whatever	whatever
14:7	8	ἐὰν	G1437	ean	. . .	. . .
14:7	9	αἰτήσηται	G154	aitēsētai	she asked	she asked
14:8	1	δὲ	G1161	de	-	-
14:8	2	προβιβασθεῖσα	G4264	probibastheisa	Prompted	Prompted
14:8	3	ὑπὸ	G5259	hypo	by	by
14:8	4	αὐτῆς	G846	autēs	her	her
14:8	5	τῆς	G3588	tēs	-	-
14:8	6	μητρὸς	G3384	mētros	mother	mother
14:8	7	Ἡ	G3588	Hē	-	-
14:8	8	φησίν	G5346	phēsin	she said	she said
14:8	9	Δός	G1325	Dos	Give	Give
14:8	10	μοι	G1473	moi	me	me
14:8	11	Ὧδε	G5602	Hōde	here	here
14:8	12	ἐπὶ	G1909	epi	on	on
14:8	13	πίνακι	G4094	pinaki	a platter	a platter
14:8	14	τὴν	G3588	tēn	the	the
14:8	15	κεφαλὴν	G2776	kephalēn	head	head
14:8	16	Ἰωάννου	G2491	Iōannou	of John	of John
14:8	17	τοῦ	G3588	tou	the	the
14:8	18	Βαπτιστοῦ	G910	Baptistou	Baptist	Baptist
14:9	1	Καὶ	G2532	Kai	-	-
14:9	2	ὁ	G3588	ho	The	The
14:9	3	βασιλεὺς	G935	basileus	king	king
14:9	4	λυπηθεὶς	G3076	lypētheis	was grieved	was grieved
14:9	5	διὰ	G1223	dia	but because of	but because of
14:9	6	τοὺς	G3588	tous	[his]	[his]
14:9	7	ὅρκους	G3727	horkous	oaths	oaths
14:9	8	καὶ	G2532	kai	and	and
14:9	9	τοὺς	G3588	tous	vvv	vvv
14:9	10	συνανακειμένους	G4873	synanakeimenous	his guests	his guests
14:9	11	ἐκέλευσεν	G2753	ekeleusen	he ordered that	he ordered that
14:9	12	δοθῆναι	G1325	dothēnai	[her wish] be granted	[her wish] be granted
14:10	1	καὶ	G2532	kai	and	and
14:10	2	πέμψας	G3992	pempsas	sent {to have}	sent {to have}
14:10	3	τὸν	G3588	ton	-	-
14:10	4	Ἰωάννην	G2491	Iōannēn	John	John
14:10	5	ἀπεκεφάλισεν	G607	apekephalisen	beheaded	beheaded
14:10	6	ἐν	G1722	en	in	in
14:10	7	τῇ	G3588	tē	the	the
14:10	8	φυλακῇ	G5438	phylakē	prison	prison
14:11	1	Καὶ	G2532	Kai	-	-
14:11	2	αὐτοῦ	G846	autou	[John’s]	[John’s]
14:11	3	ἡ	G3588	hē	-	-
14:11	4	κεφαλὴ	G2776	kephalē	head	head
14:11	5	ἠνέχθη	G5342	ēnechthē	was brought in	was brought in
14:11	6	ἐπὶ	G1909	epi	on	on
14:11	7	πίνακι	G4094	pinaki	a platter	a platter
14:11	8	καὶ	G2532	kai	and	and
14:11	9	ἐδόθη	G1325	edothē	presented	presented
14:11	10	τῷ	G3588	tō	to the	to the
14:11	11	κορασίῳ	G2877	korasiō	girl	girl
14:11	12	καὶ	G2532	kai	-	-
14:11	13	ἤνεγκεν	G5342	ēnenken	[who] carried [it]	[who] carried [it]
14:11	14	τῇ	G3588	tē	to	to
14:11	15	αὐτῆς	G846	autēs	her	her
14:11	16	μητρὶ	G3384	mētri	mother	mother
14:12	1	καὶ	G2532	kai	Then	Then
14:12	2	αὐτοῦ	G846	autou	[John’s]	[John’s]
14:12	3	οἱ	G3588	hoi	-	-
14:12	4	μαθηταὶ	G3101	mathētai	disciples	disciples
14:12	5	προσελθόντες	G4334	proselthontes	came [and]	came [and]
14:12	6	ἦραν	G142	ēran	took	took
14:12	7	τὸ	G3588	to	[his]	[his]
14:12	8	πτῶμα	G4430	ptōma	body	body
14:12	9	καὶ	G2532	kai	and	and
14:12	10	ἔθαψαν	G2290	ethapsan	buried	buried
14:12	11	αὐτόν	G846	auton	it	it
14:12	12	καὶ	G2532	kai	And	And
14:12	13	ἐλθόντες	G2064	elthontes	they went	they went
14:12	14	ἀπήγγειλαν	G518	apēngeilan	[and] informed	[and] informed
14:12	15	τῷ	G3588	tō	-	-
14:12	16	Ἰησοῦ	G2424	Iēsou	Jesus	Jesus
14:13	1	δὲ	G1161	de	When	When
14:13	2	ὁ	G3588	ho	-	-
14:13	3	Ἰησοῦς	G2424	Iēsous	Jesus	Jesus
14:13	4	Ἀκούσας	G191	Akousas	heard [ about John ]	heard [ about John ]
14:13	5	ἀνεχώρησεν	G402	anechōrēsen	He withdrew	He withdrew
14:13	6	ἐκεῖθεν	G1564	ekeithen	. . .	. . .
14:13	7	ἐν	G1722	en	by	by
14:13	8	πλοίῳ	G4143	ploiō	boat	boat
14:13	9	κατ’	G2596	kat’	vvv	vvv
14:13	10	ἰδίαν	G2398	idian	privately	privately
14:13	11	εἰς	G1519	eis	to	to
14:13	12	ἔρημον	G2048	erēmon	a solitary	a solitary
14:13	13	τόπον	G5117	topon	place	place
14:13	14	καὶ	G2532	kai	But	But
14:13	15	οἱ	G3588	hoi	the	the
14:13	16	ὄχλοι	G3793	ochloi	crowds	crowds
14:13	17	ἀκούσαντες	G191	akousantes	found out [about it]	found out [about it]
14:13	18	ἠκολούθησαν	G190	ēkolouthēsan	[and] followed	[and] followed
14:13	19	αὐτῷ	G846	autō	Him	Him
14:13	20	πεζῇ	G3979	pezē	on foot	on foot
14:13	21	ἀπὸ	G575	apo	from	from
14:13	22	τῶν	G3588	tōn	the	the
14:13	23	πόλεων	G4172	poleōn	towns	towns
14:14	1	Καὶ	G2532	Kai	When	When
14:14	2	ἐξελθὼν	G1831	exelthōn	He stepped ashore	He stepped ashore
14:14	3	εἶδεν	G3708	eiden	[and] saw	[and] saw
14:14	4	πολὺν	G4183	polyn	a large	a large
14:14	5	ὄχλον	G3793	ochlon	crowd	crowd
14:14	6	καὶ	G2532	kai	-	-
14:14	7	ἐσπλαγχνίσθη	G4697	esplanchnisthē	He had compassion	He had compassion
14:14	8	ἐπ’	G1909	ep’	on	on
14:14	9	αὐτοῖς	G846	autois	them	them
14:14	10	καὶ	G2532	kai	and	and
14:14	11	ἐθεράπευσεν	G2323	etherapeusen	healed	healed
14:14	12	αὐτῶν	G846	autōn	their	their
14:14	13	τοὺς	G3588	tous	-	-
14:14	14	ἀρρώστους	G732	arrōstous	sick	sick
14:15	1	δὲ	G1161	de	When	When
14:15	2	Ὀψίας	G3798	Opsias	evening	evening
14:15	3	γενομένης	G1096	genomenēs	came	came
14:15	4	οἱ	G3588	hoi	the	the
14:15	5	μαθηταὶ	G3101	mathētai	disciples	disciples
14:15	6	προσῆλθον	G4334	prosēlthon	came	came
14:15	7	αὐτῷ	G846	autō	to Him	to Him
14:15	8	λέγοντες	G3004	legontes	[and] said	[and] said
14:15	9	ὁ	G3588	ho	This	This
14:15	10	ἐστιν	G1510	estin	is	is
14:15	11	Ἔρημός	G2048	Erēmos	a desolate	a desolate
14:15	12	τόπος	G5117	topos	place	place
14:15	13	καὶ	G2532	kai	and	and
14:15	14	ἡ	G3588	hē	the	the
14:15	15	ὥρα	G5610	hōra	hour	hour
14:15	16	ἤδη	G2235	ēdē	is already late	is already late
14:15	17	παρῆλθεν	G3928	parēlthen	. . .	. . .
14:15	18	οὖν	G3767	oun	-	-
14:15	19	ἀπόλυσον	G630	apolyson	Dismiss	Dismiss
14:15	20	τοὺς	G3588	tous	the	the
14:15	21	ὄχλους	G3793	ochlous	crowds	crowds
14:15	22	ἵνα	G2443	hina	so	so
14:15	23	ἀπελθόντες	G565	apelthontes	they can go	they can go
14:15	24	εἰς	G1519	eis	to	to
14:15	25	τὰς	G3588	tas	the	the
14:15	26	κώμας	G2968	kōmas	villages	villages
14:15	27	ἀγοράσωσιν	G59	agorasōsin	[and] buy	[and] buy
14:15	28	ἑαυτοῖς	G1438	heautois	themselves	themselves
14:15	29	βρώματα	G1033	brōmata	some food	some food
14:16	1	ἔχουσιν	G2192	echousin	They do	They do
14:16	2	Οὐ	G3756	Ou	not	not
14:16	3	χρείαν	G5532	chreian	need	need
14:16	4	ἀπελθεῖν	G565	apelthein	to go away	to go away
14:16	5	δὲ	G1161	de	-	-
14:16	6	Ὁ	G3588	Ho	-	-
14:16	7	Ἰησοῦς	G2424	Iēsous	Jesus	Jesus
14:16	8	εἶπεν	G2036	eipen	replied	replied
14:16	9	αὐτοῖς	G846	autois	-	-
14:16	10	ὑμεῖς	G4771	hymeis	You	You
14:16	11	δότε	G1325	dote	give	give
14:16	12	αὐτοῖς	G846	autois	them	them
14:16	13	φαγεῖν	G5315	phagein	[something] to eat	[something] to eat
14:17	1	Οὐκ	G3756	Ouk	-	-
14:17	2	ἔχομεν	G2192	echomen	We have	We have
14:17	3	ὧδε	G5602	hōde	here	here
14:17	4	εἰ	G1487	ei	only	only
14:17	5	μὴ	G3361	mē	. . .	. . .
14:17	6	πέντε	G4002	pente	five	five
14:17	7	ἄρτους	G740	artous	loaves of bread	loaves of bread
14:17	8	καὶ	G2532	kai	and	and
14:17	9	δύο	G1417	dyo	two	two
14:17	10	ἰχθύας	G2486	ichthyas	fish	fish
14:17	11	δὲ	G1161	de	-	-
14:17	12	Οἱ	G3588	Hoi	-	-
14:17	13	λέγουσιν	G3004	legousin	they answered	they answered
14:17	14	αὐτῷ	G846	autō	-	-
14:18	1	Φέρετέ	G5342	Pherete	Bring	Bring
14:18	2	αὐτούς	G846	autous	them	them
14:18	3	ὧδε	G5602	hōde	here	here
14:18	4	μοι	G1473	moi	to Me	to Me
14:18	5	δὲ	G1161	de	-	-
14:18	6	Ὁ	G3588	Ho	-	-
14:18	7	εἶπεν	G2036	eipen	[Jesus] said	[Jesus] said
14:19	1	καὶ	G2532	kai	And	And
14:19	2	κελεύσας	G2753	keleusas	He directed	He directed
14:19	3	τοὺς	G3588	tous	the	the
14:19	4	ὄχλους	G3793	ochlous	crowds	crowds
14:19	5	ἀνακλιθῆναι	G347	anaklithēnai	to sit down	to sit down
14:19	6	ἐπὶ	G1909	epi	on	on
14:19	7	τοῦ	G3588	tou	the	the
14:19	8	χόρτου	G5528	chortou	grass	grass
14:19	9	λαβὼν	G2983	labōn	Taking	Taking
14:19	10	τοὺς	G3588	tous	the	the
14:19	11	πέντε	G4002	pente	five	five
14:19	12	ἄρτους	G740	artous	loaves	loaves
14:19	13	καὶ	G2532	kai	and	and
14:19	14	τοὺς	G3588	tous	the	the
14:19	15	δύο	G1417	dyo	two	two
14:19	16	ἰχθύας	G2486	ichthyas	fish	fish
14:19	17	ἀναβλέψας	G308	anablepsas	[and] looking up	[and] looking up
14:19	18	εἰς	G1519	eis	to	to
14:19	19	τὸν	G3588	ton	-	-
14:19	20	οὐρανὸν	G3772	ouranon	heaven	heaven
14:19	21	εὐλόγησεν	G2127	eulogēsen	He spoke a blessing	He spoke a blessing
14:19	22	καὶ	G2532	kai	Then	Then
14:19	23	κλάσας	G2806	klasas	He broke	He broke
14:19	24	τοὺς	G3588	tous	the	the
14:19	25	ἄρτους	G740	artous	loaves	loaves
14:19	26	ἔδωκεν	G1325	edōken	[and] gave [them]	[and] gave [them]
14:19	27	τοῖς	G3588	tois	to the	to the
14:19	28	μαθηταῖς	G3101	mathētais	disciples	disciples
14:19	29	δὲ	G1161	de	and	and
14:19	30	οἱ	G3588	hoi	the	the
14:19	31	μαθηταὶ	G3101	mathētai	disciples	disciples
14:19	32	τοῖς	G3588	tois	[gave them] to the	[gave them] to the
14:19	33	ὄχλοις	G3793	ochlois	people	people
14:20	1	Καὶ	G2532	Kai	-	-
14:20	2	πάντες	G3956	pantes	vvv	vvv
14:20	3	ἔφαγον	G5315	ephagon	They all ate	They all ate
14:20	4	καὶ	G2532	kai	and	and
14:20	5	ἐχορτάσθησαν	G5526	echortasthēsan	were satisfied	were satisfied
14:20	6	καὶ	G2532	kai	and	and
14:20	7	ἦραν	G142	ēran	[the disciples] picked up	[the disciples] picked up
14:20	8	δώδεκα	G1427	dōdeka	twelve	twelve
14:20	9	κοφίνους	G2894	kophinous	basketfuls	basketfuls
14:20	10	πλήρεις	G4134	plēreis	. . .	. . .
14:20	11	τῶν	G3588	tōn	-	-
14:20	12	κλασμάτων	G2801	klasmatōn	of broken pieces	of broken pieces
14:20	13	τὸ	G3588	to	that	that
14:20	14	περισσεῦον	G4052	perisseuon	were left over	were left over
14:21	1	ὡσεὶ	G5616	hōsei	About	About
14:21	2	πεντακισχίλιοι	G4000	pentakischilioi	five thousand	five thousand
14:21	3	ἄνδρες	G435	andres	men	men
14:21	4	δὲ	G1161	de	-	-
14:21	5	ἦσαν	G1510	ēsan	were	were
14:21	6	οἱ	G3588	hoi	vvv	vvv
14:21	7	ἐσθίοντες	G2068	esthiontes	fed	fed
14:21	8	χωρὶς	G5565	chōris	besides	besides
14:21	9	γυναικῶν	G1135	gynaikōn	women	women
14:21	10	καὶ	G2532	kai	and	and
14:21	11	παιδίων	G3813	paidiōn	children	children
14:22	1	Καὶ	G2532	Kai	vvv	vvv
14:22	2	εὐθέως	G2112	eutheōs	Immediately	Immediately
14:22	3	ἠνάγκασεν	G315	ēnankasen	[Jesus] made	[Jesus] made
14:22	4	τοὺς	G3588	tous	the	the
14:22	5	μαθητὰς	G3101	mathētas	disciples	disciples
14:22	6	ἐμβῆναι	G1684	embēnai	get into	get into
14:22	7	εἰς	G1519	eis	. . .	. . .
14:22	8	τὸ	G3588	to	the	the
14:22	9	πλοῖον	G4143	ploion	boat	boat
14:22	10	καὶ	G2532	kai	and	and
14:22	11	προάγειν	G4254	proagein	go on ahead of	go on ahead of
14:22	12	αὐτὸν	G846	auton	Him	Him
14:22	13	εἰς	G1519	eis	to	to
14:22	14	τὸ	G3588	to	the	the
14:22	15	πέραν	G4008	peran	other side	other side
14:22	16	ἕως	G2193	heōs	while	while
14:22	17	οὗ	G3739	hou	. . .	. . .
14:22	18	ἀπολύσῃ	G630	apolysē	He dismissed	He dismissed
14:22	19	τοὺς	G3588	tous	the	the
14:22	20	ὄχλους	G3793	ochlous	crowds	crowds
14:23	1	καὶ	G2532	kai	After	After
14:23	2	ἀπολύσας	G630	apolysas	He had dismissed [them]	He had dismissed [them]
14:23	3	τοὺς	G3588	tous	. . .	. . .
14:23	4	ὄχλους	G3793	ochlous	. . .	. . .
14:23	5	ἀνέβη	G305	anebē	He went up	He went up
14:23	6	εἰς	G1519	eis	on	on
14:23	7	τὸ	G3588	to	the	the
14:23	8	ὄρος	G3735	oros	mountain	mountain
14:23	9	κατ’	G2596	kat’	by	by
14:23	10	ἰδίαν	G2398	idian	Himself	Himself
14:23	11	προσεύξασθαι	G4336	proseuxasthai	to pray	to pray
14:23	12	δὲ	G1161	de	When	When
14:23	13	ὀψίας	G3798	opsias	evening	evening
14:23	14	γενομένης	G1096	genomenēs	came	came
14:23	15	ἦν	G1510	ēn	He was	He was
14:23	16	ἐκεῖ	G1563	ekei	there	there
14:23	17	μόνος	G3441	monos	alone	alone
14:24	1	δὲ	G1161	de	but	but
14:24	2	τὸ	G3588	to	the	the
14:24	3	πλοῖον	G4143	ploion	boat	boat
14:24	4	ἀπεῖχεν	G568	apeichen	was	was
14:24	5	ἤδη	G2235	ēdē	already	already
14:24	6	πολλοὺς	G4183	pollous	far	far
14:24	7	σταδίους	G4712	stadious	. . .	. . .
14:24	8	ἀπὸ	G575	apo	from	from
14:24	9	τῆς	G3588	tēs	-	-
14:24	10	γῆς	G1093	gēs	land	land
14:24	11	βασανιζόμενον	G928	basanizomenon	buffeted	buffeted
14:24	12	ὑπὸ	G5259	hypo	by	by
14:24	13	τῶν	G3588	tōn	the	the
14:24	14	κυμάτων	G2949	kymatōn	waves	waves
14:24	15	γὰρ	G1063	gar	because	because
14:24	16	ὁ	G3588	ho	the	the
14:24	17	ἄνεμος	G417	anemos	wind	wind
14:24	18	ἦν	G1510	ēn	was	was
14:24	19	ἐναντίος	G1727	enantios	against it	against it
14:25	1	δὲ	G1161	de	vvv	vvv
14:25	2	Τετάρτῃ	G5067	Tetartē	During the fourth	During the fourth
14:25	3	φυλακῇ	G5438	phylakē	watch	watch
14:25	4	τῆς	G3588	tēs	of the	of the
14:25	5	νυκτὸς	G3571	nyktos	night	night
14:25	6	ἦλθεν	G2064	ēlthen	[Jesus] went out	[Jesus] went out
14:25	7	πρὸς	G4314	pros	to	to
14:25	8	αὐτοὺς	G846	autous	them	them
14:25	9	περιπατῶν	G4043	peripatōn	walking	walking
14:25	10	ἐπὶ	G1909	epi	on	on
14:25	11	τὴν	G3588	tēn	the	the
14:25	12	θάλασσαν	G2281	thalassan	sea	sea
14:26	1	δὲ	G1161	de	When	When
14:26	2	οἱ	G3588	hoi	the	the
14:26	3	μαθηταὶ	G3101	mathētai	disciples	disciples
14:26	4	ἰδόντες	G3708	idontes	saw	saw
14:26	5	αὐτὸν	G846	auton	Him	Him
14:26	6	περιπατοῦντα	G4043	peripatounta	walking	walking
14:26	7	ἐπὶ	G1909	epi	on	on
14:26	8	τῆς	G3588	tēs	the	the
14:26	9	θαλάσσης	G2281	thalassēs	sea	sea
14:26	10	ἐταράχθησαν	G5015	etarachthēsan	they were terrified	they were terrified
14:26	11	ἐστιν	G1510	estin	It’s	It’s
14:26	12	Φάντασμά	G5326	Phantasma	a ghost	a ghost
14:26	13	λέγοντες	G3004	legontes	they said	they said
14:26	14	ὅτι	G3754	hoti	-	-
14:26	15	καὶ	G2532	kai	and	and
14:26	16	ἔκραξαν	G2896	ekraxan	cried out	cried out
14:26	17	ἀπὸ	G575	apo	in	in
14:26	18	τοῦ	G3588	tou	-	-
14:26	19	φόβου	G5401	phobou	fear	fear
14:27	1	δὲ	G1161	de	But	But
14:27	2	Ἰησοῦς	G2424	Iēsous	Jesus	Jesus
14:27	3	ἐλάλησεν	G2980	elalēsen	spoke up	spoke up
14:27	4	αὐτοῖς	G846	autois	. . .	. . .
14:27	5	Εὐθὺς	G2112	Euthys	at once	at once
14:27	6	λέγων	G3004	legōn	-	-
14:27	7	ὁ	G3588	ho	-	-
14:27	8	Θαρσεῖτε	G2293	Tharseite	Take courage	Take courage
14:27	9	εἰμι	G1510	eimi	It is	It is
14:27	10	ἐγώ	G1473	egō	I	I
14:27	11	μὴ	G3361	mē	[Do] not	[Do] not
14:27	12	φοβεῖσθε	G5399	phobeisthe	be afraid	be afraid
14:28	1	Κύριε	G2962	Kyrie	Lord	Lord
14:28	2	εἰ	G1487	ei	if	if
14:28	3	εἶ	G1510	ei	[it] is	[it] is
14:28	4	σὺ	G4771	sy	You	You
14:28	5	δὲ	G1161	de	-	-
14:28	6	Πέτρος	G4074	Petros	Peter	Peter
14:28	7	Ἀποκριθεὶς	G611	Apokritheis	replied	replied
14:28	8	εἶπεν	G2036	eipen	. . .	. . .
14:28	9	ὁ	G3588	ho	. . .	. . .
14:28	10	αὐτῷ	G846	autō	. . .	. . .
14:28	11	κέλευσόν	G2753	keleuson	command	command
14:28	12	με	G1473	me	me	me
14:28	13	ἐλθεῖν	G2064	elthein	to come	to come
14:28	14	πρὸς	G4314	pros	to	to
14:28	15	σὲ	G4771	se	You	You
14:28	16	ἐπὶ	G1909	epi	on	on
14:28	17	τὰ	G3588	ta	the	the
14:28	18	ὕδατα	G5204	hydata	water	water
14:29	1	Ἐλθέ	G2064	Elthe	Come	Come
14:29	2	δὲ	G1161	de	vvv	vvv
14:29	3	Ὁ	G3588	Ho	vvv	vvv
14:29	4	εἶπεν	G2036	eipen	said [Jesus]	said [Jesus]
14:29	5	Καὶ	G2532	Kai	Then	Then
14:29	6	Πέτρος	G4074	Petros	Peter	Peter
14:29	7	καταβὰς	G2597	katabas	got down out	got down out
14:29	8	ἀπὸ	G575	apo	of	of
14:29	9	τοῦ	G3588	tou	the	the
14:29	10	πλοίου	G4143	ploiou	boat	boat
14:29	11	ὁ	G3588	ho	-	-
14:29	12	περιεπάτησεν	G4043	periepatēsen	walked	walked
14:29	13	ἐπὶ	G1909	epi	on	on
14:29	14	τὰ	G3588	ta	the	the
14:29	15	ὕδατα	G5204	hydata	water	water
14:29	16	καὶ	G2532	kai	and	and
14:29	17	ἦλθεν	G2064	ēlthen	came	came
14:29	18	πρὸς	G4314	pros	toward	toward
14:29	19	τὸν	G3588	ton	-	-
14:29	20	Ἰησοῦν	G2424	Iēsoun	Jesus	Jesus
14:30	1	δὲ	G1161	de	But	But
14:30	2	βλέπων	G991	blepōn	when he saw	when he saw
14:30	3	τὸν	G3588	ton	the	the
14:30	4	ἰσχυρὸν	G2478	ischyron	strength	strength
14:30	5	ἄνεμον	G417	anemon	of the wind	of the wind
14:30	6	ἐφοβήθη	G5399	ephobēthē	he was afraid	he was afraid
14:30	7	καὶ	G2532	kai	and	and
14:30	8	ἀρξάμενος	G756	arxamenos	beginning	beginning
14:30	9	καταποντίζεσθαι	G2670	katapontizesthai	to sink	to sink
14:30	10	ἔκραξεν	G2896	ekraxen	cried out	cried out
14:30	11	λέγων	G3004	legōn	-	-
14:30	12	Κύριε	G2962	Kyrie	Lord	Lord
14:30	13	σῶσόν	G4982	sōson	save	save
14:30	14	με	G1473	me	me	me
14:31	1	δὲ	G1161	de	-	-
14:31	2	Εὐθέως	G2112	Eutheōs	Immediately	Immediately
14:31	3	ὁ	G3588	ho	-	-
14:31	4	Ἰησοῦς	G2424	Iēsous	Jesus	Jesus
14:31	5	ἐκτείνας	G1614	ekteinas	reached out	reached out
14:31	6	τὴν	G3588	tēn	[His]	[His]
14:31	7	χεῖρα	G5495	cheira	hand	hand
14:31	8	ἐπελάβετο	G1949	epelabeto	[and] took hold	[and] took hold
14:31	9	αὐτοῦ	G846	autou	of [Peter]	of [Peter]
14:31	10	Ὀλιγόπιστε	G3640	Oligopiste	[You] of little faith	[You] of little faith
14:31	11	καὶ	G2532	kai	-	-
14:31	12	λέγει	G3004	legei	He said	He said
14:31	13	αὐτῷ	G846	autō	-	-
14:31	14	εἰς	G1519	eis	why	why
14:31	15	τί	G5101	ti	. . .	. . .
14:31	16	ἐδίστασας	G1365	edistasas	did you doubt	did you doubt
14:32	1	Καὶ	G2532	Kai	And	And
14:32	2	αὐτῶν	G846	autōn	when	when
14:32	3	ἀναβάντων	G305	anabantōn	they had climbed back	they had climbed back
14:32	4	εἰς	G1519	eis	into	into
14:32	5	τὸ	G3588	to	the	the
14:32	6	πλοῖον	G4143	ploion	boat	boat
14:32	7	ὁ	G3588	ho	the	the
14:32	8	ἄνεμος	G417	anemos	wind	wind
14:32	9	ἐκόπασεν	G2869	ekopasen	died down	died down
14:33	1	δὲ	G1161	de	Then	Then
14:33	2	οἱ	G3588	hoi	those who [were]	those who [were]
14:33	3	ἐν	G1722	en	in	in
14:33	4	τῷ	G3588	tō	the	the
14:33	5	πλοίῳ	G4143	ploiō	boat	boat
14:33	6	προσεκύνησαν	G4352	prosekynēsan	worshiped	worshiped
14:33	7	αὐτῷ	G846	autō	Him	Him
14:33	8	λέγοντες	G3004	legontes	saying	saying
14:33	9	Ἀληθῶς	G230	Alēthōs	Truly	Truly
14:33	10	εἶ	G1510	ei	You are	You are
14:33	11	Υἱὸς	G5207	Huios	the Son	the Son
14:33	12	Θεοῦ	G2316	Theou	of God	of God
14:34	1	Καὶ	G2532	Kai	When	When
14:34	2	διαπεράσαντες	G1276	diaperasantes	they had crossed over	they had crossed over
14:34	3	ἦλθον	G2064	ēlthon	they landed	they landed
14:34	4	ἐπὶ	G1909	epi	. . .	. . .
14:34	5	τὴν	G3588	tēn	. . .	. . .
14:34	6	γῆν	G1093	gēn	. . .	. . .
14:34	7	εἰς	G1519	eis	at	at
14:34	8	Γεννησαρέτ	G1082	Gennēsaret	Gennesaret	Gennesaret
14:35	1	καὶ	G2532	kai	And when	And when
14:35	2	οἱ	G3588	hoi	the	the
14:35	3	ἄνδρες	G435	andres	men	men
14:35	4	ἐκείνου	G1565	ekeinou	of that	of that
14:35	5	τοῦ	G3588	tou	-	-
14:35	6	τόπου	G5117	topou	place	place
14:35	7	ἐπιγνόντες	G1921	epignontes	recognized	recognized
14:35	8	αὐτὸν	G846	auton	[Jesus]	[Jesus]
14:35	9	ἀπέστειλαν	G649	apesteilan	they sent word	they sent word
14:35	10	εἰς	G1519	eis	to	to
14:35	11	ὅλην	G3650	holēn	all	all
14:35	12	ἐκείνην	G1565	ekeinēn	-	-
14:35	13	τὴν	G3588	tēn	the	the
14:35	14	περίχωρον	G4066	perichōron	surrounding region	surrounding region
14:35	15	καὶ	G2532	kai	-	-
14:35	16	προσήνεγκαν	G4374	prosēnenkan	[People] brought	[People] brought
14:35	17	πάντας	G3956	pantas	all	all
14:35	18	τοὺς	G3588	tous	the	the
14:35	19	ἔχοντας	G2192	echontas	-	-
14:35	20	κακῶς	G2560	kakōs	sick	sick
14:35	21	αὐτῷ	G846	autō	to Him	to Him
14:36	1	καὶ	G2532	kai	and	and
14:36	2	παρεκάλουν	G3870	parekaloun	begged	begged
14:36	3	αὐτὸν	G846	auton	Him	Him
14:36	4	μόνον	G3440	monon	just	just
14:36	5	ἵνα	G2443	hina	to	to
14:36	6	ἅψωνται	G680	hapsōntai	let them touch	let them touch
14:36	7	τοῦ	G3588	tou	the	the
14:36	8	κρασπέδου	G2899	kraspedou	fringe	fringe
14:36	9	τοῦ	G3588	tou	of	of
14:36	10	αὐτοῦ	G846	autou	His	His
14:36	11	ἱματίου	G2440	himatiou	cloak	cloak
14:36	12	καὶ	G2532	kai	And	And
14:36	13	ὅσοι	G3745	hosoi	all who	all who
14:36	14	ἥψαντο	G680	hēpsanto	touched [Him]	touched [Him]
14:36	15	διεσώθησαν	G1295	diesōthēsan	were healed	were healed
15:1	1	Τότε	G5119	Tote	Then	Then
15:1	2	Φαρισαῖοι	G5330	Pharisaioi	[some] Pharisees	[some] Pharisees
15:1	3	καὶ	G2532	kai	and	and
15:1	4	γραμματεῖς	G1122	grammateis	scribes	scribes
15:1	5	προσέρχονται	G4334	proserchontai	came	came
15:1	6	τῷ	G3588	tō	-	-
15:1	7	Ἰησοῦ	G2424	Iēsou	to Jesus	to Jesus
15:1	8	ἀπὸ	G575	apo	from	from
15:1	9	Ἱεροσολύμων	G2414	Hierosolymōn	Jerusalem	Jerusalem
15:1	10	λέγοντες	G3004	legontes	[and] asked	[and] asked
15:2	1	Διὰ	G1223	Dia	Why {do}	Why {do}
15:2	2	τί	G5101	ti	. . .	. . .
15:2	3	σου	G4771	sou	Your	Your
15:2	4	οἱ	G3588	hoi	-	-
15:2	5	μαθηταί	G3101	mathētai	disciples	disciples
15:2	6	παραβαίνουσιν	G3845	parabainousin	break	break
15:2	7	τὴν	G3588	tēn	the	the
15:2	8	παράδοσιν	G3862	paradosin	tradition	tradition
15:2	9	τῶν	G3588	tōn	of the	of the
15:2	10	πρεσβυτέρων	G4245	presbyterōn	elders	elders
15:2	11	γὰρ	G1063	gar	-	-
15:2	12	οὐ	G3756	ou	vvv	vvv
15:2	13	νίπτονται	G3538	niptontai	They do not wash	They do not wash
15:2	14	αὐτῶν	G846	autōn	their	their
15:2	15	τὰς	G3588	tas	-	-
15:2	16	χεῖρας	G5495	cheiras	hands	hands
15:2	17	ὅταν	G3752	hotan	before	before
15:2	18	ἐσθίωσιν	G2068	esthiōsin	they eat	they eat
15:2	19	ἄρτον	G740	arton	. . .	. . .
15:3	1	δὲ	G1161	de	-	-
15:3	2	Ὁ	G3588	Ho	-	-
15:3	3	ἀποκριθεὶς	G611	apokritheis	[Jesus] replied	[Jesus] replied
15:3	4	εἶπεν	G2036	eipen	. . .	. . .
15:3	5	αὐτοῖς	G846	autois	. . .	. . .
15:3	6	καὶ	G2532	kai	And	And
15:3	7	Διὰ	G1223	Dia	why	why
15:3	8	τί	G5101	ti	. . .	. . .
15:3	9	ὑμεῖς	G4771	hymeis	{do} you	{do} you
15:3	10	παραβαίνετε	G3845	parabainete	break	break
15:3	11	τὴν	G3588	tēn	the	the
15:3	12	ἐντολὴν	G1785	entolēn	command	command
15:3	13	τοῦ	G3588	tou	-	-
15:3	14	Θεοῦ	G2316	Theou	of God	of God
15:3	15	διὰ	G1223	dia	for the sake of	for the sake of
15:3	16	ὑμῶν	G4771	hymōn	your	your
15:3	17	τὴν	G3588	tēn	-	-
15:3	18	παράδοσιν	G3862	paradosin	tradition	tradition
15:4	1	γὰρ	G1063	gar	For	For
15:4	2	ὁ	G3588	ho	-	-
15:4	3	Θεὸς	G2316	Theos	God	God
15:4	4	εἶπεν	G2036	eipen	said	said
15:4	5	Τίμα	G5091	Tima	Honor	Honor
15:4	6	τὸν	G3588	ton	[your]	[your]
15:4	7	πατέρα	G3962	patera	father	father
15:4	8	καὶ	G2532	kai	and	and
15:4	9	τὴν	G3588	tēn	-	-
15:4	10	μητέρα	G3384	mētera	mother	mother
15:4	11	καί	G2532	kai	and	and
15:4	12	Ὁ	G3588	Ho	Anyone who	Anyone who
15:4	13	κακολογῶν	G2551	kakologōn	curses	curses
15:4	14	πατέρα	G3962	patera	[his] father	[his] father
15:4	15	ἢ	G2228	ē	or	or
15:4	16	μητέρα	G3384	mētera	mother	mother
15:4	17	θανάτῳ	G2288	thanatō	vvv	vvv
15:4	18	τελευτάτω	G5053	teleutatō	must be put to death	must be put to death
15:5	1	δὲ	G1161	de	But	But
15:5	2	ὑμεῖς	G4771	hymeis	you	you
15:5	3	λέγετε	G3004	legete	say that	say that
15:5	4	Ὃς	G3739	Hos	if anyone	if anyone
15:5	5	ἂν	G302	an	. . .	. . .
15:5	6	εἴπῃ	G2036	eipē	says	says
15:5	7	τῷ	G3588	tō	to [his]	to [his]
15:5	8	πατρὶ	G3962	patri	father	father
15:5	9	ἢ	G2228	ē	or	or
15:5	10	τῇ	G3588	tē	-	-
15:5	11	μητρί	G3384	mētri	mother	mother
15:5	12	ὃ	G3739	ho	Whatever	Whatever
15:5	13	ἐὰν	G1437	ean	vvv	vvv
15:5	14	ὠφεληθῇς	G5623	ōphelēthēs	you would have received	you would have received
15:5	15	ἐξ	G1537	ex	from	from
15:5	16	ἐμοῦ	G1473	emou	me	me
15:5	17	Δῶρον	G1435	Dōron	is a gift devoted [to God]	is a gift devoted [to God]
15:6	1	οὐ	G3756	ou	vvv	vvv
15:6	2	μὴ	G3361	mē	vvv	vvv
15:6	3	τιμήσει	G5091	timēsei	he need not honor	he need not honor
15:6	4	αὐτοῦ	G846	autou	his	his
15:6	5	τὸν	G3588	ton	-	-
15:6	6	πατέρα	G3962	patera	father	father
15:6	7	ἢ	G2228	ē	or	or
15:6	8	αὐτοῦ	G846	autou	-	-
15:6	9	τὴν	G3588	tēn	-	-
15:6	10	μητέρα	G3384	mētera	mother [with it]	mother [with it]
15:6	11	καὶ	G2532	kai	Thus	Thus
15:6	12	ἠκυρώσατε	G208	ēkyrōsate	you nullify	you nullify
15:6	13	τὸν	G3588	ton	the	the
15:6	14	λόγον	G3056	logon	word	word
15:6	15	τοῦ	G3588	tou	-	-
15:6	16	Θεοῦ	G2316	Theou	of God	of God
15:6	17	διὰ	G1223	dia	for the sake of	for the sake of
15:6	18	ὑμῶν	G4771	hymōn	your	your
15:6	19	τὴν	G3588	tēn	-	-
15:6	20	παράδοσιν	G3862	paradosin	tradition	tradition
15:7	1	ὑποκριταί	G5273	hypokritai	You hypocrites	You hypocrites
15:7	2	Ἠσαΐας	G2268	Ēsaias	Isaiah	Isaiah
15:7	3	ἐπροφήτευσεν	G4395	eprophēteusen	prophesied	prophesied
15:7	4	καλῶς	G2573	kalōs	correctly	correctly
15:7	5	περὶ	G4012	peri	about	about
15:7	6	ὑμῶν	G4771	hymōn	you	you
15:7	7	λέγων	G3004	legōn	-	-
15:8	1	οὗτος	G3778	houtos	These	These
15:8	2	Ὁ	G3588	Ho	-	-
15:8	3	λαὸς	G2992	laos	people	people
15:8	4	τιμᾷ	G5091	tima	honor	honor
15:8	5	με	G1473	me	Me	Me
15:8	6	τοῖς	G3588	tois	with their	with their
15:8	7	χείλεσίν	G5491	cheilesin	lips	lips
15:8	8	δὲ	G1161	de	but	but
15:8	9	αὐτῶν	G846	autōn	their	their
15:8	10	Ἡ	G3588	Hē	-	-
15:8	11	καρδία	G2588	kardia	hearts	hearts
15:8	12	ἀπέχει	G568	apechei	are far	are far
15:8	13	πόρρω	G4206	porrō	. . .	. . .
15:8	14	ἀπ’	G575	ap’	from	from
15:8	15	ἐμοῦ	G1473	emou	Me	Me
15:9	1	δὲ	G1161	de	-	-
15:9	2	σέβονταί	G4576	sebontai	They worship	They worship
15:9	3	με	G1473	me	Me	Me
15:9	4	Μάτην	G3155	Matēn	in vain	in vain
15:9	5	Διδάσκοντες	G1321	Didaskontes	they teach	they teach
15:9	6	διδασκαλίας	G1319	didaskalias	[as] doctrine	[as] doctrine
15:9	7	ἐντάλματα	G1778	entalmata	[the] precepts	[the] precepts
15:9	8	ἀνθρώπων	G444	anthrōpōn	of men	of men
15:10	1	Καὶ	G2532	Kai	-	-
15:10	2	προσκαλεσάμενος	G4341	proskalesamenos	[Jesus] called	[Jesus] called
15:10	3	τὸν	G3588	ton	the	the
15:10	4	ὄχλον	G3793	ochlon	crowd [to Him]	crowd [to Him]
15:10	5	εἶπεν	G2036	eipen	[and] said	[and] said
15:10	6	αὐτοῖς	G846	autois	-	-
15:10	7	Ἀκούετε	G191	Akouete	Listen	Listen
15:10	8	καὶ	G2532	kai	and	and
15:10	9	συνίετε	G4920	syniete	understand	understand
15:11	1	τὸν	G3588	ton	A	A
15:11	2	ἄνθρωπον	G444	anthrōpon	man	man
15:11	3	κοινοῖ	G2840	koinoi	is not defiled	is not defiled
15:11	4	οὐ	G3756	ou	. . .	. . .
15:11	5	τὸ	G3588	to	by what	by what
15:11	6	εἰσερχόμενον	G1525	eiserchomenon	enters	enters
15:11	7	εἰς	G1519	eis	. . .	. . .
15:11	8	τὸ	G3588	to	[his]	[his]
15:11	9	στόμα	G4750	stoma	mouth	mouth
15:11	10	ἀλλὰ	G235	alla	but	but
15:11	11	τοῦτο	G3778	touto	-	-
15:11	12	κοινοῖ	G2840	koinoi	-	-
15:11	13	τὸν	G3588	ton	-	-
15:11	14	ἄνθρωπον	G444	anthrōpon	-	-
15:11	15	τὸ	G3588	to	by what	by what
15:11	16	ἐκπορευόμενον	G1607	ekporeuomenon	comes	comes
15:11	17	ἐκ	G1537	ek	out of	out of
15:11	18	τοῦ	G3588	tou	-	-
15:11	19	στόματος	G4750	stomatos	[it]	[it]
15:12	1	Τότε	G5119	Tote	Then	Then
15:12	2	οἱ	G3588	hoi	the	the
15:12	3	μαθηταὶ	G3101	mathētai	disciples	disciples
15:12	4	προσελθόντες	G4334	proselthontes	came	came
15:12	5	αὐτῷ	G846	autō	to Him	to Him
15:12	6	λέγουσιν	G3004	legousin	[and] said	[and] said
15:12	7	Οἶδας	G1492	Oidas	Are You aware	Are You aware
15:12	8	ὅτι	G3754	hoti	that	that
15:12	9	οἱ	G3588	hoi	the	the
15:12	10	Φαρισαῖοι	G5330	Pharisaioi	Pharisees	Pharisees
15:12	11	ἐσκανδαλίσθησαν	G4624	eskandalisthēsan	were offended	were offended
15:12	12	ἀκούσαντες	G191	akousantes	when they heard	when they heard
15:12	13	τὸν	G3588	ton	this	this
15:12	14	λόγον	G3056	logon	-	-
15:13	1	δὲ	G1161	de	But	But
15:13	2	Ὁ	G3588	Ho	-	-
15:13	3	ἀποκριθεὶς	G611	apokritheis	[Jesus] replied	[Jesus] replied
15:13	4	εἶπεν	G2036	eipen	-	-
15:13	5	Πᾶσα	G3956	Pasa	Every	Every
15:13	6	φυτεία	G5451	phyteia	plant	plant
15:13	7	ἣν	G3739	hēn	that	that
15:13	8	μου	G1473	mou	My	My
15:13	9	ὁ	G3588	ho	-	-
15:13	10	οὐράνιος	G3770	ouranios	heavenly	heavenly
15:13	11	ὁ	G3588	ho	-	-
15:13	12	Πατήρ	G3962	Patēr	Father	Father
15:13	13	οὐκ	G3756	ouk	vvv	vvv
15:13	14	ἐφύτευσεν	G5452	ephyteusen	has not planted	has not planted
15:13	15	ἐκριζωθήσεται	G1610	ekrizōthēsetai	will be pulled up by its roots	will be pulled up by its roots
15:14	1	ἄφετε	G863	aphete	Disregard	Disregard
15:14	2	αὐτούς	G846	autous	them	them
15:14	3	εἰσιν	G1510	eisin	They are	They are
15:14	4	τυφλοί	G5185	typhloi	blind	blind
15:14	5	ὁδηγοί	G3595	hodēgoi	guides	guides
15:14	6	τυφλῶν	G5185	typhlōn	-	-
15:14	7	δὲ	G1161	de	-	-
15:14	8	ἐὰν	G1437	ean	If	If
15:14	9	τυφλὸς	G5185	typhlos	[a] blind [man]	[a] blind [man]
15:14	10	ὁδηγῇ	G3594	hodēgē	leads	leads
15:14	11	τυφλὸν	G5185	typhlon	[a] blind [man]	[a] blind [man]
15:14	12	ἀμφότεροι	G297	amphoteroi	both	both
15:14	13	πεσοῦνται	G4098	pesountai	will fall	will fall
15:14	14	εἰς	G1519	eis	into	into
15:14	15	βόθυνον	G999	bothynon	a pit	a pit
15:15	1	δὲ	G1161	de	-	-
15:15	2	ὁ	G3588	ho	-	-
15:15	3	Πέτρος	G4074	Petros	Peter	Peter
15:15	4	Ἀποκριθεὶς	G611	Apokritheis	said	said
15:15	5	εἶπεν	G2036	eipen	. . .	. . .
15:15	6	αὐτῷ	G846	autō	to Him	to Him
15:15	7	Φράσον	G5419	Phrason	Explain	Explain
15:15	8	ταύτην	G3778	tautēn	this	this
15:15	9	τὴν	G3588	tēn	-	-
15:15	10	παραβολήν	G3850	parabolēn	parable	parable
15:15	11	ἡμῖν	G1473	hēmin	to us	to us
15:16	1	ἐστε	G1510	este	Do	Do
15:16	2	ὑμεῖς	G4771	hymeis	you	you
15:16	3	καὶ	G2532	kai	vvv	vvv
15:16	4	Ἀκμὴν	G188	Akmēn	still	still
15:16	5	ἀσύνετοί	G801	asynetoi	not understand	not understand
15:16	6	δὲ	G1161	de	-	-
15:16	7	Ὁ	G3588	Ho	-	-
15:16	8	εἶπεν	G2036	eipen	[Jesus] asked	[Jesus] asked
15:17	1	οὐ	G3756	ou	vvv	vvv
15:17	2	νοεῖτε	G3539	noeite	Do you not yet realize	Do you not yet realize
15:17	3	ὅτι	G3754	hoti	that	that
15:17	4	πᾶν	G3956	pan	whatever	whatever
15:17	5	τὸ	G3588	to	-	-
15:17	6	εἰσπορευόμενον	G1531	eisporeuomenon	enters	enters
15:17	7	εἰς	G1519	eis	. . .	. . .
15:17	8	τὸ	G3588	to	the	the
15:17	9	στόμα	G4750	stoma	mouth	mouth
15:17	10	χωρεῖ	G5562	chōrei	goes	goes
15:17	11	εἰς	G1519	eis	into	into
15:17	12	τὴν	G3588	tēn	the	the
15:17	13	κοιλίαν	G2836	koilian	stomach	stomach
15:17	14	καὶ	G2532	kai	and then	and then
15:17	15	ἐκβάλλεται	G1544	ekballetai	is eliminated	is eliminated
15:17	16	εἰς	G1519	eis	. . .	. . .
15:17	17	ἀφεδρῶνα	G856	aphedrōna	. . .	. . .
15:18	1	δὲ	G1161	de	But	But
15:18	2	τὰ	G3588	ta	the things	the things
15:18	3	ἐκπορευόμενα	G1607	ekporeuomena	that come	that come
15:18	4	ἐκ	G1537	ek	out of	out of
15:18	5	τοῦ	G3588	tou	the	the
15:18	6	στόματος	G4750	stomatos	mouth	mouth
15:18	7	ἐξέρχεται	G1831	exerchetai	come	come
15:18	8	ἐκ	G1537	ek	from	from
15:18	9	τῆς	G3588	tēs	the	the
15:18	10	καρδίας	G2588	kardias	heart	heart
15:18	11	κἀκεῖνα	G2548	kakeina	and these things	and these things
15:18	12	κοινοῖ	G2840	koinoi	defile	defile
15:18	13	τὸν	G3588	ton	a	a
15:18	14	ἄνθρωπον	G444	anthrōpon	man	man
15:19	1	γὰρ	G1063	gar	For	For
15:19	2	ἐκ	G1537	ek	out of	out of
15:19	3	τῆς	G3588	tēs	the	the
15:19	4	καρδίας	G2588	kardias	heart	heart
15:19	5	ἐξέρχονται	G1831	exerchontai	come	come
15:19	6	πονηροί	G4190	ponēroi	evil	evil
15:19	7	διαλογισμοὶ	G1261	dialogismoi	thoughts	thoughts
15:19	8	φόνοι	G5408	phonoi	murder	murder
15:19	9	μοιχεῖαι	G3430	moicheiai	adultery	adultery
15:19	10	πορνεῖαι	G4202	porneiai	sexual immorality	sexual immorality
15:19	11	κλοπαί	G2829	klopai	theft	theft
15:19	12	ψευδομαρτυρίαι	G5577	pseudomartyriai	false testimony	false testimony
15:19	13	βλασφημίαι	G988	blasphēmiai	[and] slander	[and] slander
15:20	1	ταῦτά	G3778	tauta	These	These
15:20	2	ἐστιν	G1510	estin	are	are
15:20	3	τὰ	G3588	ta	what	what
15:20	4	κοινοῦντα	G2840	koinounta	defile	defile
15:20	5	τὸν	G3588	ton	a	a
15:20	6	ἄνθρωπον	G444	anthrōpon	man	man
15:20	7	δὲ	G1161	de	but	but
15:20	8	τὸ	G3588	to	-	-
15:20	9	φαγεῖν	G5315	phagein	eating	eating
15:20	10	ἀνίπτοις	G449	aniptois	with unwashed	with unwashed
15:20	11	χερσὶν	G5495	chersin	hands	hands
15:20	12	οὐ	G3756	ou	vvv	vvv
15:20	13	κοινοῖ	G2840	koinoi	does not defile	does not defile
15:20	14	τὸν	G3588	ton	-	-
15:20	15	ἄνθρωπον	G444	anthrōpon	[him]	[him]
15:21	1	Καὶ	G2532	Kai	-	-
15:21	2	ἐξελθὼν	G1831	exelthōn	Leaving	Leaving
15:21	3	ἐκεῖθεν	G1564	ekeithen	that place	that place
15:21	4	ὁ	G3588	ho	-	-
15:21	5	Ἰησοῦς	G2424	Iēsous	Jesus	Jesus
15:21	6	ἀνεχώρησεν	G402	anechōrēsen	withdrew	withdrew
15:21	7	εἰς	G1519	eis	to	to
15:21	8	τὰ	G3588	ta	the	the
15:21	9	μέρη	G3313	merē	district	district
15:21	10	Τύρου	G5184	Tyrou	of Tyre	of Tyre
15:21	11	καὶ	G2532	kai	and	and
15:21	12	Σιδῶνος	G4605	Sidōnos	Sidon	Sidon
15:22	1	καὶ	G2532	kai	And	And
15:22	2	ἰδοὺ	G2400	idou	. . .	. . .
15:22	3	Χαναναία	G5478	Chananaia	a Canaanite	a Canaanite
15:22	4	γυνὴ	G1135	gynē	woman	woman
15:22	5	ἀπὸ	G575	apo	from	from
15:22	6	τῶν	G3588	tōn	vvv	vvv
15:22	7	ἐκείνων	G1565	ekeinōn	that	that
15:22	8	ὁρίων	G3725	horiōn	region	region
15:22	9	ἐξελθοῦσα	G1831	exelthousa	came [to Him]	came [to Him]
15:22	10	ἔκραζεν	G2896	ekrazen	crying out	crying out
15:22	11	λέγουσα	G3004	legousa	-	-
15:22	12	Κύριε	G2962	Kyrie	Lord	Lord
15:22	13	υἱὸς	G5207	huios	Son	Son
15:22	14	Δαυίδ	G1138	Dauid	of David	of David
15:22	15	Ἐλέησόν	G1653	Eleēson	have mercy on	have mercy on
15:22	16	με	G1473	me	me	me
15:22	17	μου	G1473	mou	My	My
15:22	18	ἡ	G3588	hē	-	-
15:22	19	θυγάτηρ	G2364	thygatēr	daughter	daughter
15:22	20	κακῶς	G2560	kakōs	{is} miserably	{is} miserably
15:22	21	δαιμονίζεται	G1139	daimonizetai	possessed by a demon	possessed by a demon
15:23	1	δὲ	G1161	de	But	But
15:23	2	Ὁ	G3588	Ho	-	-
15:23	3	οὐκ	G3756	ouk	vvv	vvv
15:23	4	ἀπεκρίθη	G611	apekrithē	[Jesus] did not answer	[Jesus] did not answer
15:23	5	λόγον	G3056	logon	a word	a word
15:23	6	αὐτῇ	G846	autē	-	-
15:23	7	καὶ	G2532	kai	So	So
15:23	8	αὐτοῦ	G846	autou	His	His
15:23	9	οἱ	G3588	hoi	-	-
15:23	10	μαθηταὶ	G3101	mathētai	disciples	disciples
15:23	11	προσελθόντες	G4334	proselthontes	came	came
15:23	12	ἠρώτουν	G2065	ērōtoun	[and] urged	[and] urged
15:23	13	αὐτὸν	G846	auton	Him	Him
15:23	14	λέγοντες	G3004	legontes	-	-
15:23	15	Ἀπόλυσον	G630	Apolyson	Send her away	Send her away
15:23	16	αὐτήν	G846	autēn	. . .	. . .
15:23	17	ὅτι	G3754	hoti	for	for
15:23	18	κράζει	G2896	krazei	she keeps crying out	she keeps crying out
15:23	19	ὄπισθεν	G3693	opisthen	after	after
15:23	20	ἡμῶν	G1473	hēmōn	us	us
15:24	1	δὲ	G1161	de	-	-
15:24	2	Ὁ	G3588	Ho	-	-
15:24	3	ἀποκριθεὶς	G611	apokritheis	He answered	He answered
15:24	4	εἶπεν	G2036	eipen	. . .	. . .
15:24	5	Οὐκ	G3756	Ouk	vvv	vvv
15:24	6	ἀπεστάλην	G649	apestalēn	I was sent	I was sent
15:24	7	εἰ	G1487	ei	only	only
15:24	8	μὴ	G3361	mē	. . .	. . .
15:24	9	εἰς	G1519	eis	to	to
15:24	10	τὰ	G3588	ta	the	the
15:24	11	τὰ	G3588	ta	-	-
15:24	12	ἀπολωλότα	G622	apolōlota	lost	lost
15:24	13	πρόβατα	G4263	probata	sheep	sheep
15:24	14	οἴκου	G3624	oikou	of [the] house	of [the] house
15:24	15	Ἰσραήλ	G2474	Israēl	of Israel	of Israel
15:25	1	δὲ	G1161	de	-	-
15:25	2	Ἡ	G3588	Hē	-	-
15:25	3	ἐλθοῦσα	G2064	elthousa	[The woman] came	[The woman] came
15:25	4	προσεκύνει	G4352	prosekynei	[and] knelt before	[and] knelt before
15:25	5	αὐτῷ	G846	autō	Him	Him
15:25	6	Κύριε	G2962	Kyrie	Lord	Lord
15:25	7	βοήθει	G997	boēthei	help	help
15:25	8	μοι	G1473	moi	me	me
15:25	9	λέγουσα	G3004	legousa	she said	she said
15:26	1	δὲ	G1161	de	But	But
15:26	2	Ὁ	G3588	Ho	-	-
15:26	3	ἀποκριθεὶς	G611	apokritheis	[Jesus] replied	[Jesus] replied
15:26	4	εἶπεν	G2036	eipen	-	-
15:26	5	ἔστιν	G1510	estin	It is	It is
15:26	6	Οὐκ	G3756	Ouk	not	not
15:26	7	καλὸν	G2570	kalon	right	right
15:26	8	λαβεῖν	G2983	labein	to take	to take
15:26	9	τὸν	G3588	ton	the	the
15:26	10	τῶν	G3588	tōn	-	-
15:26	11	τέκνων	G5043	teknōn	children’s	children’s
15:26	12	ἄρτον	G740	arton	bread	bread
15:26	13	καὶ	G2532	kai	and	and
15:26	14	βαλεῖν	G906	balein	toss [it]	toss [it]
15:26	15	τοῖς	G3588	tois	to the	to the
15:26	16	κυναρίοις	G2952	kynariois	dogs	dogs
15:27	1	Ναί	G3483	Nai	Yes	Yes
15:27	2	κύριε	G2962	kyrie	Lord	Lord
15:27	3	δὲ	G1161	de	-	-
15:27	4	Ἡ	G3588	Hē	-	-
15:27	5	εἶπεν	G2036	eipen	she said	she said
15:27	6	γὰρ	G1063	gar	-	-
15:27	7	καὶ	G2532	kai	even	even
15:27	8	τὰ	G3588	ta	the	the
15:27	9	κυνάρια	G2952	kynaria	dogs	dogs
15:27	10	ἐσθίει	G2068	esthiei	eat	eat
15:27	11	ἀπὸ	G575	apo	-	-
15:27	12	τῶν	G3588	tōn	the	the
15:27	13	ψιχίων	G5589	psichiōn	crumbs	crumbs
15:27	14	τῶν	G3588	tōn	-	-
15:27	15	πιπτόντων	G4098	piptontōn	that fall	that fall
15:27	16	ἀπὸ	G575	apo	from	from
15:27	17	αὐτῶν	G846	autōn	their	their
15:27	18	τῶν	G3588	tōn	-	-
15:27	19	κυρίων	G2962	kyriōn	master’s	master’s
15:27	20	τῆς	G3588	tēs	-	-
15:27	21	τραπέζης	G5132	trapezēs	table	table
15:28	1	Ὦ	G5599	Ō	O	O
15:28	2	γύναι	G1135	gynai	woman	woman
15:28	3	Τότε	G5119	Tote	-	-
15:28	4	ὁ	G3588	ho	-	-
15:28	5	Ἰησοῦς	G2424	Iēsous	Jesus	Jesus
15:28	6	ἀποκριθεὶς	G611	apokritheis	answered	answered
15:28	7	εἶπεν	G2036	eipen	. . .	. . .
15:28	8	αὐτῇ	G846	autē	. . .	. . .
15:28	9	σου	G4771	sou	your	your
15:28	10	ἡ	G3588	hē	-	-
15:28	11	πίστις	G4102	pistis	faith	faith
15:28	12	μεγάλη	G3173	megalē	is great	is great
15:28	13	γενηθήτω	G1096	genēthētō	Let it be done	Let it be done
15:28	14	σοι	G4771	soi	for you	for you
15:28	15	ὡς	G5613	hōs	as	as
15:28	16	θέλεις	G2309	theleis	you desire	you desire
15:28	17	καὶ	G2532	kai	And	And
15:28	18	αὐτῆς	G846	autēs	her	her
15:28	19	ἡ	G3588	hē	-	-
15:28	20	θυγάτηρ	G2364	thygatēr	daughter	daughter
15:28	21	ἰάθη	G2390	iathē	was healed	was healed
15:28	22	ἀπὸ	G575	apo	from	from
15:28	23	τῆς	G3588	tēs	that	that
15:28	24	ἐκείνης	G1565	ekeinēs	very	very
15:28	25	ὥρας	G5610	hōras	hour	hour
15:29	1	Καὶ	G2532	Kai	-	-
15:29	2	μεταβὰς	G3327	metabas	Moving on	Moving on
15:29	3	ἐκεῖθεν	G1564	ekeithen	from there	from there
15:29	4	ὁ	G3588	ho	-	-
15:29	5	Ἰησοῦς	G2424	Iēsous	Jesus	Jesus
15:29	6	ἦλθεν	G2064	ēlthen	went	went
15:29	7	παρὰ	G3844	para	along	along
15:29	8	τὴν	G3588	tēn	the	the
15:29	9	θάλασσαν	G2281	thalassan	Sea	Sea
15:29	10	τῆς	G3588	tēs	-	-
15:29	11	Γαλιλαίας	G1056	Galilaias	of Galilee	of Galilee
15:29	12	καὶ	G2532	kai	Then	Then
15:29	13	ἀναβὰς	G305	anabas	He went up	He went up
15:29	14	εἰς	G1519	eis	on	on
15:29	15	τὸ	G3588	to	-	-
15:29	16	ὄρος	G3735	oros	a mountain	a mountain
15:29	17	ἐκάθητο	G2521	ekathēto	[and] sat	[and] sat
15:29	18	ἐκεῖ	G1563	ekei	down	down
15:30	1	καὶ	G2532	kai	-	-
15:30	2	πολλοὶ	G4183	polloi	Large	Large
15:30	3	ὄχλοι	G3793	ochloi	crowds	crowds
15:30	4	προσῆλθον	G4334	prosēlthon	came	came
15:30	5	αὐτῷ	G846	autō	to Him	to Him
15:30	6	ἔχοντες	G2192	echontes	bringing	bringing
15:30	7	μεθ’	G3326	meth’	. . .	. . .
15:30	8	ἑαυτῶν	G1438	heautōn	. . .	. . .
15:30	9	χωλούς	G5560	chōlous	[the] lame	[the] lame
15:30	10	τυφλούς	G5185	typhlous	[the] blind	[the] blind
15:30	11	κυλλούς	G2948	kyllous	[the] crippled	[the] crippled
15:30	12	κωφούς	G2974	kōphous	[the] mute	[the] mute
15:30	13	καὶ	G2532	kai	and	and
15:30	14	πολλούς	G4183	pollous	many	many
15:30	15	ἑτέρους	G2087	heterous	others	others
15:30	16	καὶ	G2532	kai	and	and
15:30	17	ἔρριψαν	G4496	erripsan	laid	laid
15:30	18	αὐτοὺς	G846	autous	them	them
15:30	19	παρὰ	G3844	para	at	at
15:30	20	αὐτοῦ	G846	autou	His	His
15:30	21	τοὺς	G3588	tous	-	-
15:30	22	πόδας	G4228	podas	feet	feet
15:30	23	καὶ	G2532	kai	and	and
15:30	24	ἐθεράπευσεν	G2323	etherapeusen	He healed	He healed
15:30	25	αὐτούς	G846	autous	them	them
15:31	1	ὥστε	G5620	hōste	-	-
15:31	2	τὸν	G3588	ton	The	The
15:31	3	ὄχλον	G3793	ochlon	crowd	crowd
15:31	4	θαυμάσαι	G2296	thaumasai	was amazed	was amazed
15:31	5	βλέποντας	G991	blepontas	when they saw	when they saw
15:31	6	κωφοὺς	G2974	kōphous	[the] mute	[the] mute
15:31	7	λαλοῦντας	G2980	lalountas	speaking	speaking
15:31	8	κυλλοὺς	G2948	kyllous	[the] crippled	[the] crippled
15:31	9	ὑγιεῖς	G5199	hygieis	restored	restored
15:31	10	καὶ	G2532	kai	-	-
15:31	11	χωλοὺς	G5560	chōlous	[the] lame	[the] lame
15:31	12	περιπατοῦντας	G4043	peripatountas	walking	walking
15:31	13	καὶ	G2532	kai	and	and
15:31	14	τυφλοὺς	G5185	typhlous	[the] blind	[the] blind
15:31	15	βλέποντας	G991	blepontas	seeing	seeing
15:31	16	καὶ	G2532	kai	And	And
15:31	17	ἐδόξασαν	G1392	edoxasan	they glorified	they glorified
15:31	18	τὸν	G3588	ton	the	the
15:31	19	Θεὸν	G2316	Theon	God	God
15:31	20	Ἰσραήλ	G2474	Israēl	of Israel	of Israel
15:32	1	δὲ	G1161	de	Then	Then
15:32	2	Ὁ	G3588	Ho	-	-
15:32	3	Ἰησοῦς	G2424	Iēsous	Jesus	Jesus
15:32	4	προσκαλεσάμενος	G4341	proskalesamenos	called	called
15:32	5	αὐτοῦ	G846	autou	His	His
15:32	6	τοὺς	G3588	tous	-	-
15:32	7	μαθητὰς	G3101	mathētas	disciples [to Him]	disciples [to Him]
15:32	8	εἶπεν	G2036	eipen	[and] said	[and] said
15:32	9	Σπλαγχνίζομαι	G4697	Splanchnizomai	I have compassion	I have compassion
15:32	10	ἐπὶ	G1909	epi	for	for
15:32	11	τὸν	G3588	ton	[this]	[this]
15:32	12	ὄχλον	G3793	ochlon	crowd	crowd
15:32	13	ὅτι	G3754	hoti	because	because
15:32	14	προσμένουσίν	G4357	prosmenousin	they have already been	they have already been
15:32	15	ἤδη	G2235	ēdē	. . .	. . .
15:32	16	μοι	G1473	moi	with Me	with Me
15:32	17	τρεῖς	G5140	treis	three	three
15:32	18	ἡμέραι	G2250	hēmerai	days	days
15:32	19	καὶ	G2532	kai	and	and
15:32	20	ἔχουσιν	G2192	echousin	have	have
15:32	21	οὐκ	G3756	ouk	nothing	nothing
15:32	22	τί	G5101	ti	-	-
15:32	23	φάγωσιν	G5315	phagōsin	to eat	to eat
15:32	24	καὶ	G2532	kai	-	-
15:32	25	οὐ	G3756	ou	vvv	vvv
15:32	26	θέλω	G2309	thelō	I do not want	I do not want
15:32	27	ἀπολῦσαι	G630	apolysai	to send them away	to send them away
15:32	28	αὐτοὺς	G846	autous	. . .	. . .
15:32	29	νήστεις	G3523	nēsteis	hungry	hungry
15:32	30	μή‿	G3361	mē	vvv	vvv
15:32	31	ποτε	G4219	pote	or	or
15:32	32	ἐκλυθῶσιν	G1590	eklythōsin	they may faint	they may faint
15:32	33	ἐν	G1722	en	along	along
15:32	34	τῇ	G3588	tē	the	the
15:32	35	ὁδῷ	G3598	hodō	way	way
15:33	1	Καὶ	G2532	Kai	-	-
15:33	2	οἱ	G3588	hoi	The	The
15:33	3	μαθηταί	G3101	mathētai	disciples	disciples
15:33	4	λέγουσιν	G3004	legousin	replied	replied
15:33	5	αὐτῷ	G846	autō	-	-
15:33	6	Πόθεν	G4159	Pothen	Where	Where
15:33	7	ἐν	G1722	en	in	in
15:33	8	ἐρημίᾳ	G2047	erēmia	this desolate place	this desolate place
15:33	9	ἡμῖν	G1473	hēmin	could we [find]	could we [find]
15:33	10	τοσοῦτοι	G5118	tosoutoi	enough	enough
15:33	11	ἄρτοι	G740	artoi	bread	bread
15:33	12	ὥστε	G5620	hōste	vvv	vvv
15:33	13	χορτάσαι	G5526	chortasai	to feed	to feed
15:33	14	τοσοῦτον	G5118	tosouton	such a large	such a large
15:33	15	ὄχλον	G3793	ochlon	crowd	crowd
15:34	1	Πόσους	G4214	Posous	How many	How many
15:34	2	ἄρτους	G740	artous	loaves	loaves
15:34	3	ἔχετε	G2192	echete	do you have	do you have
15:34	4	Καὶ	G2532	Kai	-	-
15:34	5	ὁ	G3588	ho	-	-
15:34	6	Ἰησοῦς	G2424	Iēsous	Jesus	Jesus
15:34	7	λέγει	G3004	legei	asked	asked
15:34	8	αὐτοῖς	G846	autois	-	-
15:34	9	Ἑπτά	G2033	Hepta	Seven	Seven
15:34	10	δὲ	G1161	de	-	-
15:34	11	Οἱ	G3588	Hoi	-	-
15:34	12	εἶπαν	G2036	eipan	they replied	they replied
15:34	13	καὶ	G2532	kai	and	and
15:34	14	ὀλίγα	G3641	oliga	a few	a few
15:34	15	ἰχθύδια	G2485	ichthydia	small fish	small fish
15:35	1	Καὶ	G2532	Kai	And	And
15:35	2	παραγγείλας	G3853	parangeilas	He instructed	He instructed
15:35	3	τῷ	G3588	tō	the	the
15:35	4	ὄχλῳ	G3793	ochlō	crowd	crowd
15:35	5	ἀναπεσεῖν	G377	anapesein	to sit down	to sit down
15:35	6	ἐπὶ	G1909	epi	on	on
15:35	7	τὴν	G3588	tēn	the	the
15:35	8	γῆν	G1093	gēn	ground	ground
15:36	1	ἔλαβεν	G2983	elaben	Taking	Taking
15:36	2	τοὺς	G3588	tous	the	the
15:36	3	ἑπτὰ	G2033	hepta	seven	seven
15:36	4	ἄρτους	G740	artous	loaves	loaves
15:36	5	καὶ	G2532	kai	and	and
15:36	6	τοὺς	G3588	tous	the	the
15:36	7	ἰχθύας	G2486	ichthyas	fish	fish
15:36	8	καὶ	G2532	kai	-	-
15:36	9	εὐχαριστήσας	G2168	eucharistēsas	He gave thanks	He gave thanks
15:36	10	ἔκλασεν	G2806	eklasen	[and] broke [them]	[and] broke [them]
15:36	11	καὶ	G2532	kai	Then	Then
15:36	12	ἐδίδου	G1325	edidou	He gave [them]	He gave [them]
15:36	13	τοῖς	G3588	tois	to	to
15:36	14	μαθηταῖς	G3101	mathētais	[the] disciples	[the] disciples
15:36	15	δὲ	G1161	de	and	and
15:36	16	οἱ	G3588	hoi	the	the
15:36	17	μαθηταὶ	G3101	mathētai	disciples	disciples
15:36	18	τοῖς	G3588	tois	[gave them] to the	[gave them] to the
15:36	19	ὄχλοις	G3793	ochlois	people	people
15:37	1	Καὶ	G2532	Kai	-	-
15:37	2	πάντες	G3956	pantes	They all	They all
15:37	3	ἔφαγον	G5315	ephagon	ate	ate
15:37	4	καὶ	G2532	kai	and	and
15:37	5	ἐχορτάσθησαν	G5526	echortasthēsan	were satisfied	were satisfied
15:37	6	καὶ	G2532	kai	and	and
15:37	7	ἦραν	G142	ēran	[the disciples] picked up	[the disciples] picked up
15:37	8	ἑπτὰ	G2033	hepta	seven	seven
15:37	9	σπυρίδας	G4711	spyridas	basketfuls	basketfuls
15:37	10	πλήρεις	G4134	plēreis	. . .	. . .
15:37	11	τῶν	G3588	tōn	-	-
15:37	12	κλασμάτων	G2801	klasmatōn	of broken pieces	of broken pieces
15:37	13	τὸ	G3588	to	that	that
15:37	14	περισσεῦον	G4052	perisseuon	were left over	were left over
15:38	1	οἱ	G3588	hoi	A total of	A total of
15:38	2	δὲ	G1161	de	. . .	. . .
15:38	3	τετρακισχίλιοι	G5070	tetrakischilioi	four thousand	four thousand
15:38	4	ἄνδρες	G435	andres	men	men
15:38	5	ἦσαν	G1510	ēsan	were	were
15:38	6	ἐσθίοντες	G2068	esthiontes	fed	fed
15:38	7	χωρὶς	G5565	chōris	besides	besides
15:38	8	γυναικῶν	G1135	gynaikōn	women	women
15:38	9	καὶ	G2532	kai	and	and
15:38	10	παιδίων	G3813	paidiōn	children	children
15:39	1	Καὶ	G2532	Kai	After	After
15:39	2	ἀπολύσας	G630	apolysas	[Jesus] had dismissed	[Jesus] had dismissed
15:39	3	τοὺς	G3588	tous	the	the
15:39	4	ὄχλους	G3793	ochlous	crowds	crowds
15:39	5	ἐνέβη	G1684	enebē	He got into	He got into
15:39	6	εἰς	G1519	eis	. . .	. . .
15:39	7	τὸ	G3588	to	the	the
15:39	8	πλοῖον	G4143	ploion	boat	boat
15:39	9	καὶ	G2532	kai	and	and
15:39	10	ἦλθεν	G2064	ēlthen	went	went
15:39	11	εἰς	G1519	eis	to	to
15:39	12	τὰ	G3588	ta	the	the
15:39	13	ὅρια	G3725	horia	region	region
15:39	14	Μαγαδάν	G3093	Magadan	of Magadan	of Magadan
16:1	1	Καὶ	G2532	Kai	Then	Then
16:1	2	οἱ	G3588	hoi	the	the
16:1	3	Φαρισαῖοι	G5330	Pharisaioi	Pharisees	Pharisees
16:1	4	καὶ	G2532	kai	and	and
16:1	5	Σαδδουκαῖοι	G4523	Saddoukaioi	Sadducees	Sadducees
16:1	6	προσελθόντες	G4334	proselthontes	came	came
16:1	7	πειράζοντες	G3985	peirazontes	[and] tested [Jesus]	[and] tested [Jesus]
16:1	8	ἐπηρώτησαν	G1905	epērōtēsan	by asking	by asking
16:1	9	αὐτὸν	G846	auton	Him	Him
16:1	10	ἐπιδεῖξαι	G1925	epideixai	to show	to show
16:1	11	αὐτοῖς	G846	autois	them	them
16:1	12	σημεῖον	G4592	sēmeion	a sign	a sign
16:1	13	ἐκ	G1537	ek	from	from
16:1	14	τοῦ	G3588	tou	-	-
16:1	15	οὐρανοῦ	G3772	ouranou	heaven	heaven
16:2	1	δὲ	G1161	de	But	But
16:2	2	Ὁ	G3588	Ho	-	-
16:2	3	ἀποκριθεὶς	G611	apokritheis	He replied	He replied
16:2	4	εἶπεν	G2036	eipen	. . .	. . .
16:2	5	αὐτοῖς	G846	autois	. . .	. . .
16:2	6	Ὀψίας	G3798	Opsias	When evening	When evening
16:2	7	γενομένης	G1096	genomenēs	comes	comes
16:2	8	λέγετε	G3004	legete	you say	you say
16:2	9	Εὐδία	G2105	Eudia	The weather [will be] fair	The weather [will be] fair
16:2	10	γὰρ	G1063	gar	for	for
16:2	11	ὁ	G3588	ho	the	the
16:2	12	οὐρανός	G3772	ouranos	sky	sky
16:2	13	πυρράζει	G4449	pyrrazei	is red	is red
16:3	1	καὶ	G2532	kai	and	and
16:3	2	πρωΐ	G4404	prōi	in the morning	in the morning
16:3	3	Σήμερον	G4594	Sēmeron	Today	Today
16:3	4	χειμών	G5494	cheimōn	[it will be] stormy	[it will be] stormy
16:3	5	γὰρ	G1063	gar	for	for
16:3	6	ὁ	G3588	ho	the	the
16:3	7	οὐρανός	G3772	ouranos	sky	sky
16:3	8	πυρράζει	G4449	pyrrazei	is red	is red
16:3	9	στυγνάζων	G4768	stygnazōn	[and] overcast	[and] overcast
16:3	10	μὲν	G3303	men	-	-
16:3	11	γινώσκετε	G1097	ginōskete	You know [how]	You know [how]
16:3	12	διακρίνειν	G1252	diakrinein	to interpret	to interpret
16:3	13	τὸ	G3588	to	the	the
16:3	14	πρόσωπον	G4383	prosōpon	appearance	appearance
16:3	15	τοῦ	G3588	tou	of the	of the
16:3	16	οὐρανοῦ	G3772	ouranou	sky	sky
16:3	17	δὲ	G1161	de	but	but
16:3	18	οὐ	G3756	ou	not	not
16:3	19	δύνασθε	G1410	dynasthe	-	-
16:3	20	τὰ	G3588	ta	the	the
16:3	21	σημεῖα	G4592	sēmeia	signs	signs
16:3	22	τῶν	G3588	tōn	of the	of the
16:3	23	καιρῶν	G2540	kairōn	times	times
16:4	1	πονηρὰ	G4190	ponēra	[A] wicked	[A] wicked
16:4	2	καὶ	G2532	kai	and	and
16:4	3	μοιχαλὶς	G3428	moichalis	adulterous	adulterous
16:4	4	γενεὰ	G1074	genea	generation	generation
16:4	5	ἐπιζητεῖ	G1934	epizētei	demands	demands
16:4	6	σημεῖον	G4592	sēmeion	a sign	a sign
16:4	7	καὶ	G2532	kai	but	but
16:4	8	σημεῖον	G4592	sēmeion	vvv	vvv
16:4	9	οὐ	G3756	ou	none	none
16:4	10	δοθήσεται	G1325	dothēsetai	will be given	will be given
16:4	11	αὐτῇ	G846	autē	it	it
16:4	12	εἰ	G1487	ei	except	except
16:4	13	μὴ	G3361	mē	. . .	. . .
16:4	14	τὸ	G3588	to	the	the
16:4	15	σημεῖον	G4592	sēmeion	sign	sign
16:4	16	Ἰωνᾶ	G2495	Iōna	of Jonah	of Jonah
16:4	17	καὶ	G2532	kai	Then	Then
16:4	18	καταλιπὼν	G2641	katalipōn	He left	He left
16:4	19	αὐτοὺς	G846	autous	them	them
16:4	20	ἀπῆλθεν	G565	apēlthen	[and] went away	[and] went away
16:5	1	Καὶ	G2532	Kai	When	When
16:5	2	ἐλθόντες	G2064	elthontes	they crossed	they crossed
16:5	3	εἰς	G1519	eis	to	to
16:5	4	τὸ	G3588	to	the	the
16:5	5	πέραν	G4008	peran	other side	other side
16:5	6	οἱ	G3588	hoi	the	the
16:5	7	μαθηταὶ	G3101	mathētai	disciples	disciples
16:5	8	ἐπελάθοντο	G1950	epelathonto	forgot	forgot
16:5	9	λαβεῖν	G2983	labein	to take	to take
16:5	10	ἄρτους	G740	artous	bread	bread
16:6	1	Ὁρᾶτε	G3708	Horate	Watch out	Watch out
16:6	2	δὲ	G1161	de	-	-
16:6	3	ὁ	G3588	ho	-	-
16:6	4	Ἰησοῦς	G2424	Iēsous	Jesus	Jesus
16:6	5	εἶπεν	G2036	eipen	told	told
16:6	6	αὐτοῖς	G846	autois	them	them
16:6	7	καὶ	G2532	kai	-	-
16:6	8	προσέχετε	G4337	prosechete	Beware	Beware
16:6	9	ἀπὸ	G575	apo	of	of
16:6	10	τῆς	G3588	tēs	the	the
16:6	11	ζύμης	G2219	zymēs	leaven	leaven
16:6	12	τῶν	G3588	tōn	of the	of the
16:6	13	Φαρισαίων	G5330	Pharisaiōn	Pharisees	Pharisees
16:6	14	καὶ	G2532	kai	and	and
16:6	15	Σαδδουκαίων	G4523	Saddoukaiōn	Sadducees	Sadducees
16:7	1	δὲ	G1161	de	-	-
16:7	2	Οἱ	G3588	Hoi	-	-
16:7	3	διελογίζοντο	G1260	dielogizonto	They discussed this	They discussed this
16:7	4	ἐν	G1722	en	among	among
16:7	5	ἑαυτοῖς	G1438	heautois	themselves	themselves
16:7	6	λέγοντες	G3004	legontes	[and] concluded	[and] concluded
16:7	7	Ὅτι	G3754	Hoti	[It is] because	[It is] because
16:7	8	οὐκ	G3756	ouk	vvv	vvv
16:7	9	ἐλάβομεν	G2983	elabomen	we did not bring	we did not bring
16:7	10	Ἄρτους	G740	Artous	[any] bread	[any] bread
16:8	1	δὲ	G1161	de	-	-
16:8	2	Γνοὺς	G1097	Gnous	Aware [of their conversation]	Aware [of their conversation]
16:8	3	ὁ	G3588	ho	-	-
16:8	4	Ἰησοῦς	G2424	Iēsous	Jesus	Jesus
16:8	5	εἶπεν	G2036	eipen	said	said
16:8	6	ὀλιγόπιστοι	G3640	oligopistoi	[You] of little faith	[You] of little faith
16:8	7	Τί	G5101	Ti	why	why
16:8	8	διαλογίζεσθε	G1260	dialogizesthe	are you debating	are you debating
16:8	9	ἐν	G1722	en	among	among
16:8	10	ἑαυτοῖς	G1438	heautois	yourselves	yourselves
16:8	11	ὅτι	G3754	hoti	about	about
16:8	12	ἔχετε	G2192	echete	having	having
16:8	13	οὐκ	G3756	ouk	no	no
16:8	14	ἄρτους	G740	artous	bread	bread
16:9	1	οὔπω	G3768	oupō	vvv	vvv
16:9	2	νοεῖτε	G3539	noeite	Do you still not understand	Do you still not understand
16:9	3	οὐδὲ	G3761	oude	vvv	vvv
16:9	4	μνημονεύετε	G3421	mnēmoneuete	Do you not remember	Do you not remember
16:9	5	τοὺς	G3588	tous	the	the
16:9	6	πέντε	G4002	pente	five	five
16:9	7	ἄρτους	G740	artous	loaves	loaves
16:9	8	τῶν	G3588	tōn	for the	for the
16:9	9	πεντακισχιλίων	G4000	pentakischiliōn	five thousand	five thousand
16:9	10	καὶ	G2532	kai	and	and
16:9	11	πόσους	G4214	posous	how many	how many
16:9	12	κοφίνους	G2894	kophinous	basketfuls	basketfuls
16:9	13	ἐλάβετε	G2983	elabete	you gathered	you gathered
16:10	1	οὐδὲ	G3761	oude	[Or]	[Or]
16:10	2	τοὺς	G3588	tous	the	the
16:10	3	ἑπτὰ	G2033	hepta	seven	seven
16:10	4	ἄρτους	G740	artous	loaves	loaves
16:10	5	τῶν	G3588	tōn	for the	for the
16:10	6	τετρακισχιλίων	G5070	tetrakischiliōn	four thousand	four thousand
16:10	7	καὶ	G2532	kai	and	and
16:10	8	πόσας	G4214	posas	how many	how many
16:10	9	σπυρίδας	G4711	spyridas	basketfuls	basketfuls
16:10	10	ἐλάβετε	G2983	elabete	you gathered	you gathered
16:11	1	πῶς	G4459	pōs	How	How
16:11	2	οὐ	G3756	ou	vvv	vvv
16:11	3	νοεῖτε	G3539	noeite	do you not understand	do you not understand
16:11	4	ὅτι	G3754	hoti	that	that
16:11	5	οὐ	G3756	ou	vvv	vvv
16:11	6	εἶπον	G2036	eipon	I was not telling you	I was not telling you
16:11	7	ὑμῖν	G4771	hymin	. . .	. . .
16:11	8	περὶ	G4012	peri	about	about
16:11	9	ἄρτων	G740	artōn	bread	bread
16:11	10	δὲ	G1161	de	But	But
16:11	11	προσέχετε	G4337	prosechete	beware	beware
16:11	12	ἀπὸ	G575	apo	of	of
16:11	13	τῆς	G3588	tēs	the	the
16:11	14	ζύμης	G2219	zymēs	leaven	leaven
16:11	15	τῶν	G3588	tōn	of the	of the
16:11	16	Φαρισαίων	G5330	Pharisaiōn	Pharisees	Pharisees
16:11	17	καὶ	G2532	kai	and	and
16:11	18	Σαδδουκαίων	G4523	Saddoukaiōn	Sadducees	Sadducees
16:12	1	Τότε	G5119	Tote	Then	Then
16:12	2	συνῆκαν	G4920	synēkan	they understood	they understood
16:12	3	ὅτι	G3754	hoti	that	that
16:12	4	οὐκ	G3756	ouk	vvv	vvv
16:12	5	εἶπεν	G2036	eipen	He was not telling [them]	He was not telling [them]
16:12	6	προσέχειν	G4337	prosechein	to beware	to beware
16:12	7	ἀπὸ	G575	apo	of	of
16:12	8	τῆς	G3588	tēs	the	the
16:12	9	ζύμης	G2219	zymēs	leaven	leaven
16:12	10	τῶν	G3588	tōn	used in	used in
16:12	11	ἄρτων	G740	artōn	bread	bread
16:12	12	ἀλλὰ	G235	alla	but	but
16:12	13	ἀπὸ	G575	apo	of	of
16:12	14	τῆς	G3588	tēs	the	the
16:12	15	διδαχῆς	G1322	didachēs	teaching	teaching
16:12	16	τῶν	G3588	tōn	of the	of the
16:12	17	Φαρισαίων	G5330	Pharisaiōn	Pharisees	Pharisees
16:12	18	καὶ	G2532	kai	and	and
16:12	19	Σαδδουκαίων	G4523	Saddoukaiōn	Sadducees	Sadducees
16:13	1	δὲ	G1161	de	When	When
16:13	2	ὁ	G3588	ho	-	-
16:13	3	Ἰησοῦς	G2424	Iēsous	Jesus	Jesus
16:13	4	Ἐλθὼν	G2064	Elthōn	came	came
16:13	5	εἰς	G1519	eis	to	to
16:13	6	τὰ	G3588	ta	the	the
16:13	7	μέρη	G3313	merē	region	region
16:13	8	Καισαρείας	G2542	Kaisareias	of Caesarea	of Caesarea
16:13	9	τῆς	G3588	tēs	-	-
16:13	10	Φιλίππου	G5376	Philippou	Philippi	Philippi
16:13	11	ἠρώτα	G2065	ērōta	He questioned	He questioned
16:13	12	αὐτοῦ	G846	autou	His	His
16:13	13	τοὺς	G3588	tous	-	-
16:13	14	μαθητὰς	G3101	mathētas	disciples	disciples
16:13	15	λέγων	G3004	legōn	-	-
16:13	16	Τίνα	G5101	Tina	Who	Who
16:13	17	οἱ	G3588	hoi	-	-
16:13	18	ἄνθρωποι	G444	anthrōpoi	{do} people	{do} people
16:13	19	λέγουσιν	G3004	legousin	say	say
16:13	20	τὸν	G3588	ton	the	the
16:13	21	Υἱὸν	G5207	Huion	Son	Son
16:13	22	τοῦ	G3588	tou	of	of
16:13	23	ἀνθρώπου	G444	anthrōpou	Man	Man
16:13	24	εἶναι	G1510	einai	is	is
16:14	1	δὲ	G1161	de	-	-
16:14	2	Οἱ	G3588	Hoi	-	-
16:14	3	εἶπαν	G2036	eipan	They replied	They replied
16:14	4	Οἱ	G3588	Hoi	Some	Some
16:14	5	μὲν	G3303	men	[say]	[say]
16:14	6	Ἰωάννην	G2491	Iōannēn	John	John
16:14	7	τὸν	G3588	ton	the	the
16:14	8	Βαπτιστήν	G910	Baptistēn	Baptist	Baptist
16:14	9	δὲ	G1161	de	-	-
16:14	10	ἄλλοι	G243	alloi	others [say]	others [say]
16:14	11	Ἠλίαν	G2243	Ēlian	Elijah	Elijah
16:14	12	δὲ	G1161	de	and still	and still
16:14	13	ἕτεροι	G2087	heteroi	others	others
16:14	14	Ἰερεμίαν	G2408	Ieremian	Jeremiah	Jeremiah
16:14	15	ἢ	G2228	ē	or	or
16:14	16	ἕνα	G1520	hena	one	one
16:14	17	τῶν	G3588	tōn	of the	of the
16:14	18	προφητῶν	G4396	prophētōn	prophets	prophets
16:15	1	δὲ	G1161	de	But [what about]	But [what about]
16:15	2	Ὑμεῖς	G4771	Hymeis	you	you
16:15	3	Λέγει	G3004	Legei	[Jesus] asked	[Jesus] asked
16:15	4	αὐτοῖς	G846	autois	-	-
16:15	5	τίνα	G5101	tina	Who	Who
16:15	6	λέγετε	G3004	legete	do you say	do you say
16:15	7	με	G1473	me	I	I
16:15	8	εἶναι	G1510	einai	am	am
16:16	1	δὲ	G1161	de	-	-
16:16	2	Σίμων	G4613	Simōn	Simon	Simon
16:16	3	Πέτρος	G4074	Petros	Peter	Peter
16:16	4	Ἀποκριθεὶς	G611	Apokritheis	answered	answered
16:16	5	εἶπεν	G2036	eipen	-	-
16:16	6	Σὺ	G4771	Sy	You	You
16:16	7	εἶ	G1510	ei	are	are
16:16	8	ὁ	G3588	ho	the	the
16:16	9	Χριστὸς	G5547	Christos	Christ	Christ
16:16	10	ὁ	G3588	ho	the	the
16:16	11	Υἱὸς	G5207	Huios	Son	Son
16:16	12	τοῦ	G3588	tou	of	of
16:16	13	τοῦ	G3588	tou	the	the
16:16	14	ζῶντος	G2198	zōntos	living	living
16:16	15	Θεοῦ	G2316	Theou	God	God
16:17	1	δὲ	G1161	de	-	-
16:17	2	ὁ	G3588	ho	-	-
16:17	3	Ἰησοῦς	G2424	Iēsous	Jesus	Jesus
16:17	4	Ἀποκριθεὶς	G611	Apokritheis	replied	replied
16:17	5	εἶπεν	G2036	eipen	. . .	. . .
16:17	6	αὐτῷ	G846	autō	. . .	. . .
16:17	7	Μακάριος	G3107	Makarios	Blessed	Blessed
16:17	8	εἶ	G1510	ei	are you	are you
16:17	9	Σίμων	G4613	Simōn	Simon	Simon
16:17	10	Βαριωνᾶ	G920	Bariōna	son of Jonah	son of Jonah
16:17	11	ὅτι	G3754	hoti	For [this]	For [this]
16:17	12	οὐκ	G3756	ouk	vvv	vvv
16:17	13	ἀπεκάλυψέν	G601	apekalypsen	was not revealed	was not revealed
16:17	14	σοι	G4771	soi	to you	to you
16:17	15	σὰρξ	G4561	sarx	{by} flesh	{by} flesh
16:17	16	καὶ	G2532	kai	and	and
16:17	17	αἷμα	G129	haima	blood	blood
16:17	18	ἀλλ’	G235	all’	but [by]	but [by]
16:17	19	μου	G1473	mou	My	My
16:17	20	ὁ	G3588	ho	-	-
16:17	21	Πατήρ	G3962	Patēr	Father	Father
16:17	22	ὁ	G3588	ho	-	-
16:17	23	ἐν	G1722	en	in	in
16:17	24	τοῖς	G3588	tois	-	-
16:17	25	οὐρανοῖς	G3772	ouranois	heaven	heaven
16:18	1	δέ	G1161	de	And	And
16:18	2	κἀγὼ	G2504	kagō	I	I
16:18	3	λέγω	G3004	legō	tell	tell
16:18	4	σοι	G4771	soi	you	you
16:18	5	ὅτι	G3754	hoti	that	that
16:18	6	σὺ	G4771	sy	you	you
16:18	7	εἶ	G1510	ei	are	are
16:18	8	Πέτρος	G4074	Petros	Peter	Peter
16:18	9	καὶ	G2532	kai	and	and
16:18	10	ἐπὶ	G1909	epi	on	on
16:18	11	ταύτῃ	G3778	tautē	this	this
16:18	12	τῇ	G3588	tē	-	-
16:18	13	πέτρᾳ	G4073	petra	rock	rock
16:18	14	οἰκοδομήσω	G3618	oikodomēsō	I will build	I will build
16:18	15	μου	G1473	mou	My	My
16:18	16	τὴν	G3588	tēn	-	-
16:18	17	ἐκκλησίαν	G1577	ekklēsian	church	church
16:18	18	καὶ	G2532	kai	and	and
16:18	19	πύλαι	G4439	pylai	[the] gates	[the] gates
16:18	20	ᾅδου	G86	hadou	of Hades	of Hades
16:18	21	οὐ	G3756	ou	vvv	vvv
16:18	22	κατισχύσουσιν	G2729	katischysousin	will not prevail against	will not prevail against
16:18	23	αὐτῆς	G846	autēs	it	it
16:19	1	δώσω	G1325	dōsō	I will give	I will give
16:19	2	σοι	G4771	soi	you	you
16:19	3	τὰς	G3588	tas	the	the
16:19	4	κλεῖδας	G2807	kleidas	keys	keys
16:19	5	τῆς	G3588	tēs	of the	of the
16:19	6	βασιλείας	G932	basileias	kingdom	kingdom
16:19	7	τῶν	G3588	tōn	of	of
16:19	8	οὐρανῶν	G3772	ouranōn	heaven	heaven
16:19	9	καὶ	G2532	kai	-	-
16:19	10	ὃ	G3739	ho	Whatever	Whatever
16:19	11	ἐὰν	G1437	ean	vvv	vvv
16:19	12	δήσῃς	G1210	dēsēs	you bind	you bind
16:19	13	ἐπὶ	G1909	epi	on	on
16:19	14	τῆς	G3588	tēs	-	-
16:19	15	γῆς	G1093	gēs	earth	earth
16:19	16	ἔσται	G1510	estai	will be	will be
16:19	17	δεδεμένον	G1210	dedemenon	bound	bound
16:19	18	ἐν	G1722	en	in	in
16:19	19	τοῖς	G3588	tois	-	-
16:19	20	οὐρανοῖς	G3772	ouranois	heaven	heaven
16:19	21	καὶ	G2532	kai	and	and
16:19	22	ὃ	G3739	ho	whatever	whatever
16:19	23	ἐὰν	G1437	ean	. . .	. . .
16:19	24	λύσῃς	G3089	lysēs	you loose	you loose
16:19	25	ἐπὶ	G1909	epi	on	on
16:19	26	τῆς	G3588	tēs	-	-
16:19	27	γῆς	G1093	gēs	earth	earth
16:19	28	ἔσται	G1510	estai	will be	will be
16:19	29	λελυμένον	G3089	lelymenon	loosed	loosed
16:19	30	ἐν	G1722	en	in	in
16:19	31	τοῖς	G3588	tois	-	-
16:19	32	οὐρανοῖς	G3772	ouranois	heaven	heaven
16:20	1	Τότε	G5119	Tote	Then	Then
16:20	2	διεστείλατο	G1291	diesteilato	He admonished	He admonished
16:20	3	τοῖς	G3588	tois	the	the
16:20	4	μαθηταῖς	G3101	mathētais	disciples	disciples
16:20	5	ἵνα	G2443	hina	-	-
16:20	6	εἴπωσιν	G2036	eipōsin	not to tell anyone	not to tell anyone
16:20	7	μηδενὶ	G3367	mēdeni	. . .	. . .
16:20	8	ὅτι	G3754	hoti	that	that
16:20	9	αὐτός	G846	autos	He	He
16:20	10	ἐστιν	G1510	estin	was	was
16:20	11	ὁ	G3588	ho	the	the
16:20	12	Χριστός	G5547	Christos	Christ	Christ
16:21	1	Ἀπὸ	G575	Apo	From	From
16:21	2	τότε	G5119	tote	that time [on]	that time [on]
16:21	3	ὁ	G3588	ho	-	-
16:21	4	Ἰησοῦς	G2424	Iēsous	Jesus	Jesus
16:21	5	ἤρξατο	G756	ērxato	began	began
16:21	6	δεικνύειν	G1166	deiknyein	to show	to show
16:21	7	αὐτοῦ	G846	autou	His	His
16:21	8	τοῖς	G3588	tois	-	-
16:21	9	μαθηταῖς	G3101	mathētais	disciples	disciples
16:21	10	ὅτι	G3754	hoti	that	that
16:21	11	δεῖ	G1163	dei	He must	He must
16:21	12	αὐτὸν	G846	auton	. . .	. . .
16:21	13	ἀπελθεῖν	G565	apelthein	go	go
16:21	14	εἰς	G1519	eis	to	to
16:21	15	Ἱεροσόλυμα	G2414	Hierosolyma	Jerusalem	Jerusalem
16:21	16	καὶ	G2532	kai	and	and
16:21	17	παθεῖν	G3958	pathein	suffer	suffer
16:21	18	πολλὰ	G4183	polla	many things	many things
16:21	19	ἀπὸ	G575	apo	at the hands of	at the hands of
16:21	20	τῶν	G3588	tōn	the	the
16:21	21	πρεσβυτέρων	G4245	presbyterōn	elders	elders
16:21	22	καὶ	G2532	kai	-	-
16:21	23	ἀρχιερέων	G749	archiereōn	chief priests	chief priests
16:21	24	καὶ	G2532	kai	and	and
16:21	25	γραμματέων	G1122	grammateōn	scribes	scribes
16:21	26	καὶ	G2532	kai	and	and
16:21	27	ἀποκτανθῆναι	G615	apoktanthēnai	that He must be killed	that He must be killed
16:21	28	καὶ	G2532	kai	and	and
16:21	29	τῇ	G3588	tē	on the	on the
16:21	30	τρίτῃ	G5154	tritē	third	third
16:21	31	ἡμέρᾳ	G2250	hēmera	day	day
16:21	32	ἐγερθῆναι	G1453	egerthēnai	be raised to life	be raised to life
16:22	1	Καὶ	G2532	Kai	-	-
16:22	2	ὁ	G3588	ho	-	-
16:22	3	Πέτρος	G4074	Petros	Peter	Peter
16:22	4	προσλαβόμενος	G4355	proslabomenos	took Him aside	took Him aside
16:22	5	αὐτὸν	G846	auton	. . .	. . .
16:22	6	ἤρξατο	G756	ērxato	[and] began	[and] began
16:22	7	ἐπιτιμᾶν	G2008	epitiman	to rebuke	to rebuke
16:22	8	αὐτῷ	G846	autō	Him	Him
16:22	9	Ἵλεώς	G2436	Hileōs	Far be it	Far be it
16:22	10	σοι	G4771	soi	from You	from You
16:22	11	Κύριε	G2962	Kyrie	Lord	Lord
16:22	12	λέγων	G3004	legōn	he said	he said
16:22	13	τοῦτο	G3778	touto	This	This
16:22	14	οὐ	G3756	ou	{shall} never	{shall} never
16:22	15	μὴ	G3361	mē	. . .	. . .
16:22	16	ἔσται	G1510	estai	happen	happen
16:22	17	σοι	G4771	soi	to You	to You
16:23	1	δὲ	G1161	de	But	But
16:23	2	Ὁ	G3588	Ho	-	-
16:23	3	στραφεὶς	G4762	strapheis	[Jesus] turned	[Jesus] turned
16:23	4	εἶπεν	G2036	eipen	[and] said	[and] said
16:23	5	τῷ	G3588	tō	-	-
16:23	6	Πέτρῳ	G4074	Petrō	to Peter	to Peter
16:23	7	Ὕπαγε	G5217	Hypage	Get	Get
16:23	8	ὀπίσω	G3694	opisō	behind	behind
16:23	9	μου	G1473	mou	Me	Me
16:23	10	Σατανᾶ	G4567	Satana	Satan	Satan
16:23	11	εἶ	G1510	ei	You are	You are
16:23	12	σκάνδαλον	G4625	skandalon	a stumbling block	a stumbling block
16:23	13	ἐμοῦ	G1473	emou	to Me	to Me
16:23	14	ὅτι	G3754	hoti	For	For
16:23	15	οὐ	G3756	ou	vvv	vvv
16:23	16	φρονεῖς	G5426	phroneis	you do not have in mind	you do not have in mind
16:23	17	τὰ	G3588	ta	the things	the things
16:23	18	τοῦ	G3588	tou	-	-
16:23	19	Θεοῦ	G2316	Theou	of God	of God
16:23	20	ἀλλὰ	G235	alla	but	but
16:23	21	τὰ	G3588	ta	the	the
16:23	22	τῶν	G3588	tōn	things	things
16:23	23	ἀνθρώπων	G444	anthrōpōn	of men	of men
16:24	1	Τότε	G5119	Tote	Then	Then
16:24	2	ὁ	G3588	ho	-	-
16:24	3	Ἰησοῦς	G2424	Iēsous	Jesus	Jesus
16:24	4	εἶπεν	G2036	eipen	told	told
16:24	5	τοῖς	G3588	tois	. . .	. . .
16:24	6	αὐτοῦ	G846	autou	His	His
16:24	7	μαθηταῖς	G3101	mathētais	disciples	disciples
16:24	8	Εἴ	G1487	Ei	If	If
16:24	9	τις	G5100	tis	anyone	anyone
16:24	10	θέλει	G2309	thelei	wants	wants
16:24	11	ἐλθεῖν	G2064	elthein	to come	to come
16:24	12	ὀπίσω	G3694	opisō	after	after
16:24	13	μου	G1473	mou	Me	Me
16:24	14	ἀπαρνησάσθω	G533	aparnēsasthō	he must deny	he must deny
16:24	15	ἑαυτὸν	G1438	heauton	himself	himself
16:24	16	καὶ	G2532	kai	and	and
16:24	17	ἀράτω	G142	aratō	take up	take up
16:24	18	αὐτοῦ	G846	autou	his	his
16:24	19	τὸν	G3588	ton	-	-
16:24	20	σταυρὸν	G4716	stauron	cross	cross
16:24	21	καὶ	G2532	kai	and	and
16:24	22	ἀκολουθείτω	G190	akoloutheitō	follow	follow
16:24	23	μοι	G1473	moi	Me	Me
16:25	1	γὰρ	G1063	gar	For	For
16:25	2	ὃς	G3739	hos	whoever	whoever
16:25	3	ἐὰν	G1437	ean	vvv	vvv
16:25	4	θέλῃ	G2309	thelē	wants	wants
16:25	5	σῶσαι	G4982	sōsai	to save	to save
16:25	6	αὐτοῦ	G846	autou	his	his
16:25	7	τὴν	G3588	tēn	-	-
16:25	8	ψυχὴν	G5590	psychēn	life	life
16:25	9	ἀπολέσει	G622	apolesei	will lose	will lose
16:25	10	αὐτήν	G846	autēn	it	it
16:25	11	δ’	G1161	d’	but	but
16:25	12	ὃς	G3739	hos	whoever	whoever
16:25	13	ἂν	G302	an	. . .	. . .
16:25	14	ἀπολέσῃ	G622	apolesē	loses	loses
16:25	15	αὐτοῦ	G846	autou	his	his
16:25	16	τὴν	G3588	tēn	-	-
16:25	17	ψυχὴν	G5590	psychēn	life	life
16:25	18	ἕνεκεν	G1752	heneken	for My sake	for My sake
16:25	19	ἐμοῦ	G1473	emou	. . .	. . .
16:25	20	εὑρήσει	G2147	heurēsei	will find	will find
16:25	21	αὐτήν	G846	autēn	it	it
16:26	1	γὰρ	G1063	gar	-	-
16:26	2	τί	G5101	ti	What	What
16:26	3	ὠφεληθήσεται	G5623	ōphelēthēsetai	will it profit	will it profit
16:26	4	ἄνθρωπος	G444	anthrōpos	a man	a man
16:26	5	ἐὰν	G1437	ean	if	if
16:26	6	κερδήσῃ	G2770	kerdēsē	he gains	he gains
16:26	7	τὸν	G3588	ton	the	the
16:26	8	ὅλον	G3650	holon	whole	whole
16:26	9	κόσμον	G2889	kosmon	world	world
16:26	10	δὲ	G1161	de	yet	yet
16:26	11	ζημιωθῇ	G2210	zēmiōthē	forfeits	forfeits
16:26	12	αὐτοῦ	G846	autou	his	his
16:26	13	τὴν	G3588	tēn	-	-
16:26	14	ψυχὴν	G5590	psychēn	soul	soul
16:26	15	ἢ	G2228	ē	Or	Or
16:26	16	τί	G5101	ti	what	what
16:26	17	ἄνθρωπος	G444	anthrōpos	{can} a man	{can} a man
16:26	18	δώσει	G1325	dōsei	give	give
16:26	19	ἀντάλλαγμα	G465	antallagma	in exchange for	in exchange for
16:26	20	αὐτοῦ	G846	autou	his	his
16:26	21	τῆς	G3588	tēs	-	-
16:26	22	ψυχῆς	G5590	psychēs	soul	soul
16:27	1	γὰρ	G1063	gar	For	For
16:27	2	ὁ	G3588	ho	the	the
16:27	3	Υἱὸς	G5207	Huios	Son	Son
16:27	4	τοῦ	G3588	tou	of	of
16:27	5	ἀνθρώπου	G444	anthrōpou	Man	Man
16:27	6	μέλλει	G3195	mellei	will	will
16:27	7	ἔρχεσθαι	G2064	erchesthai	come	come
16:27	8	ἐν	G1722	en	in	in
16:27	9	αὐτοῦ	G846	autou	His	His
16:27	10	τοῦ	G3588	tou	-	-
16:27	11	Πατρὸς	G3962	Patros	Father’s	Father’s
16:27	12	τῇ	G3588	tē	-	-
16:27	13	δόξῃ	G1391	doxē	glory	glory
16:27	14	μετὰ	G3326	meta	with	with
16:27	15	αὐτοῦ	G846	autou	His	His
16:27	16	τῶν	G3588	tōn	-	-
16:27	17	ἀγγέλων	G32	angelōn	angels	angels
16:27	18	καὶ	G2532	kai	and	and
16:27	19	τότε	G5119	tote	then	then
16:27	20	ἀποδώσει	G591	apodōsei	He will repay	He will repay
16:27	21	ἑκάστῳ	G1538	hekastō	each one	each one
16:27	22	κατὰ	G2596	kata	according to	according to
16:27	23	αὐτοῦ	G846	autou	what he	what he
16:27	24	τὴν	G3588	tēn	-	-
16:27	25	πρᾶξιν	G4234	praxin	has done	has done
16:28	1	Ἀμὴν	G281	Amēn	Truly	Truly
16:28	2	λέγω	G3004	legō	I tell	I tell
16:28	3	ὑμῖν	G4771	hymin	you	you
16:28	4	ὅτι	G3754	hoti	-	-
16:28	5	τινες	G5100	tines	some	some
16:28	6	τῶν	G3588	tōn	who	who
16:28	7	εἰσίν	G1510	eisin	are	are
16:28	8	ἑστώτων	G2476	hestōtōn	standing	standing
16:28	9	ὧδε	G5602	hōde	here	here
16:28	10	οἵτινες	G3748	hoitines	-	-
16:28	11	οὐ	G3756	ou	vvv	vvv
16:28	12	μὴ	G3361	mē	vvv	vvv
16:28	13	γεύσωνται	G1089	geusōntai	will not taste	will not taste
16:28	14	θανάτου	G2288	thanatou	death	death
16:28	15	ἕως	G2193	heōs	before	before
16:28	16	ἂν	G302	an	. . .	. . .
16:28	17	ἴδωσιν	G3708	idōsin	they see	they see
16:28	18	τὸν	G3588	ton	the	the
16:28	19	Υἱὸν	G5207	Huion	Son	Son
16:28	20	τοῦ	G3588	tou	-	-
16:28	21	ἀνθρώπου	G444	anthrōpou	of Man	of Man
16:28	22	ἐρχόμενον	G2064	erchomenon	coming	coming
16:28	23	ἐν	G1722	en	in	in
16:28	24	αὐτοῦ	G846	autou	His	His
16:28	25	τῇ	G3588	tē	-	-
16:28	26	βασιλείᾳ	G932	basileia	kingdom	kingdom
17:1	1	Καὶ	G2532	Kai	-	-
17:1	2	μεθ’	G3326	meth’	After	After
17:1	3	ἓξ	G1803	hex	six	six
17:1	4	ἡμέρας	G2250	hēmeras	days	days
17:1	5	ὁ	G3588	ho	-	-
17:1	6	Ἰησοῦς	G2424	Iēsous	Jesus	Jesus
17:1	7	παραλαμβάνει	G3880	paralambanei	took with [Him]	took with [Him]
17:1	8	τὸν	G3588	ton	-	-
17:1	9	Πέτρον	G4074	Petron	Peter	Peter
17:1	10	καὶ	G2532	kai	-	-
17:1	11	Ἰάκωβον	G2385	Iakōbon	James	James
17:1	12	καὶ	G2532	kai	and	and
17:1	13	Ἰωάννην	G2491	Iōannēn	John	John
17:1	14	τὸν	G3588	ton	the	the
17:1	15	ἀδελφὸν	G80	adelphon	brother	brother
17:1	16	αὐτοῦ	G846	autou	of [James]	of [James]
17:1	17	καὶ	G2532	kai	and	and
17:1	18	ἀναφέρει	G399	anapherei	led them up	led them up
17:1	19	αὐτοὺς	G846	autous	. . .	. . .
17:1	20	εἰς	G1519	eis	. . .	. . .
17:1	21	ὑψηλὸν	G5308	hypsēlon	a high	a high
17:1	22	ὄρος	G3735	oros	mountain	mountain
17:1	23	κατ’	G2596	kat’	by	by
17:1	24	ἰδίαν	G2398	idian	themselves	themselves
17:2	1	καὶ	G2532	kai	[There]	[There]
17:2	2	μετεμορφώθη	G3339	metemorphōthē	He was transfigured	He was transfigured
17:2	3	ἔμπροσθεν	G1715	emprosthen	before	before
17:2	4	αὐτῶν	G846	autōn	them	them
17:2	5	καὶ	G2532	kai	-	-
17:2	6	αὐτοῦ	G846	autou	His	His
17:2	7	τὸ	G3588	to	-	-
17:2	8	πρόσωπον	G4383	prosōpon	face	face
17:2	9	ἔλαμψεν	G2989	elampsen	shone	shone
17:2	10	ὡς	G5613	hōs	like	like
17:2	11	ὁ	G3588	ho	the	the
17:2	12	ἥλιος	G2246	hēlios	sun	sun
17:2	13	δὲ	G1161	de	and	and
17:2	14	αὐτοῦ	G846	autou	His	His
17:2	15	τὰ	G3588	ta	-	-
17:2	16	ἱμάτια	G2440	himatia	clothes	clothes
17:2	17	ἐγένετο	G1096	egeneto	became	became
17:2	18	λευκὰ	G3022	leuka	as white	as white
17:2	19	ὡς	G5613	hōs	as	as
17:2	20	τὸ	G3588	to	the	the
17:2	21	φῶς	G5457	phōs	light	light
17:3	1	Καὶ	G2532	Kai	Suddenly	Suddenly
17:3	2	ἰδοὺ	G2400	idou	. . .	. . .
17:3	3	Μωϋσῆς	G3475	Mōusēs	Moses	Moses
17:3	4	καὶ	G2532	kai	and	and
17:3	5	Ἠλίας	G2243	Ēlias	Elijah	Elijah
17:3	6	ὤφθη	G3708	ōphthē	appeared	appeared
17:3	7	αὐτοῖς	G846	autois	before them	before them
17:3	8	συλλαλοῦντες	G4814	syllalountes	talking	talking
17:3	9	μετ’	G3326	met’	with	with
17:3	10	αὐτοῦ	G846	autou	[Jesus]	[Jesus]
17:4	1	δὲ	G1161	de	-	-
17:4	2	ὁ	G3588	ho	-	-
17:4	3	Πέτρος	G4074	Petros	Peter	Peter
17:4	4	ἀποκριθεὶς	G611	apokritheis	vvv	vvv
17:4	5	εἶπεν	G2036	eipen	said	said
17:4	6	τῷ	G3588	tō	-	-
17:4	7	Ἰησοῦ	G2424	Iēsou	to Jesus	to Jesus
17:4	8	Κύριε	G2962	Kyrie	Lord	Lord
17:4	9	ἐστιν	G1510	estin	it is	it is
17:4	10	καλόν	G2570	kalon	good	good
17:4	11	ἡμᾶς	G1473	hēmas	for us	for us
17:4	12	εἶναι	G1510	einai	to be	to be
17:4	13	ὧδε	G5602	hōde	here	here
17:4	14	εἰ	G1487	ei	If	If
17:4	15	θέλεις	G2309	theleis	You wish	You wish
17:4	16	ποιήσω	G4160	poiēsō	I will put up	I will put up
17:4	17	τρεῖς	G5140	treis	three	three
17:4	18	σκηνάς	G4633	skēnas	shelters	shelters
17:4	19	ὧδε	G5602	hōde	-	-
17:4	20	μίαν	G1520	mian	one	one
17:4	21	σοὶ	G4771	soi	for You	for You
17:4	22	καὶ	G2532	kai	-	-
17:4	23	μίαν	G1520	mian	one	one
17:4	24	Μωϋσεῖ	G3475	Mōusei	for Moses	for Moses
17:4	25	καὶ	G2532	kai	and	and
17:4	26	μίαν	G1520	mian	one	one
17:4	27	Ἠλίᾳ	G2243	Ēlia	for Elijah	for Elijah
17:5	1	Ἔτι	G2089	Eti	While	While
17:5	2	αὐτοῦ	G846	autou	[Peter]	[Peter]
17:5	3	λαλοῦντος	G2980	lalountos	was {still} speaking	was {still} speaking
17:5	4	ἰδοὺ	G2400	idou	-	-
17:5	5	φωτεινὴ	G5460	phōteinē	a bright	a bright
17:5	6	νεφέλη	G3507	nephelē	cloud	cloud
17:5	7	ἐπεσκίασεν	G1982	epeskiasen	enveloped	enveloped
17:5	8	αὐτούς	G846	autous	them	them
17:5	9	καὶ	G2532	kai	and	and
17:5	10	ἰδοὺ	G2400	idou	-	-
17:5	11	φωνὴ	G5456	phōnē	a voice	a voice
17:5	12	ἐκ	G1537	ek	from	from
17:5	13	τῆς	G3588	tēs	the	the
17:5	14	νεφέλης	G3507	nephelēs	cloud	cloud
17:5	15	λέγουσα	G3004	legousa	said	said
17:5	16	Οὗτός	G3778	Houtos	This	This
17:5	17	ἐστιν	G1510	estin	is	is
17:5	18	μου	G1473	mou	My	My
17:5	19	ὁ	G3588	ho	-	-
17:5	20	ἀγαπητός	G27	agapētos	beloved	beloved
17:5	21	ὁ	G3588	ho	-	-
17:5	22	Υἱός	G5207	Huios	Son	Son
17:5	23	ἐν	G1722	en	in	in
17:5	24	ᾧ	G3739	hō	whom	whom
17:5	25	εὐδόκησα	G2106	eudokēsa	I am well pleased	I am well pleased
17:5	26	ἀκούετε	G191	akouete	Listen	Listen
17:5	27	αὐτοῦ	G846	autou	to Him	to Him
17:6	1	καὶ	G2532	kai	When	When
17:6	2	οἱ	G3588	hoi	the	the
17:6	3	μαθηταὶ	G3101	mathētai	disciples	disciples
17:6	4	ἀκούσαντες	G191	akousantes	heard [this]	heard [this]
17:6	5	ἔπεσαν	G4098	epesan	they fell	they fell
17:6	6	ἐπὶ	G1909	epi	facedown	facedown
17:6	7	αὐτῶν	G846	autōn	. . .	. . .
17:6	8	πρόσωπον	G4383	prosōpon	. . .	. . .
17:6	9	καὶ	G2532	kai	-	-
17:6	10	σφόδρα	G4970	sphodra	vvv	vvv
17:6	11	ἐφοβήθησαν	G5399	ephobēthēsan	in terror	in terror
17:7	1	Καὶ	G2532	Kai	Then	Then
17:7	2	ὁ	G3588	ho	-	-
17:7	3	Ἰησοῦς	G2424	Iēsous	Jesus	Jesus
17:7	4	προσῆλθεν	G4334	prosēlthen	came over	came over
17:7	5	καὶ	G2532	kai	and	and
17:7	6	ἁψάμενος	G680	hapsamenos	touched	touched
17:7	7	αὐτῶν	G846	autōn	them	them
17:7	8	Ἐγέρθητε	G1453	Egerthēte	Get up	Get up
17:7	9	εἶπεν	G2036	eipen	He said	He said
17:7	10	καὶ	G2532	kai	-	-
17:7	11	μὴ	G3361	mē	vvv	vvv
17:7	12	φοβεῖσθε	G5399	phobeisthe	Do not be afraid	Do not be afraid
17:8	1	δὲ	G1161	de	And when	And when
17:8	2	ἐπάραντες	G1869	eparantes	they looked up	they looked up
17:8	3	αὐτῶν	G846	autōn	. . .	. . .
17:8	4	τοὺς	G3588	tous	. . .	. . .
17:8	5	ὀφθαλμοὺς	G3788	ophthalmous	. . .	. . .
17:8	6	εἶδον	G3708	eidon	they saw	they saw
17:8	7	οὐδένα	G3762	oudena	no one	no one
17:8	8	εἰ	G1487	ei	except	except
17:8	9	μὴ	G3361	mē	. . .	. . .
17:8	10	μόνον	G3440	monon	. . .	. . .
17:8	11	Ἰησοῦν	G2424	Iēsoun	Jesus	Jesus
17:8	12	αὐτὸν	G846	auton	-	-
17:9	1	Καὶ	G2532	Kai	As	As
17:9	2	αὐτῶν	G846	autōn	they	they
17:9	3	καταβαινόντων	G2597	katabainontōn	were coming down	were coming down
17:9	4	ἐκ	G1537	ek	. . .	. . .
17:9	5	τοῦ	G3588	tou	the	the
17:9	6	ὄρους	G3735	orous	mountain	mountain
17:9	7	ὁ	G3588	ho	-	-
17:9	8	Ἰησοῦς	G2424	Iēsous	Jesus	Jesus
17:9	9	ἐνετείλατο	G1781	eneteilato	commanded	commanded
17:9	10	αὐτοῖς	G846	autois	them	them
17:9	11	λέγων	G3004	legōn	-	-
17:9	12	εἴπητε	G2036	eipēte	Do not tell anyone	Do not tell anyone
17:9	13	Μηδενὶ	G3367	Mēdeni	. . .	. . .
17:9	14	τὸ	G3588	to	[about this]	[about this]
17:9	15	ὅραμα	G3705	horama	vision	vision
17:9	16	ἕως	G2193	heōs	until	until
17:9	17	οὗ	G3739	hou	. . .	. . .
17:9	18	ὁ	G3588	ho	the	the
17:9	19	Υἱὸς	G5207	Huios	Son	Son
17:9	20	τοῦ	G3588	tou	-	-
17:9	21	ἀνθρώπου	G444	anthrōpou	of Man	of Man
17:9	22	ἐγερθῇ	G1453	egerthē	has been raised	has been raised
17:9	23	ἐκ	G1537	ek	from	from
17:9	24	νεκρῶν	G3498	nekrōn	[the] dead	[the] dead
17:10	1	Καὶ	G2532	Kai	-	-
17:10	2	οἱ	G3588	hoi	The	The
17:10	3	μαθηταὶ	G3101	mathētai	disciples	disciples
17:10	4	ἐπηρώτησαν	G1905	epērōtēsan	asked	asked
17:10	5	αὐτὸν	G846	auton	Him	Him
17:10	6	λέγοντες	G3004	legontes	-	-
17:10	7	Τί	G5101	Ti	Why	Why
17:10	8	οὖν	G3767	oun	then	then
17:10	9	οἱ	G3588	hoi	{do} the	{do} the
17:10	10	γραμματεῖς	G1122	grammateis	scribes	scribes
17:10	11	λέγουσιν	G3004	legousin	say	say
17:10	12	ὅτι	G3754	hoti	that	that
17:10	13	Ἠλίαν	G2243	Ēlian	Elijah	Elijah
17:10	14	δεῖ	G1163	dei	must	must
17:10	15	ἐλθεῖν	G2064	elthein	come	come
17:10	16	πρῶτον	G4412	prōton	first	first
17:11	1	δὲ	G1161	de	-	-
17:11	2	Ὁ	G3588	Ho	-	-
17:11	3	ἀποκριθεὶς	G611	apokritheis	vvv	vvv
17:11	4	εἶπεν	G2036	eipen	[Jesus] replied	[Jesus] replied
17:11	5	Ἠλίας	G2243	Ēlias	Elijah	Elijah
17:11	6	μὲν	G3303	men	{does} indeed	{does} indeed
17:11	7	ἔρχεται	G2064	erchetai	come	come
17:11	8	καὶ	G2532	kai	and	and
17:11	9	ἀποκαταστήσει	G600	apokatastēsei	he will restore	he will restore
17:11	10	πάντα	G3956	panta	all things	all things
17:12	1	δὲ	G1161	de	But	But
17:12	2	λέγω	G3004	legō	I tell	I tell
17:12	3	ὑμῖν	G4771	hymin	you	you
17:12	4	ὅτι	G3754	hoti	that	that
17:12	5	Ἠλίας	G2243	Ēlias	Elijah	Elijah
17:12	6	ἤδη	G2235	ēdē	{has} already	{has} already
17:12	7	ἦλθεν	G2064	ēlthen	come	come
17:12	8	καὶ	G2532	kai	and	and
17:12	9	οὐκ	G3756	ouk	vvv	vvv
17:12	10	ἐπέγνωσαν	G1921	epegnōsan	they did not recognize	they did not recognize
17:12	11	αὐτὸν	G846	auton	him	him
17:12	12	ἀλλὰ	G235	alla	but	but
17:12	13	ἐποίησαν	G4160	epoiēsan	have done	have done
17:12	14	ἐν	G1722	en	to	to
17:12	15	αὐτῷ	G846	autō	him	him
17:12	16	ὅσα	G3745	hosa	whatever	whatever
17:12	17	ἠθέλησαν	G2309	ēthelēsan	they wished	they wished
17:12	18	οὕτως	G3779	houtōs	In the same way	In the same way
17:12	19	καὶ	G2532	kai	. . .	. . .
17:12	20	ὁ	G3588	ho	the	the
17:12	21	Υἱὸς	G5207	Huios	Son	Son
17:12	22	τοῦ	G3588	tou	-	-
17:12	23	ἀνθρώπου	G444	anthrōpou	of Man	of Man
17:12	24	μέλλει	G3195	mellei	will	will
17:12	25	πάσχειν	G3958	paschein	suffer	suffer
17:12	26	ὑπ’	G5259	hyp’	at their hands	at their hands
17:12	27	αὐτῶν	G846	autōn	. . .	. . .
17:13	1	τότε	G5119	tote	Then	Then
17:13	2	οἱ	G3588	hoi	the	the
17:13	3	μαθηταὶ	G3101	mathētai	disciples	disciples
17:13	4	συνῆκαν	G4920	synēkan	understood	understood
17:13	5	ὅτι	G3754	hoti	that	that
17:13	6	εἶπεν	G2036	eipen	He was speaking	He was speaking
17:13	7	αὐτοῖς	G846	autois	to them	to them
17:13	8	περὶ	G4012	peri	about	about
17:13	9	Ἰωάννου	G2491	Iōannou	John	John
17:13	10	τοῦ	G3588	tou	the	the
17:13	11	Βαπτιστοῦ	G910	Baptistou	Baptist	Baptist
17:14	1	Καὶ	G2532	Kai	When	When
17:14	2	ἐλθόντων	G2064	elthontōn	they came	they came
17:14	3	πρὸς	G4314	pros	to	to
17:14	4	τὸν	G3588	ton	the	the
17:14	5	ὄχλον	G3793	ochlon	crowd	crowd
17:14	6	ἄνθρωπος	G444	anthrōpos	a man	a man
17:14	7	προσῆλθεν	G4334	prosēlthen	came up	came up
17:14	8	αὐτῷ	G846	autō	to [Jesus]	to [Jesus]
17:14	9	γονυπετῶν	G1120	gonypetōn	[and] knelt before	[and] knelt before
17:14	10	αὐτὸν	G846	auton	Him	Him
17:15	1	καὶ	G2532	kai	-	-
17:15	2	Κύριε	G2962	Kyrie	Lord	Lord
17:15	3	ἐλέησόν	G1653	eleēson	have mercy on	have mercy on
17:15	4	μου	G1473	mou	my	my
17:15	5	τὸν	G3588	ton	-	-
17:15	6	υἱόν	G5207	huion	son	son
17:15	7	λέγων	G3004	legōn	he said	he said
17:15	8	ὅτι	G3754	hoti	-	-
17:15	9	σεληνιάζεται	G4583	selēniazetai	He has seizures	He has seizures
17:15	10	καὶ	G2532	kai	and	and
17:15	11	πάσχει	G3958	paschei	is suffering	is suffering
17:15	12	κακῶς	G2560	kakōs	terribly	terribly
17:15	13	γὰρ	G1063	gar	-	-
17:15	14	πολλάκις	G4178	pollakis	vvv	vvv
17:15	15	πίπτει	G4098	piptei	He often falls	He often falls
17:15	16	εἰς	G1519	eis	into	into
17:15	17	τὸ	G3588	to	the	the
17:15	18	πῦρ	G4442	pyr	fire	fire
17:15	19	καὶ	G2532	kai	[or]	[or]
17:15	20	πολλάκις	G4178	pollakis	-	-
17:15	21	εἰς	G1519	eis	into	into
17:15	22	τὸ	G3588	to	the	the
17:15	23	ὕδωρ	G5204	hydōr	water	water
17:16	1	καὶ	G2532	kai	-	-
17:16	2	προσήνεγκα	G4374	prosēnenka	I brought	I brought
17:16	3	αὐτὸν	G846	auton	him	him
17:16	4	τοῖς	G3588	tois	to	to
17:16	5	σου	G4771	sou	Your	Your
17:16	6	μαθηταῖς	G3101	mathētais	disciples	disciples
17:16	7	καὶ	G2532	kai	but	but
17:16	8	ἠδυνήθησαν	G1410	ēdynēthēsan	they could	they could
17:16	9	οὐκ	G3756	ouk	not	not
17:16	10	θεραπεῦσαι	G2323	therapeusai	heal	heal
17:16	11	αὐτὸν	G846	auton	him	him
17:17	1	Ὦ	G5599	Ō	O	O
17:17	2	ἄπιστος	G571	apistos	unbelieving	unbelieving
17:17	3	καὶ	G2532	kai	and	and
17:17	4	διεστραμμένη	G1294	diestrammenē	perverse	perverse
17:17	5	γενεὰ	G1074	genea	generation	generation
17:17	6	δὲ	G1161	de	-	-
17:17	7	ὁ	G3588	ho	-	-
17:17	8	Ἰησοῦς	G2424	Iēsous	Jesus	Jesus
17:17	9	Ἀποκριθεὶς	G611	Apokritheis	replied	replied
17:17	10	εἶπεν	G2036	eipen	-	-
17:17	11	ἕως	G2193	heōs	How long	How long
17:17	12	πότε	G4219	pote	. . .	. . .
17:17	13	ἔσομαι	G1510	esomai	must I remain	must I remain
17:17	14	μεθ’	G3326	meth’	with	with
17:17	15	ὑμῶν	G4771	hymōn	you	you
17:17	16	ἕως	G2193	heōs	How long	How long
17:17	17	πότε	G4219	pote	. . .	. . .
17:17	18	ἀνέξομαι	G430	anexomai	must I put up with	must I put up with
17:17	19	ὑμῶν	G4771	hymōn	you	you
17:17	20	φέρετέ	G5342	pherete	Bring	Bring
17:17	21	αὐτὸν	G846	auton	[the boy]	[the boy]
17:17	22	ὧδε	G5602	hōde	here	here
17:17	23	μοι	G1473	moi	to Me	to Me
17:18	1	καὶ	G2532	kai	Then	Then
17:18	2	ὁ	G3588	ho	-	-
17:18	3	Ἰησοῦς	G2424	Iēsous	Jesus	Jesus
17:18	4	ἐπετίμησεν	G2008	epetimēsen	rebuked	rebuked
17:18	5	αὐτῷ	G846	autō	[the demon]	[the demon]
17:18	6	καὶ	G2532	kai	and	and
17:18	7	τὸ	G3588	to	-	-
17:18	8	δαιμόνιον	G1140	daimonion	[it]	[it]
17:18	9	ἐξῆλθεν	G1831	exēlthen	came out	came out
17:18	10	ἀπ’	G575	ap’	of	of
17:18	11	αὐτοῦ	G846	autou	[the boy]	[the boy]
17:18	12	καὶ	G2532	kai	and	and
17:18	13	ὁ	G3588	ho	-	-
17:18	14	παῖς	G3816	pais	[he]	[he]
17:18	15	ἐθεραπεύθη	G2323	etherapeuthē	was healed	was healed
17:18	16	ἀπὸ	G575	apo	from	from
17:18	17	ἐκείνης	G1565	ekeinēs	that	that
17:18	18	τῆς	G3588	tēs	-	-
17:18	19	ὥρας	G5610	hōras	moment	moment
17:19	1	Τότε	G5119	Tote	Afterward	Afterward
17:19	2	οἱ	G3588	hoi	the	the
17:19	3	μαθηταὶ	G3101	mathētai	disciples	disciples
17:19	4	προσελθόντες	G4334	proselthontes	came	came
17:19	5	τῷ	G3588	tō	-	-
17:19	6	Ἰησοῦ	G2424	Iēsou	to Jesus	to Jesus
17:19	7	κατ’	G2596	kat’	vvv	vvv
17:19	8	ἰδίαν	G2398	idian	privately	privately
17:19	9	εἶπον	G2036	eipon	[and] asked	[and] asked
17:19	10	Διὰ	G1223	Dia	Why	Why
17:19	11	τί	G5101	ti	vvv	vvv
17:19	12	οὐκ	G3756	ouk	vvv	vvv
17:19	13	ἠδυνήθημεν	G1410	ēdynēthēmen	couldn’t	couldn’t
17:19	14	ἡμεῖς	G1473	hēmeis	we	we
17:19	15	ἐκβαλεῖν	G1544	ekbalein	drive it out	drive it out
17:19	16	αὐτό	G846	auto	. . .	. . .
17:20	1	Διὰ	G1223	Dia	Because	Because
17:20	2	ὑμῶν	G4771	hymōn	you	you
17:20	3	τὴν	G3588	tēn	-	-
17:20	4	ὀλιγοπιστίαν	G3640	oligopistian	[have] so little faith	[have] so little faith
17:20	5	δὲ	G1161	de	-	-
17:20	6	Ὁ	G3588	Ho	-	-
17:20	7	λέγει	G3004	legei	He answered	He answered
17:20	8	αὐτοῖς	G846	autois	. . .	. . .
17:20	9	γὰρ	G1063	gar	For	For
17:20	10	ἀμὴν	G281	amēn	truly	truly
17:20	11	λέγω	G3004	legō	I tell	I tell
17:20	12	ὑμῖν	G4771	hymin	you	you
17:20	13	ἐὰν	G1437	ean	if	if
17:20	14	ἔχητε	G2192	echēte	you have	you have
17:20	15	πίστιν	G4102	pistin	faith	faith
17:20	16	ὡς	G5613	hōs	the size of	the size of
17:20	17	σινάπεως	G4615	sinapeōs	a mustard	a mustard
17:20	18	κόκκον	G2848	kokkon	seed	seed
17:20	19	ἐρεῖτε	G2046	ereite	you can say	you can say
17:20	20	τούτῳ	G3778	toutō	to this	to this
17:20	21	τῷ	G3588	tō	-	-
17:20	22	ὄρει	G3735	orei	mountain	mountain
17:20	23	Μετάβα	G3327	Metaba	Move	Move
17:20	24	ἔνθεν	G1759	enthen	from here	from here
17:20	25	ἐκεῖ	G1563	ekei	to there	to there
17:20	26	καὶ	G2532	kai	and	and
17:20	27	μεταβήσεται	G3327	metabēsetai	it will move	it will move
17:20	28	καὶ	G2532	kai	-	-
17:20	29	οὐδὲν	G3762	ouden	Nothing	Nothing
17:20	30	ἀδυνατήσει	G101	adynatēsei	will be impossible	will be impossible
17:20	31	ὑμῖν	G4771	hymin	for you	for you
17:22	1	δὲ	G1161	de	When	When
17:22	2	αὐτῶν	G846	autōn	they	they
17:22	3	Συστρεφομένων	G4962	Systrephomenōn	gathered together	gathered together
17:22	4	ἐν	G1722	en	in	in
17:22	5	τῇ	G3588	tē	-	-
17:22	6	Γαλιλαίᾳ	G1056	Galilaia	Galilee	Galilee
17:22	7	ὁ	G3588	ho	-	-
17:22	8	Ἰησοῦς	G2424	Iēsous	Jesus	Jesus
17:22	9	εἶπεν	G2036	eipen	told	told
17:22	10	αὐτοῖς	G846	autois	them	them
17:22	11	ὁ	G3588	ho	The	The
17:22	12	Υἱὸς	G5207	Huios	Son	Son
17:22	13	τοῦ	G3588	tou	-	-
17:22	14	ἀνθρώπου	G444	anthrōpou	of Man	of Man
17:22	15	Μέλλει	G3195	Mellei	is about	is about
17:22	16	παραδίδοσθαι	G3860	paradidosthai	to be delivered	to be delivered
17:22	17	εἰς	G1519	eis	into	into
17:22	18	χεῖρας	G5495	cheiras	[the] hands	[the] hands
17:22	19	ἀνθρώπων	G444	anthrōpōn	of men	of men
17:23	1	καὶ	G2532	kai	-	-
17:23	2	ἀποκτενοῦσιν	G615	apoktenousin	They will kill	They will kill
17:23	3	αὐτόν	G846	auton	Him	Him
17:23	4	καὶ	G2532	kai	and	and
17:23	5	τῇ	G3588	tē	on the	on the
17:23	6	τρίτῃ	G5154	tritē	third	third
17:23	7	ἡμέρᾳ	G2250	hēmera	day	day
17:23	8	ἐγερθήσεται	G1453	egerthēsetai	He will be raised [to life]	He will be raised [to life]
17:23	9	καὶ	G2532	kai	And	And
17:23	10	σφόδρα	G4970	sphodra	vvv	vvv
17:23	11	ἐλυπήθησαν	G3076	elypēthēsan	[the disciples] were deeply grieved	[the disciples] were deeply grieved
17:24	1	δὲ	G1161	de	After	After
17:24	2	αὐτῶν	G846	autōn	they	they
17:24	3	Ἐλθόντων	G2064	Elthontōn	had arrived	had arrived
17:24	4	εἰς	G1519	eis	in	in
17:24	5	Καφαρναοὺμ	G2584	Kapharnaoum	Capernaum	Capernaum
17:24	6	οἱ	G3588	hoi	the	the
17:24	7	λαμβάνοντες	G2983	lambanontes	collectors	collectors
17:24	8	τὰ	G3588	ta	of the	of the
17:24	9	δίδραχμα	G1323	didrachma	two-drachma [tax]	two-drachma [tax]
17:24	10	προσῆλθον	G4334	prosēlthon	came	came
17:24	11	τῷ	G3588	tō	-	-
17:24	12	Πέτρῳ	G4074	Petrō	to Peter	to Peter
17:24	13	καὶ	G2532	kai	and	and
17:24	14	εἶπαν	G2036	eipan	asked	asked
17:24	15	ὑμῶν	G4771	hymōn	{Does} your	{Does} your
17:24	16	Ὁ	G3588	Ho	-	-
17:24	17	διδάσκαλος	G1320	didaskalos	Teacher	Teacher
17:24	18	οὐ	G3756	ou	vvv	vvv
17:24	19	τελεῖ	G5055	telei	pay	pay
17:24	20	τὰ	G3588	ta	the	the
17:24	21	δίδραχμα	G1323	didrachma	two drachmas	two drachmas
17:25	1	Ναί	G3483	Nai	Yes	Yes
17:25	2	Λέγει	G3004	Legei	he answered	he answered
17:25	3	Καὶ	G2532	Kai	When	When
17:25	4	ἐλθόντα	G2064	elthonta	[Peter] entered	[Peter] entered
17:25	5	εἰς	G1519	eis	. . .	. . .
17:25	6	τὴν	G3588	tēn	the	the
17:25	7	οἰκίαν	G3614	oikian	house	house
17:25	8	ὁ	G3588	ho	-	-
17:25	9	Ἰησοῦς	G2424	Iēsous	Jesus	Jesus
17:25	10	προέφθασεν	G4399	proephthasen	preempted	preempted
17:25	11	αὐτὸν	G846	auton	him	him
17:25	12	Τί	G5101	Ti	What	What
17:25	13	σοι	G4771	soi	vvv	vvv
17:25	14	δοκεῖ	G1380	dokei	do you think	do you think
17:25	15	Σίμων	G4613	Simōn	Simon	Simon
17:25	16	λέγων	G3004	legōn	He asked	He asked
17:25	17	ἀπὸ	G575	apo	From	From
17:25	18	τίνων	G5101	tinōn	whom	whom
17:25	19	οἱ	G3588	hoi	{do} the	{do} the
17:25	20	βασιλεῖς	G935	basileis	kings	kings
17:25	21	τῆς	G3588	tēs	of the	of the
17:25	22	γῆς	G1093	gēs	earth	earth
17:25	23	λαμβάνουσιν	G2983	lambanousin	collect	collect
17:25	24	τέλη	G5056	telē	customs	customs
17:25	25	ἢ	G2228	ē	[and]	[and]
17:25	26	κῆνσον	G2778	kēnson	taxes	taxes
17:25	27	ἀπὸ	G575	apo	from	from
17:25	28	αὐτῶν	G846	autōn	their	their
17:25	29	τῶν	G3588	tōn	[own]	[own]
17:25	30	υἱῶν	G5207	huiōn	sons	sons
17:25	31	ἢ	G2228	ē	or	or
17:25	32	ἀπὸ	G575	apo	from	from
17:25	33	τῶν	G3588	tōn	-	-
17:25	34	ἀλλοτρίων	G245	allotriōn	others	others
17:26	1	Ἀπὸ	G575	Apo	From	From
17:26	2	τῶν	G3588	tōn	-	-
17:26	3	ἀλλοτρίων	G245	allotriōn	others	others
17:26	4	δέ	G1161	de	vvv	vvv
17:26	5	Εἰπόντος	G2036	Eipontos	[Peter] answered	[Peter] answered
17:26	6	Ἄρα¦Γε	G686	Ara¦Ge	Then	Then
17:26	7	οἱ	G3588	hoi	the	the
17:26	8	υἱοί	G5207	huioi	sons	sons
17:26	9	εἰσιν	G1510	eisin	are	are
17:26	10	ἐλεύθεροί	G1658	eleutheroi	exempt	exempt
17:26	11	ὁ	G3588	ho	-	-
17:26	12	Ἰησοῦς	G2424	Iēsous	Jesus	Jesus
17:26	13	ἔφη	G5346	ephē	said	said
17:26	14	αὐτῷ	G846	autō	to him	to him
17:27	1	δὲ	G1161	de	But	But
17:27	2	ἵνα	G2443	hina	so that	so that
17:27	3	μὴ	G3361	mē	vvv	vvv
17:27	4	σκανδαλίσωμεν	G4624	skandalisōmen	we may not offend	we may not offend
17:27	5	αὐτούς	G846	autous	them	them
17:27	6	πορευθεὶς	G4198	poreutheis	go	go
17:27	7	εἰς	G1519	eis	to	to
17:27	8	θάλασσαν	G2281	thalassan	the sea	the sea
17:27	9	βάλε	G906	bale	cast	cast
17:27	10	ἄγκιστρον	G44	ankistron	a hook	a hook
17:27	11	καὶ	G2532	kai	and	and
17:27	12	ἆρον	G142	aron	take	take
17:27	13	τὸν	G3588	ton	the	the
17:27	14	πρῶτον	G4412	prōton	first	first
17:27	15	ἰχθὺν	G2486	ichthyn	fish	fish
17:27	16	ἀναβάντα	G305	anabanta	you catch	you catch
17:27	17	καὶ	G2532	kai	When	When
17:27	18	ἀνοίξας	G455	anoixas	you open	you open
17:27	19	αὐτοῦ	G846	autou	its	its
17:27	20	τὸ	G3588	to	-	-
17:27	21	στόμα	G4750	stoma	mouth	mouth
17:27	22	εὑρήσεις	G2147	heurēseis	you will find	you will find
17:27	23	στατῆρα	G4715	statēra	a four-drachma coin	a four-drachma coin
17:27	24	λαβὼν	G2983	labōn	Take [it]	Take [it]
17:27	25	ἐκεῖνον	G1565	ekeinon	[and]	[and]
17:27	26	δὸς	G1325	dos	give [it]	give [it]
17:27	27	αὐτοῖς	G846	autois	to them	to them
17:27	28	ἀντὶ	G473	anti	for	for
17:27	29	ἐμοῦ	G1473	emou	My tax	My tax
17:27	30	καὶ	G2532	kai	and	and
17:27	31	σοῦ	G4771	sou	yours	yours
18:1	1	Ἐν	G1722	En	At	At
18:1	2	ἐκείνῃ	G1565	ekeinē	that	that
18:1	3	τῇ	G3588	tē	-	-
18:1	4	ὥρᾳ	G5610	hōra	time	time
18:1	5	οἱ	G3588	hoi	the	the
18:1	6	μαθηταὶ	G3101	mathētai	disciples	disciples
18:1	7	προσῆλθον	G4334	prosēlthon	came	came
18:1	8	τῷ	G3588	tō	-	-
18:1	9	Ἰησοῦ	G2424	Iēsou	to Jesus	to Jesus
18:1	10	λέγοντες	G3004	legontes	[and] asked	[and] asked
18:1	11	Τίς	G5101	Tis	Who	Who
18:1	12	ἄρα	G686	ara	then	then
18:1	13	ἐστὶν	G1510	estin	is	is
18:1	14	μείζων	G3173	meizōn	[the] greatest	[the] greatest
18:1	15	ἐν	G1722	en	in	in
18:1	16	τῇ	G3588	tē	the	the
18:1	17	βασιλείᾳ	G932	basileia	kingdom	kingdom
18:1	18	τῶν	G3588	tōn	of	of
18:1	19	οὐρανῶν	G3772	ouranōn	heaven	heaven
18:2	1	Καὶ	G2532	Kai	-	-
18:2	2	προσκαλεσάμενος	G4341	proskalesamenos	[Jesus] invited	[Jesus] invited
18:2	3	παιδίον	G3813	paidion	a little child	a little child
18:2	4	ἔστησεν	G2476	estēsen	to stand	to stand
18:2	5	αὐτὸ	G846	auto	. . .	. . .
18:2	6	ἐν	G1722	en	vvv	vvv
18:2	7	αὐτῶν	G846	autōn	vvv	vvv
18:2	8	μέσῳ	G3319	mesō	among them	among them
18:3	1	Ἀμὴν	G281	Amēn	Truly	Truly
18:3	2	λέγω	G3004	legō	I tell	I tell
18:3	3	ὑμῖν	G4771	hymin	you	you
18:3	4	καὶ	G2532	kai	-	-
18:3	5	εἶπεν	G2036	eipen	He said	He said
18:3	6	ἐὰν	G1437	ean	unless	unless
18:3	7	μὴ	G3361	mē	. . .	. . .
18:3	8	στραφῆτε	G4762	straphēte	you change	you change
18:3	9	καὶ	G2532	kai	and	and
18:3	10	γένησθε	G1096	genēsthe	become	become
18:3	11	ὡς	G5613	hōs	like	like
18:3	12	τὰ	G3588	ta	-	-
18:3	13	παιδία	G3813	paidia	little children	little children
18:3	14	οὐ	G3756	ou	vvv	vvv
18:3	15	μὴ	G3361	mē	vvv	vvv
18:3	16	εἰσέλθητε	G1525	eiselthēte	you will never enter	you will never enter
18:3	17	εἰς	G1519	eis	. . .	. . .
18:3	18	τὴν	G3588	tēn	the	the
18:3	19	βασιλείαν	G932	basileian	kingdom	kingdom
18:3	20	τῶν	G3588	tōn	of	of
18:3	21	οὐρανῶν	G3772	ouranōn	heaven	heaven
18:4	1	οὖν	G3767	oun	Therefore	Therefore
18:4	2	ὅστις	G3748	hostis	whoever	whoever
18:4	3	ταπεινώσει	G5013	tapeinōsei	humbles	humbles
18:4	4	ἑαυτὸν	G1438	heauton	himself	himself
18:4	5	ὡς	G5613	hōs	like	like
18:4	6	τοῦτο	G3778	touto	this	this
18:4	7	τὸ	G3588	to	-	-
18:4	8	παιδίον	G3813	paidion	little child	little child
18:4	9	οὗτός	G3778	houtos	-	-
18:4	10	ἐστιν	G1510	estin	is	is
18:4	11	ὁ	G3588	ho	the	the
18:4	12	μείζων	G3173	meizōn	greatest	greatest
18:4	13	ἐν	G1722	en	in	in
18:4	14	τῇ	G3588	tē	the	the
18:4	15	βασιλείᾳ	G932	basileia	kingdom	kingdom
18:4	16	τῶν	G3588	tōn	of	of
18:4	17	οὐρανῶν	G3772	ouranōn	heaven	heaven
18:5	1	καὶ	G2532	kai	And	And
18:5	2	ὃς	G3739	hos	whoever	whoever
18:5	3	ἐὰν	G1437	ean	vvv	vvv
18:5	4	δέξηται	G1209	dexētai	welcomes	welcomes
18:5	5	ἓν	G1520	hen	a	a
18:5	6	παιδίον	G3813	paidion	little child	little child
18:5	7	τοιοῦτο	G5108	toiouto	like this	like this
18:5	8	ἐπὶ	G1909	epi	in	in
18:5	9	μου	G1473	mou	My	My
18:5	10	τῷ	G3588	tō	-	-
18:5	11	ὀνόματί	G3686	onomati	name	name
18:5	12	δέχεται	G1209	dechetai	welcomes	welcomes
18:5	13	ἐμὲ	G1473	eme	Me	Me
18:6	1	δ’	G1161	d’	But	But
18:6	2	ἂν	G302	an	if	if
18:6	3	Ὃς	G3739	Hos	anyone	anyone
18:6	4	σκανδαλίσῃ	G4624	skandalisē	causes	causes
18:6	5	ἕνα	G1520	hena	one	one
18:6	6	τούτων	G3778	toutōn	of these	of these
18:6	7	τῶν	G3588	tōn	-	-
18:6	8	μικρῶν	G3398	mikrōn	little ones	little ones
18:6	9	τῶν	G3588	tōn	who	who
18:6	10	πιστευόντων	G4100	pisteuontōn	believe	believe
18:6	11	εἰς	G1519	eis	in	in
18:6	12	ἐμέ	G1473	eme	Me {to stumble}	Me {to stumble}
18:6	13	συμφέρει	G4851	sympherei	it would be better	it would be better
18:6	14	αὐτῷ	G846	autō	for him	for him
18:6	15	ἵνα	G2443	hina	to have	to have
18:6	16	ὀνικὸς	G3684	onikos	a large	a large
18:6	17	μύλος	G3458	mylos	millstone	millstone
18:6	18	κρεμασθῇ	G2910	kremasthē	hung	hung
18:6	19	περὶ	G4012	peri	around	around
18:6	20	αὐτοῦ	G846	autou	his	his
18:6	21	τὸν	G3588	ton	-	-
18:6	22	τράχηλον	G5137	trachēlon	neck	neck
18:6	23	καὶ	G2532	kai	and	and
18:6	24	καταποντισθῇ	G2670	katapontisthē	to be drowned	to be drowned
18:6	25	ἐν	G1722	en	in	in
18:6	26	τῷ	G3588	tō	the	the
18:6	27	πελάγει	G3989	pelagei	depths	depths
18:6	28	τῆς	G3588	tēs	of the	of the
18:6	29	θαλάσσης	G2281	thalassēs	sea	sea
18:7	1	Οὐαὶ	G3759	Ouai	Woe	Woe
18:7	2	τῷ	G3588	tō	to the	to the
18:7	3	κόσμῳ	G2889	kosmō	world	world
18:7	4	ἀπὸ	G575	apo	for	for
18:7	5	τῶν	G3588	tōn	the	the
18:7	6	σκανδάλων	G4625	skandalōn	causes of sin	causes of sin
18:7	7	γὰρ	G1063	gar	-	-
18:7	8	τὰ	G3588	ta	[These]	[These]
18:7	9	σκάνδαλα	G4625	skandala	stumbling blocks	stumbling blocks
18:7	10	ἀνάγκη	G318	anankē	must	must
18:7	11	ἐλθεῖν	G2064	elthein	come	come
18:7	12	πλὴν	G4133	plēn	but	but
18:7	13	οὐαὶ	G3759	ouai	woe	woe
18:7	14	τῷ	G3588	tō	to the	to the
18:7	15	ἀνθρώπῳ	G444	anthrōpō	man	man
18:7	16	δι’	G1223	di’	through	through
18:7	17	οὗ	G3739	hou	whom	whom
18:7	18	τὸ	G3588	to	-	-
18:7	19	σκάνδαλον	G4625	skandalon	[they]	[they]
18:7	20	ἔρχεται	G2064	erchetai	come	come
18:8	1	δὲ	G1161	de	-	-
18:8	2	Εἰ	G1487	Ei	If	If
18:8	3	σου	G4771	sou	your	your
18:8	4	ἡ	G3588	hē	-	-
18:8	5	χείρ	G5495	cheir	hand	hand
18:8	6	ἢ	G2228	ē	or	or
18:8	7	σου	G4771	sou	your	your
18:8	8	ὁ	G3588	ho	-	-
18:8	9	πούς	G4228	pous	foot	foot
18:8	10	σκανδαλίζει	G4624	skandalizei	causes you to sin	causes you to sin
18:8	11	σε	G4771	se	. . .	. . .
18:8	12	ἔκκοψον	G1581	ekkopson	cut it off	cut it off
18:8	13	αὐτὸν	G846	auton	. . .	. . .
18:8	14	καὶ	G2532	kai	and	and
18:8	15	βάλε	G906	bale	throw it away	throw it away
18:8	16	ἀπὸ	G575	apo	. . .	. . .
18:8	17	σοῦ	G4771	sou	. . .	. . .
18:8	18	ἐστιν	G1510	estin	It is	It is
18:8	19	καλόν	G2570	kalon	better	better
18:8	20	σοί	G4771	soi	for you	for you
18:8	21	εἰσελθεῖν	G1525	eiselthein	to enter	to enter
18:8	22	εἰς	G1519	eis	. . .	. . .
18:8	23	τὴν	G3588	tēn	-	-
18:8	24	ζωὴν	G2222	zōēn	life	life
18:8	25	κυλλὸν	G2948	kyllon	crippled	crippled
18:8	26	ἢ	G2228	ē	or	or
18:8	27	χωλόν	G5560	chōlon	lame	lame
18:8	28	ἢ	G2228	ē	than	than
18:8	29	ἔχοντα	G2192	echonta	to have	to have
18:8	30	δύο	G1417	dyo	two	two
18:8	31	χεῖρας	G5495	cheiras	hands	hands
18:8	32	ἢ	G2228	ē	[and]	[and]
18:8	33	δύο	G1417	dyo	two	two
18:8	34	πόδας	G4228	podas	feet	feet
18:8	35	βληθῆναι	G906	blēthēnai	[and] be thrown	[and] be thrown
18:8	36	εἰς	G1519	eis	into	into
18:8	37	τὸ	G3588	to	the	the
18:8	38	τὸ	G3588	to	-	-
18:8	39	αἰώνιον	G166	aiōnion	eternal	eternal
18:8	40	πῦρ	G4442	pyr	fire	fire
18:9	1	καὶ	G2532	kai	And	And
18:9	2	εἰ	G1487	ei	if	if
18:9	3	σου	G4771	sou	your	your
18:9	4	ὁ	G3588	ho	-	-
18:9	5	ὀφθαλμός	G3788	ophthalmos	eye	eye
18:9	6	σκανδαλίζει	G4624	skandalizei	causes you to sin	causes you to sin
18:9	7	σε	G4771	se	. . .	. . .
18:9	8	ἔξελε	G1807	exele	gouge it out	gouge it out
18:9	9	αὐτὸν	G846	auton	. . .	. . .
18:9	10	καὶ	G2532	kai	and	and
18:9	11	βάλε	G906	bale	throw it away	throw it away
18:9	12	ἀπὸ	G575	apo	. . .	. . .
18:9	13	σοῦ	G4771	sou	. . .	. . .
18:9	14	ἐστιν	G1510	estin	It is	It is
18:9	15	καλόν	G2570	kalon	better	better
18:9	16	σοί	G4771	soi	for you	for you
18:9	17	εἰσελθεῖν	G1525	eiselthein	to enter	to enter
18:9	18	εἰς	G1519	eis	. . .	. . .
18:9	19	τὴν	G3588	tēn	-	-
18:9	20	ζωὴν	G2222	zōēn	life	life
18:9	21	μονόφθαλμον	G3442	monophthalmon	with one eye	with one eye
18:9	22	ἢ	G2228	ē	than	than
18:9	23	ἔχοντα	G2192	echonta	to have	to have
18:9	24	δύο	G1417	dyo	two	two
18:9	25	ὀφθαλμοὺς	G3788	ophthalmous	eyes	eyes
18:9	26	βληθῆναι	G906	blēthēnai	[and] be thrown	[and] be thrown
18:9	27	εἰς	G1519	eis	into	into
18:9	28	τὴν	G3588	tēn	the	the
18:9	29	πυρός	G4442	pyros	fire	fire
18:9	30	τοῦ	G3588	tou	of	of
18:9	31	γέενναν	G1067	geennan	hell	hell
18:10	1	Ὁρᾶτε	G3708	Horate	See [that]	See [that]
18:10	2	μὴ	G3361	mē	vvv	vvv
18:10	3	καταφρονήσητε	G2706	kataphronēsēte	you do not look down on	you do not look down on
18:10	4	ἑνὸς	G1520	henos	any	any
18:10	5	τούτων	G3778	toutōn	of these	of these
18:10	6	τῶν	G3588	tōn	-	-
18:10	7	μικρῶν	G3398	mikrōn	little ones	little ones
18:10	8	γὰρ	G1063	gar	For	For
18:10	9	λέγω	G3004	legō	I tell	I tell
18:10	10	ὑμῖν	G4771	hymin	you	you
18:10	11	ὅτι	G3754	hoti	that	that
18:10	12	αὐτῶν	G846	autōn	their	their
18:10	13	οἱ	G3588	hoi	-	-
18:10	14	ἄγγελοι	G32	angeloi	angels	angels
18:10	15	ἐν	G1722	en	in	in
18:10	16	οὐρανοῖς	G3772	ouranois	heaven	heaven
18:10	17	διὰ	G1223	dia	always	always
18:10	18	παντὸς	G3956	pantos	. . .	. . .
18:10	19	βλέπουσι	G991	blepousi	see	see
18:10	20	τὸ	G3588	to	the	the
18:10	21	πρόσωπον	G4383	prosōpon	face	face
18:10	22	τοῦ	G3588	tou	of	of
18:10	23	μου	G1473	mou	My	My
18:10	24	Πατρός	G3962	Patros	Father	Father
18:10	25	τοῦ	G3588	tou	-	-
18:10	26	ἐν	G1722	en	in	in
18:10	27	οὐρανοῖς	G3772	ouranois	heaven	heaven
18:12	1	Τί	G5101	Ti	What	What
18:12	2	ὑμῖν	G4771	hymin	{do} you	{do} you
18:12	3	δοκεῖ	G1380	dokei	think	think
18:12	4	ἐὰν	G1437	ean	If	If
18:12	5	τινι	G5100	tini	a	a
18:12	6	ἀνθρώπῳ	G444	anthrōpō	man	man
18:12	7	γένηταί	G1096	genētai	has	has
18:12	8	ἑκατὸν	G1540	hekaton	a hundred	a hundred
18:12	9	πρόβατα	G4263	probata	sheep	sheep
18:12	10	καὶ	G2532	kai	and	and
18:12	11	ἓν	G1520	hen	one	one
18:12	12	ἐξ	G1537	ex	of	of
18:12	13	αὐτῶν	G846	autōn	them	them
18:12	14	πλανηθῇ	G4105	planēthē	goes astray	goes astray
18:12	15	οὐχὶ	G3780	ouchi	vvv	vvv
18:12	16	ἀφήσει	G863	aphēsei	will he not leave	will he not leave
18:12	17	τὰ	G3588	ta	the	the
18:12	18	ἐνενήκοντα	G1768	enenēkonta	ninety-nine	ninety-nine
18:12	19	ἐννέα	G1767	ennea	. . .	. . .
18:12	20	ἐπὶ	G1909	epi	on	on
18:12	21	τὰ	G3588	ta	the	the
18:12	22	ὄρη	G3735	orē	hills	hills
18:12	23	καὶ	G2532	kai	and	and
18:12	24	πορευθεὶς	G4198	poreutheis	go out	go out
18:12	25	ζητεῖ	G2212	zētei	to search for	to search for
18:12	26	τὸ	G3588	to	the [one]	the [one]
18:12	27	πλανώμενον	G4105	planōmenon	that is lost	that is lost
18:13	1	καὶ	G2532	kai	And	And
18:13	2	ἐὰν	G1437	ean	if	if
18:13	3	γένηται	G1096	genētai	he	he
18:13	4	εὑρεῖν	G2147	heurein	finds	finds
18:13	5	αὐτό	G846	auto	it	it
18:13	6	ἀμὴν	G281	amēn	truly	truly
18:13	7	λέγω	G3004	legō	I tell	I tell
18:13	8	ὑμῖν	G4771	hymin	you	you
18:13	9	ὅτι	G3754	hoti	-	-
18:13	10	χαίρει	G5463	chairei	he rejoices	he rejoices
18:13	11	μᾶλλον	G3123	mallon	more	more
18:13	12	ἐπ’	G1909	ep’	over	over
18:13	13	αὐτῷ	G846	autō	[that one sheep]	[that one sheep]
18:13	14	ἢ	G2228	ē	than	than
18:13	15	ἐπὶ	G1909	epi	over	over
18:13	16	τοῖς	G3588	tois	the	the
18:13	17	ἐνενήκοντα	G1768	enenēkonta	ninety-nine	ninety-nine
18:13	18	ἐννέα	G1767	ennea	. . .	. . .
18:13	19	τοῖς	G3588	tois	-	-
18:13	20	μὴ	G3361	mē	vvv	vvv
18:13	21	πεπλανημένοις	G4105	peplanēmenois	that did not go astray	that did not go astray
18:14	1	οὕτως	G3779	houtōs	In the same way	In the same way
18:14	2	ἔμπροσθεν	G1715	emprosthen	-	-
18:14	3	ὑμῶν	G4771	hymōn	your	your
18:14	4	τοῦ	G3588	tou	-	-
18:14	5	Πατρὸς	G3962	Patros	Father	Father
18:14	6	τοῦ	G3588	tou	-	-
18:14	7	ἐν	G1722	en	in	in
18:14	8	οὐρανοῖς	G3772	ouranois	heaven	heaven
18:14	9	ἔστιν	G1510	estin	is	is
18:14	10	οὐκ	G3756	ouk	not	not
18:14	11	θέλημα	G2307	thelēma	willing	willing
18:14	12	ἵνα	G2443	hina	that	that
18:14	13	ἓν	G1520	hen	any	any
18:14	14	τούτων	G3778	toutōn	of these	of these
18:14	15	τῶν	G3588	tōn	-	-
18:14	16	μικρῶν	G3398	mikrōn	little ones	little ones
18:14	17	ἀπόληται	G622	apolētai	should perish	should perish
18:15	1	δὲ	G1161	de	-	-
18:15	2	Ἐὰν	G1437	Ean	If	If
18:15	3	σου	G4771	sou	your	your
18:15	4	ὁ	G3588	ho	-	-
18:15	5	ἀδελφός	G80	adelphos	brother	brother
18:15	6	ἁμαρτήσῃ	G264	hamartēsē	sins	sins
18:15	7	εἰς	G1519	eis	against	against
18:15	8	σὲ	G4771	se	you	you
18:15	9	ὕπαγε	G5217	hypage	go	go
18:15	10	ἔλεγξον	G1651	elenxon	[and] confront	[and] confront
18:15	11	αὐτὸν	G846	auton	him	him
18:15	12	μόνου	G3441	monou	privately	privately
18:15	13	μεταξὺ	G3342	metaxy	. . .	. . .
18:15	14	σοῦ	G4771	sou	. . .	. . .
18:15	15	καὶ	G2532	kai	. . .	. . .
18:15	16	αὐτοῦ	G846	autou	. . .	. . .
18:15	17	ἐάν	G1437	ean	If	If
18:15	18	ἀκούσῃ	G191	akousē	he listens to	he listens to
18:15	19	σου	G4771	sou	you	you
18:15	20	ἐκέρδησας	G2770	ekerdēsas	you have won	you have won
18:15	21	σου	G4771	sou	your	your
18:15	22	τὸν	G3588	ton	-	-
18:15	23	ἀδελφόν	G80	adelphon	brother {over}	brother {over}
18:16	1	δὲ	G1161	de	But	But
18:16	2	ἐὰν	G1437	ean	if	if
18:16	3	μὴ	G3361	mē	-	-
18:16	4	ἀκούσῃ	G191	akousē	he will not listen	he will not listen
18:16	5	παράλαβε	G3880	paralabe	take	take
18:16	6	ἕνα	G1520	hena	one	one
18:16	7	ἢ	G2228	ē	or	or
18:16	8	δύο	G1417	dyo	two	two
18:16	9	ἔτι	G2089	eti	others	others
18:16	10	μετὰ	G3326	meta	along	along
18:16	11	σοῦ	G4771	sou	. . .	. . .
18:16	12	ἵνα	G2443	hina	so that	so that
18:16	13	πᾶν	G3956	pan	every	every
18:16	14	ῥῆμα	G4487	rhēma	matter	matter
18:16	15	σταθῇ	G2476	stathē	may be established	may be established
18:16	16	Ἐπὶ	G1909	Epi	by	by
18:16	17	στόματος	G4750	stomatos	[the] testimony	[the] testimony
18:16	18	δύο	G1417	dyo	of two	of two
18:16	19	ἢ	G2228	ē	or	or
18:16	20	τριῶν	G5140	triōn	three	three
18:16	21	μαρτύρων	G3144	martyrōn	witnesses	witnesses
18:17	1	δὲ	G1161	de	-	-
18:17	2	ἐὰν	G1437	ean	If	If
18:17	3	παρακούσῃ	G3878	parakousē	he refuses to listen	he refuses to listen
18:17	4	αὐτῶν	G846	autōn	to them	to them
18:17	5	εἰπὸν	G2036	eipon	tell [it]	tell [it]
18:17	6	τῇ	G3588	tē	to the	to the
18:17	7	ἐκκλησίᾳ	G1577	ekklēsia	church	church
18:17	8	δὲ	G1161	de	And	And
18:17	9	ἐὰν	G1437	ean	if	if
18:17	10	παρακούσῃ	G3878	parakousē	he refuses to listen	he refuses to listen
18:17	11	καὶ	G2532	kai	even	even
18:17	12	τῆς	G3588	tēs	to the	to the
18:17	13	ἐκκλησίας	G1577	ekklēsias	church	church
18:17	14	ἔστω	G1510	estō	regard [him]	regard [him]
18:17	15	ὥσπερ	G5618	hōsper	as	as
18:17	16	σοι	G4771	soi	you [would]	you [would]
18:17	17	ὁ	G3588	ho	a	a
18:17	18	ἐθνικὸς	G1482	ethnikos	pagan	pagan
18:17	19	καὶ	G2532	kai	[or]	[or]
18:17	20	ὁ	G3588	ho	-	-
18:17	21	τελώνης	G5057	telōnēs	a tax collector	a tax collector
18:18	1	Ἀμὴν	G281	Amēn	Truly	Truly
18:18	2	λέγω	G3004	legō	I tell	I tell
18:18	3	ὑμῖν	G4771	hymin	you	you
18:18	4	ὅσα	G3745	hosa	whatever	whatever
18:18	5	ἐὰν	G1437	ean	. . .	. . .
18:18	6	δήσητε	G1210	dēsēte	you bind	you bind
18:18	7	ἐπὶ	G1909	epi	on	on
18:18	8	τῆς	G3588	tēs	-	-
18:18	9	γῆς	G1093	gēs	earth	earth
18:18	10	ἔσται	G1510	estai	will be	will be
18:18	11	δεδεμένα	G1210	dedemena	bound	bound
18:18	12	ἐν	G1722	en	in	in
18:18	13	οὐρανῷ	G3772	ouranō	heaven	heaven
18:18	14	καὶ	G2532	kai	and	and
18:18	15	ὅσα	G3745	hosa	whatever	whatever
18:18	16	ἐὰν	G1437	ean	. . .	. . .
18:18	17	λύσητε	G3089	lysēte	you loose	you loose
18:18	18	ἐπὶ	G1909	epi	on	on
18:18	19	τῆς	G3588	tēs	-	-
18:18	20	γῆς	G1093	gēs	earth	earth
18:18	21	ἔσται	G1510	estai	will be	will be
18:18	22	λελυμένα	G3089	lelymena	loosed	loosed
18:18	23	ἐν	G1722	en	in	in
18:18	24	οὐρανῷ	G3772	ouranō	heaven	heaven
18:19	1	Πάλιν	G3825	Palin	Again	Again
18:19	2	λέγω	G3004	legō	I tell	I tell
18:19	3	ὑμῖν	G4771	hymin	you	you
18:19	4	ἀμὴν	G281	amēn	truly	truly
18:19	5	ὅτι	G3754	hoti	that	that
18:19	6	ἐὰν	G1437	ean	if	if
18:19	7	δύο	G1417	dyo	two	two
18:19	8	ἐξ	G1537	ex	of	of
18:19	9	ὑμῶν	G4771	hymōn	you	you
18:19	10	ἐπὶ	G1909	epi	on	on
18:19	11	τῆς	G3588	tēs	the	the
18:19	12	γῆς	G1093	gēs	earth	earth
18:19	13	συμφωνήσωσιν	G4856	symphōnēsōsin	agree	agree
18:19	14	περὶ	G4012	peri	about	about
18:19	15	παντὸς	G3956	pantos	anything	anything
18:19	16	πράγματος	G4229	pragmatos	. . .	. . .
18:19	17	οὗ	G3739	hou	-	-
18:19	18	ἐὰν	G1437	ean	vvv	vvv
18:19	19	αἰτήσωνται	G154	aitēsōntai	[you] ask for	[you] ask for
18:19	20	γενήσεται	G1096	genēsetai	it will be done	it will be done
18:19	21	αὐτοῖς	G846	autois	for [you]	for [you]
18:19	22	παρὰ	G3844	para	by	by
18:19	23	μου	G1473	mou	My	My
18:19	24	τοῦ	G3588	tou	-	-
18:19	25	Πατρός	G3962	Patros	Father	Father
18:19	26	τοῦ	G3588	tou	-	-
18:19	27	ἐν	G1722	en	in	in
18:19	28	οὐρανοῖς	G3772	ouranois	heaven	heaven
18:20	1	γάρ	G1063	gar	For	For
18:20	2	οὗ	G3757	hou	where	where
18:20	3	δύο	G1417	dyo	two	two
18:20	4	ἢ	G2228	ē	or	or
18:20	5	τρεῖς	G5140	treis	three	three
18:20	6	εἰσιν	G1510	eisin	vvv	vvv
18:20	7	συνηγμένοι	G4863	synēgmenoi	gather together	gather together
18:20	8	εἰς	G1519	eis	in	in
18:20	9	ἐμὸν	G1699	emon	My	My
18:20	10	τὸ	G3588	to	-	-
18:20	11	ὄνομα	G3686	onoma	name	name
18:20	12	ἐκεῖ	G1563	ekei	there	there
18:20	13	εἰμι	G1510	eimi	am I	am I
18:20	14	ἐν	G1722	en	with them	with them
18:20	15	αὐτῶν	G846	autōn	. . .	. . .
18:20	16	μέσῳ	G3319	mesō	. . .	. . .
18:21	1	Τότε	G5119	Tote	Then	Then
18:21	2	Πέτρος	G4074	Petros	Peter	Peter
18:21	3	προσελθὼν	G4334	proselthōn	came	came
18:21	4	αὐτῷ	G846	autō	to [Jesus]	to [Jesus]
18:21	5	ὁ	G3588	ho	-	-
18:21	6	εἶπεν	G2036	eipen	[and] asked	[and] asked
18:21	7	Κύριε	G2962	Kyrie	Lord	Lord
18:21	8	ποσάκις	G4212	posakis	how many times	how many times
18:21	9	καὶ	G2532	kai	-	-
18:21	10	ἀφήσω	G863	aphēsō	shall I forgive	shall I forgive
18:21	11	αὐτῷ	G846	autō	-	-
18:21	12	ἐμὲ	G1473	eme	my	my
18:21	13	ὁ	G3588	ho	-	-
18:21	14	ἀδελφός	G80	adelphos	brother	brother
18:21	15	ἁμαρτήσει	G264	hamartēsei	who sins	who sins
18:21	16	εἰς	G1519	eis	against	against
18:21	17	μου	G1473	mou	me	me
18:21	18	ἕως	G2193	heōs	Up to	Up to
18:21	19	ἑπτάκις	G2034	heptakis	seven times	seven times
18:22	1	ὁ	G3588	ho	-	-
18:22	2	Ἰησοῦς	G2424	Iēsous	Jesus	Jesus
18:22	3	Λέγει	G3004	Legei	answered	answered
18:22	4	αὐτῷ	G846	autō	. . .	. . .
18:22	5	λέγω	G3004	legō	I tell	I tell
18:22	6	σοι	G4771	soi	you	you
18:22	7	Οὐ	G3756	Ou	not	not
18:22	8	ἕως	G2193	heōs	just	just
18:22	9	ἑπτάκις	G2034	heptakis	seven times	seven times
18:22	10	ἀλλὰ	G235	alla	but	but
18:22	11	ἕως	G2193	heōs	-	-
18:22	12	ἑβδομηκοντάκις	G1441	hebdomēkontakis	seventy-seven times	seventy-seven times
18:22	13	ἑπτά	G2033	hepta	. . .	. . .
18:23	1	Διὰ	G1223	Dia	Because of	Because of
18:23	2	τοῦτο	G3778	touto	this	this
18:23	3	ἡ	G3588	hē	the	the
18:23	4	βασιλεία	G932	basileia	kingdom	kingdom
18:23	5	τῶν	G3588	tōn	of	of
18:23	6	οὐρανῶν	G3772	ouranōn	heaven	heaven
18:23	7	ὡμοιώθη	G3666	hōmoiōthē	is like	is like
18:23	8	ἀνθρώπῳ	G444	anthrōpō	-	-
18:23	9	βασιλεῖ	G935	basilei	a king	a king
18:23	10	ὃς	G3739	hos	who	who
18:23	11	ἠθέλησεν	G2309	ēthelēsen	wanted	wanted
18:23	12	συνᾶραι	G4868	synarai	to settle	to settle
18:23	13	λόγον	G3056	logon	accounts	accounts
18:23	14	μετὰ	G3326	meta	with	with
18:23	15	αὐτοῦ	G846	autou	his	his
18:23	16	τῶν	G3588	tōn	-	-
18:23	17	δούλων	G1401	doulōn	servants	servants
18:24	1	δὲ	G1161	de	As	As
18:24	2	αὐτοῦ	G846	autou	he	he
18:24	3	ἀρξαμένου	G756	arxamenou	began	began
18:24	4	συναίρειν	G4868	synairein	the settlements	the settlements
18:24	5	εἷς	G1520	heis	a	a
18:24	6	ὀφειλέτης	G3781	opheiletēs	debtor	debtor
18:24	7	μυρίων	G3463	myriōn	owing ten thousand	owing ten thousand
18:24	8	ταλάντων	G5007	talantōn	talents	talents
18:24	9	προσηνέχθη	G4374	prosēnechthē	was brought	was brought
18:24	10	αὐτῷ	G846	autō	to him	to him
18:25	1	δὲ	G1161	de	Since	Since
18:25	2	αὐτοῦ	G846	autou	[the man]	[the man]
18:25	3	μὴ	G3361	mē	vvv	vvv
18:25	4	ἔχοντος	G2192	echontos	was unable	was unable
18:25	5	ἀποδοῦναι	G591	apodounai	to pay	to pay
18:25	6	ὁ	G3588	ho	the	the
18:25	7	κύριος	G2962	kyrios	master	master
18:25	8	ἐκέλευσεν	G2753	ekeleusen	ordered that	ordered that
18:25	9	αὐτὸν	G846	auton	he	he
18:25	10	πραθῆναι	G4097	prathēnai	be sold	be sold
18:25	11	καὶ	G2532	kai	-	-
18:25	12	ἀποδοθῆναι	G591	apodothēnai	to pay [his] debt	to pay [his] debt
18:25	13	καὶ	G2532	kai	along with	along with
18:25	14	τὴν	G3588	tēn	[his]	[his]
18:25	15	γυναῖκα	G1135	gynaika	wife	wife
18:25	16	καὶ	G2532	kai	and	and
18:25	17	τὰ	G3588	ta	-	-
18:25	18	τέκνα	G5043	tekna	children	children
18:25	19	καὶ	G2532	kai	and	and
18:25	20	πάντα	G3956	panta	everything	everything
18:25	21	ὅσα	G3745	hosa	-	-
18:25	22	ἔχει	G2192	echei	he owned	he owned
18:26	1	οὖν	G3767	oun	Then	Then
18:26	2	ὁ	G3588	ho	the	the
18:26	3	δοῦλος	G1401	doulos	servant	servant
18:26	4	Πεσὼν	G4098	Pesōn	fell	fell
18:26	5	προσεκύνει	G4352	prosekynei	on his knees	on his knees
18:26	6	αὐτῷ	G846	autō	before him	before him
18:26	7	Μακροθύμησον	G3114	Makrothymēson	Have patience	Have patience
18:26	8	ἐπ’	G1909	ep’	with	with
18:26	9	ἐμοί	G1473	emoi	me	me
18:26	10	λέγων	G3004	legōn	he begged	he begged
18:26	11	καὶ	G2532	kai	and	and
18:26	12	ἀποδώσω	G591	apodōsō	I will pay	I will pay
18:26	13	σοι	G4771	soi	back	back
18:26	14	πάντα	G3956	panta	everything	everything
18:27	1	δὲ	G1161	de	-	-
18:27	2	ὁ	G3588	ho	[His]	[His]
18:27	3	κύριος	G2962	kyrios	master	master
18:27	4	ἐκείνου	G1565	ekeinou	-	-
18:27	5	τοῦ	G3588	tou	-	-
18:27	6	δούλου	G1401	doulou	-	-
18:27	7	Σπλαγχνισθεὶς	G4697	Splanchnistheis	had compassion [on him]	had compassion [on him]
18:27	8	καὶ	G2532	kai	-	-
18:27	9	ἀφῆκεν	G863	aphēken	forgave	forgave
18:27	10	αὐτῷ	G846	autō	his	his
18:27	11	τὸ	G3588	to	-	-
18:27	12	δάνειον	G1156	daneion	debt	debt
18:27	13	ἀπέλυσεν	G630	apelysen	[and] released	[and] released
18:27	14	αὐτόν	G846	auton	him	him
18:28	1	δὲ	G1161	de	But when	But when
18:28	2	ὁ	G3588	ho	-	-
18:28	3	ἐκεῖνος	G1565	ekeinos	that	that
18:28	4	δοῦλος	G1401	doulos	servant	servant
18:28	5	Ἐξελθὼν	G1831	Exelthōn	went out	went out
18:28	6	εὗρεν	G2147	heuren	he found	he found
18:28	7	ἕνα	G1520	hena	one	one
18:28	8	αὐτοῦ	G846	autou	of his	of his
18:28	9	τῶν	G3588	tōn	-	-
18:28	10	συνδούλων	G4889	syndoulōn	fellow servants	fellow servants
18:28	11	ὃς	G3739	hos	who	who
18:28	12	ὤφειλεν	G3784	ōpheilen	owed	owed
18:28	13	αὐτῷ	G846	autō	him	him
18:28	14	ἑκατὸν	G1540	hekaton	a hundred	a hundred
18:28	15	δηνάρια	G1220	dēnaria	denarii	denarii
18:28	16	καὶ	G2532	kai	-	-
18:28	17	κρατήσας	G2902	kratēsas	He grabbed	He grabbed
18:28	18	αὐτὸν	G846	auton	him	him
18:28	19	ἔπνιγεν	G4155	epnigen	and began to choke [him]	and began to choke [him]
18:28	20	λέγων	G3004	legōn	saying	saying
18:28	21	Ἀπόδος	G591	Apodos	Pay	Pay
18:28	22	εἴ	G1487	ei	back	back
18:28	23	τι	G5100	ti	what	what
18:28	24	ὀφείλεις	G3784	opheileis	you owe [me]	you owe [me]
18:29	1	οὖν	G3767	oun	So	So
18:29	2	αὐτοῦ	G846	autou	his	his
18:29	3	ὁ	G3588	ho	-	-
18:29	4	σύνδουλος	G4889	syndoulos	fellow servant	fellow servant
18:29	5	Πεσὼν	G4098	Pesōn	fell down	fell down
18:29	6	παρεκάλει	G3870	parekalei	[and] begged	[and] begged
18:29	7	αὐτὸν	G846	auton	him	him
18:29	8	λέγων	G3004	legōn	-	-
18:29	9	Μακροθύμησον	G3114	Makrothymēson	Have patience	Have patience
18:29	10	ἐπ’	G1909	ep’	with	with
18:29	11	ἐμοί	G1473	emoi	me	me
18:29	12	καὶ	G2532	kai	and	and
18:29	13	ἀποδώσω	G591	apodōsō	I will pay	I will pay
18:29	14	σοι	G4771	soi	you {back}	you {back}
18:30	1	δὲ	G1161	de	But	But
18:30	2	Ὁ	G3588	Ho	-	-
18:30	3	οὐκ	G3756	ouk	vvv	vvv
18:30	4	ἤθελεν	G2309	ēthelen	he refused	he refused
18:30	5	ἀλλὰ	G235	alla	Instead	Instead
18:30	6	ἀπελθὼν	G565	apelthōn	he went	he went
18:30	7	ἔβαλεν	G906	ebalen	[and] had [the man] thrown	[and] had [the man] thrown
18:30	8	αὐτὸν	G846	auton	. . .	. . .
18:30	9	εἰς	G1519	eis	into	into
18:30	10	φυλακὴν	G5438	phylakēn	prison	prison
18:30	11	ἕως	G2193	heōs	until	until
18:30	12	οὗ	G3739	hou	. . .	. . .
18:30	13	ἀποδῷ	G591	apodō	he could pay	he could pay
18:30	14	τὸ	G3588	to	[his]	[his]
18:30	15	ὀφειλόμενον	G3784	opheilomenon	debt	debt
18:31	1	οὖν	G3767	oun	[When]	[When]
18:31	2	αὐτοῦ	G846	autou	his	his
18:31	3	οἱ	G3588	hoi	-	-
18:31	4	σύνδουλοι	G4889	syndouloi	fellow servants	fellow servants
18:31	5	Ἰδόντες	G3708	Idontes	saw	saw
18:31	6	τὰ	G3588	ta	what	what
18:31	7	γενόμενα	G1096	genomena	had happened	had happened
18:31	8	σφόδρα	G4970	sphodra	vvv	vvv
18:31	9	ἐλυπήθησαν	G3076	elypēthēsan	they were greatly distressed	they were greatly distressed
18:31	10	καὶ	G2532	kai	and	and
18:31	11	ἐλθόντες	G2064	elthontes	they went	they went
18:31	12	διεσάφησαν	G1285	diesaphēsan	[and] recounted	[and] recounted
18:31	13	πάντα	G3956	panta	all	all
18:31	14	τὰ	G3588	ta	-	-
18:31	15	γενόμενα	G1096	genomena	[of this]	[of this]
18:31	16	τῷ	G3588	tō	to	to
18:31	17	ἑαυτῶν	G1438	heautōn	their	their
18:31	18	κυρίῳ	G2962	kyriō	master	master
18:32	1	Τότε	G5119	Tote	Then	Then
18:32	2	αὐτοῦ	G846	autou	-	-
18:32	3	ὁ	G3588	ho	the	the
18:32	4	κύριος	G2962	kyrios	master	master
18:32	5	προσκαλεσάμενος	G4341	proskalesamenos	summoned	summoned
18:32	6	αὐτὸν	G846	auton	him	him
18:32	7	λέγει	G3004	legei	[and] said	[and] said
18:32	8	αὐτῷ	G846	autō	-	-
18:32	9	πονηρέ	G4190	ponēre	[You] wicked	[You] wicked
18:32	10	Δοῦλε	G1401	Doule	servant	servant
18:32	11	ἀφῆκά	G863	aphēka	I forgave	I forgave
18:32	12	σοι	G4771	soi	-	-
18:32	13	πᾶσαν	G3956	pasan	all	all
18:32	14	ἐκείνην	G1565	ekeinēn	[your]	[your]
18:32	15	τὴν	G3588	tēn	-	-
18:32	16	ὀφειλὴν	G3782	opheilēn	debt	debt
18:32	17	ἐπεὶ	G1893	epei	because	because
18:32	18	παρεκάλεσάς	G3870	parekalesas	you begged	you begged
18:32	19	με	G1473	me	me	me
18:33	1	ἔδει	G1163	edei	Shouldn’t	Shouldn’t
18:33	2	οὐκ	G3756	ouk	. . .	. . .
18:33	3	σὲ	G4771	se	you	you
18:33	4	καὶ	G2532	kai	-	-
18:33	5	ἐλεῆσαι	G1653	eleēsai	have had mercy	have had mercy
18:33	6	σου	G4771	sou	on your	on your
18:33	7	τὸν	G3588	ton	-	-
18:33	8	σύνδουλόν	G4889	syndoulon	fellow servant	fellow servant
18:33	9	ὡς	G5613	hōs	just as	just as
18:33	10	κἀγὼ	G2504	kagō	I	I
18:33	11	ἠλέησα	G1653	ēleēsa	[had]	[had]
18:33	12	σὲ	G4771	se	on you	on you
18:34	1	καὶ	G2532	kai	-	-
18:34	2	ὀργισθεὶς	G3710	orgistheis	In anger	In anger
18:34	3	αὐτοῦ	G846	autou	his	his
18:34	4	ὁ	G3588	ho	-	-
18:34	5	κύριος	G2962	kyrios	master	master
18:34	6	παρέδωκεν	G3860	paredōken	turned him over	turned him over
18:34	7	αὐτὸν	G846	auton	. . .	. . .
18:34	8	τοῖς	G3588	tois	to the	to the
18:34	9	βασανισταῖς	G930	basanistais	jailers to be tortured	jailers to be tortured
18:34	10	ἕως	G2193	heōs	until	until
18:34	11	οὗ	G3739	hou	-	-
18:34	12	ἀποδῷ	G591	apodō	he should repay	he should repay
18:34	13	πᾶν	G3956	pan	all	all
18:34	14	τὸ	G3588	to	that	that
18:34	15	ὀφειλόμενον	G3784	opheilomenon	he owed	he owed
18:34	16	αὐτῷ	G846	autō	-	-
18:35	1	Οὕτως	G3779	Houtōs	That is how	That is how
18:35	2	καὶ	G2532	kai	-	-
18:35	3	μου	G1473	mou	My	My
18:35	4	ὁ	G3588	ho	-	-
18:35	5	οὐράνιος	G3770	ouranios	heavenly	heavenly
18:35	6	ὁ	G3588	ho	-	-
18:35	7	Πατήρ	G3962	Patēr	Father	Father
18:35	8	ποιήσει	G4160	poiēsei	will treat	will treat
18:35	9	ἕκαστος	G1538	hekastos	each of	each of
18:35	10	ὑμῖν	G4771	hymin	you	you
18:35	11	ἐὰν	G1437	ean	unless	unless
18:35	12	μὴ	G3361	mē	. . .	. . .
18:35	13	ἀφῆτε	G863	aphēte	you forgive	you forgive
18:35	14	αὐτοῦ	G846	autou	[your]	[your]
18:35	15	τῷ	G3588	tō	-	-
18:35	16	ἀδελφῷ	G80	adelphō	brother	brother
18:35	17	ἀπὸ	G575	apo	from	from
18:35	18	ὑμῶν	G4771	hymōn	your	your
18:35	19	τῶν	G3588	tōn	-	-
18:35	20	καρδιῶν	G2588	kardiōn	heart	heart
19:1	1	Καὶ	G2532	Kai	-	-
19:1	2	ἐγένετο	G1096	egeneto	-	-
19:1	3	ὅτε	G3753	hote	When	When
19:1	4	ὁ	G3588	ho	-	-
19:1	5	Ἰησοῦς	G2424	Iēsous	Jesus	Jesus
19:1	6	ἐτέλεσεν	G5055	etelesen	had finished	had finished
19:1	7	τούτους	G3778	toutous	saying these things	saying these things
19:1	8	τοὺς	G3588	tous	. . .	. . .
19:1	9	λόγους	G3056	logous	. . .	. . .
19:1	10	μετῆρεν	G3332	metēren	He left	He left
19:1	11	ἀπὸ	G575	apo	. . .	. . .
19:1	12	τῆς	G3588	tēs	-	-
19:1	13	Γαλιλαίας	G1056	Galilaias	Galilee	Galilee
19:1	14	καὶ	G2532	kai	and	and
19:1	15	ἦλθεν	G2064	ēlthen	went	went
19:1	16	εἰς	G1519	eis	into	into
19:1	17	τὰ	G3588	ta	the	the
19:1	18	ὅρια	G3725	horia	region	region
19:1	19	τῆς	G3588	tēs	-	-
19:1	20	Ἰουδαίας	G2449	Ioudaias	of Judea	of Judea
19:1	21	πέραν	G4008	peran	beyond	beyond
19:1	22	τοῦ	G3588	tou	the	the
19:1	23	Ἰορδάνου	G2446	Iordanou	Jordan	Jordan
19:2	1	καὶ	G2532	kai	-	-
19:2	2	πολλοί	G4183	polloi	Large	Large
19:2	3	ὄχλοι	G3793	ochloi	crowds	crowds
19:2	4	ἠκολούθησαν	G190	ēkolouthēsan	followed	followed
19:2	5	αὐτῷ	G846	autō	Him	Him
19:2	6	καὶ	G2532	kai	and	and
19:2	7	ἐθεράπευσεν	G2323	etherapeusen	He healed	He healed
19:2	8	αὐτοὺς	G846	autous	them	them
19:2	9	ἐκεῖ	G1563	ekei	there	there
19:3	1	Καὶ	G2532	Kai	Then	Then
19:3	2	Φαρισαῖοι	G5330	Pharisaioi	[some] Pharisees	[some] Pharisees
19:3	3	προσῆλθον	G4334	prosēlthon	came	came
19:3	4	αὐτῷ	G846	autō	-	-
19:3	5	πειράζοντες	G3985	peirazontes	[and] tested	[and] tested
19:3	6	αὐτὸν	G846	auton	Him	Him
19:3	7	καὶ	G2532	kai	-	-
19:3	8	λέγοντες	G3004	legontes	by asking	by asking
19:3	9	Εἰ	G1487	Ei	vvv	vvv
19:3	10	ἔξεστιν	G1832	exestin	Is it lawful	Is it lawful
19:3	11	ἀνθρώπῳ	G444	anthrōpō	for a man	for a man
19:3	12	ἀπολῦσαι	G630	apolysai	to divorce	to divorce
19:3	13	αὐτοῦ	G846	autou	his	his
19:3	14	τὴν	G3588	tēn	-	-
19:3	15	γυναῖκα	G1135	gynaika	wife	wife
19:3	16	κατὰ	G2596	kata	for	for
19:3	17	πᾶσαν	G3956	pasan	any	any
19:3	18	αἰτίαν	G156	aitian	reason	reason
19:4	1	δὲ	G1161	de	-	-
19:4	2	Ὁ	G3588	Ho	-	-
19:4	3	ἀποκριθεὶς	G611	apokritheis	[Jesus] answered	[Jesus] answered
19:4	4	εἶπεν	G2036	eipen	-	-
19:4	5	Οὐκ	G3756	Ouk	vvv	vvv
19:4	6	ἀνέγνωτε	G314	anegnōte	Have you not read	Have you not read
19:4	7	ὅτι	G3754	hoti	that	that
19:4	8	ἀπ’	G575	ap’	from	from
19:4	9	ἀρχῆς	G746	archēs	[the] beginning	[the] beginning
19:4	10	ὁ	G3588	ho	the	the
19:4	11	κτίσας	G2936	ktisas	Creator	Creator
19:4	12	ἐποίησεν	G4160	epoiēsen	made	made
19:4	13	αὐτοὺς	G846	autous	them	them
19:4	14	Ἄρσεν	G730	Arsen	male	male
19:4	15	καὶ	G2532	kai	and	and
19:4	16	θῆλυ	G2338	thēly	female	female
19:5	1	καὶ	G2532	kai	and	and
19:5	2	εἶπεν	G2036	eipen	said	said
19:5	3	Ἕνεκα	G1752	Heneka	For this reason	For this reason
19:5	4	τούτου	G3778	toutou	. . .	. . .
19:5	5	ἄνθρωπος	G444	anthrōpos	a man	a man
19:5	6	καταλείψει	G2641	kataleipsei	will leave	will leave
19:5	7	τὸν	G3588	ton	[his]	[his]
19:5	8	πατέρα	G3962	patera	father	father
19:5	9	καὶ	G2532	kai	and	and
19:5	10	τὴν	G3588	tēn	-	-
19:5	11	μητέρα	G3384	mētera	mother	mother
19:5	12	καὶ	G2532	kai	and	and
19:5	13	κολληθήσεται	G2853	kollēthēsetai	be united to	be united to
19:5	14	αὐτοῦ	G846	autou	his	his
19:5	15	τῇ	G3588	tē	-	-
19:5	16	γυναικὶ	G1135	gynaiki	wife	wife
19:5	17	καὶ	G2532	kai	and	and
19:5	18	οἱ	G3588	hoi	the	the
19:5	19	δύο	G1417	dyo	two	two
19:5	20	ἔσονται	G1510	esontai	will become	will become
19:5	21	εἰς	G1519	eis	. . .	. . .
19:5	22	μίαν	G1520	mian	one	one
19:5	23	σάρκα	G4561	sarka	flesh	flesh
19:6	1	ὥστε	G5620	hōste	So	So
19:6	2	εἰσὶν	G1510	eisin	they are	they are
19:6	3	οὐκέτι	G3765	ouketi	no longer	no longer
19:6	4	δύο	G1417	dyo	two	two
19:6	5	ἀλλὰ	G235	alla	but	but
19:6	6	μία	G1520	mia	one	one
19:6	7	σὰρξ	G4561	sarx	flesh	flesh
19:6	8	οὖν	G3767	oun	Therefore	Therefore
19:6	9	ὃ	G3739	ho	what	what
19:6	10	ὁ	G3588	ho	-	-
19:6	11	Θεὸς	G2316	Theos	God	God
19:6	12	συνέζευξεν	G4801	synezeuxen	has joined together	has joined together
19:6	13	ἄνθρωπος	G444	anthrōpos	[let] man	[let] man
19:6	14	μὴ	G3361	mē	not	not
19:6	15	χωριζέτω	G5563	chōrizetō	separate	separate
19:7	1	Τί	G5101	Ti	Why	Why
19:7	2	οὖν	G3767	oun	then	then
19:7	3	Λέγουσιν	G3004	Legousin	they asked	they asked
19:7	4	αὐτῷ	G846	autō	-	-
19:7	5	Μωϋσῆς	G3475	Mōusēs	{did} Moses	{did} Moses
19:7	6	ἐνετείλατο	G1781	eneteilato	order [a man]	order [a man]
19:7	7	δοῦναι	G1325	dounai	to give [his wife]	to give [his wife]
19:7	8	βιβλίον	G975	biblion	a certificate	a certificate
19:7	9	ἀποστασίου	G647	apostasiou	of divorce	of divorce
19:7	10	καὶ	G2532	kai	and	and
19:7	11	ἀπολῦσαι	G630	apolysai	send [her] away	send [her] away
19:7	12	αὐτήν	G846	autēn	. . .	. . .
19:8	1	Λέγει	G3004	Legei	Jesus replied	Jesus replied
19:8	2	αὐτοῖς	G846	autois	-	-
19:8	3	Ὅτι	G3754	Hoti	-	-
19:8	4	Μωϋσῆς	G3475	Mōusēs	Moses	Moses
19:8	5	ἐπέτρεψεν	G2010	epetrepsen	permitted	permitted
19:8	6	ὑμῖν	G4771	hymin	you	you
19:8	7	ἀπολῦσαι	G630	apolysai	to divorce	to divorce
19:8	8	ὑμῶν	G4771	hymōn	your	your
19:8	9	τὰς	G3588	tas	-	-
19:8	10	γυναῖκας	G1135	gynaikas	wives	wives
19:8	11	πρὸς	G4314	pros	because of	because of
19:8	12	ὑμῶν	G4771	hymōn	your	your
19:8	13	τὴν	G3588	tēn	-	-
19:8	14	σκληροκαρδίαν	G4641	sklērokardian	hardness of heart	hardness of heart
19:8	15	δὲ	G1161	de	But	But
19:8	16	γέγονεν	G1096	gegonen	[it] was	[it] was
19:8	17	οὐ	G3756	ou	not	not
19:8	18	οὕτως	G3779	houtōs	this way	this way
19:8	19	ἀπ’	G575	ap’	from	from
19:8	20	ἀρχῆς	G746	archēs	[the] beginning	[the] beginning
19:9	1	δὲ	G1161	de	Now	Now
19:9	2	λέγω	G3004	legō	I tell	I tell
19:9	3	ὑμῖν	G4771	hymin	you	you
19:9	4	ὅτι	G3754	hoti	that	that
19:9	5	ὃς	G3739	hos	whoever	whoever
19:9	6	ἂν	G302	an	. . .	. . .
19:9	7	ἀπολύσῃ	G630	apolysē	divorces	divorces
19:9	8	αὐτοῦ	G846	autou	his	his
19:9	9	τὴν	G3588	tēn	-	-
19:9	10	γυναῖκα	G1135	gynaika	wife	wife
19:9	11	μὴ	G3361	mē	except	except
19:9	12	ἐπὶ	G1909	epi	for	for
19:9	13	πορνείᾳ	G4202	porneia	sexual immorality	sexual immorality
19:9	14	καὶ	G2532	kai	and	and
19:9	15	γαμήσῃ	G1060	gamēsē	marries	marries
19:9	16	ἄλλην	G243	allēn	another woman	another woman
19:9	17	μοιχᾶται	G3429	moichatai	commits adultery	commits adultery
19:10	1	αὐτοῦ	G846	autou	His	His
19:10	2	οἱ	G3588	hoi	-	-
19:10	3	μαθηταί	G3101	mathētai	disciples	disciples
19:10	4	Λέγουσιν	G3004	Legousin	said	said
19:10	5	αὐτῷ	G846	autō	to Him	to Him
19:10	6	Εἰ	G1487	Ei	If	If
19:10	7	οὕτως	G3779	houtōs	this	this
19:10	8	ἐστὶν	G1510	estin	is	is
19:10	9	ἡ	G3588	hē	the	the
19:10	10	αἰτία	G156	aitia	case	case
19:10	11	τοῦ	G3588	tou	between	between
19:10	12	ἀνθρώπου	G444	anthrōpou	a man	a man
19:10	13	μετὰ	G3326	meta	[and]	[and]
19:10	14	τῆς	G3588	tēs	[his]	[his]
19:10	15	γυναικός	G1135	gynaikos	wife	wife
19:10	16	συμφέρει	G4851	sympherei	it is better	it is better
19:10	17	οὐ	G3756	ou	not	not
19:10	18	γαμῆσαι	G1060	gamēsai	to marry	to marry
19:11	1	Οὐ	G3756	Ou	Not	Not
19:11	2	πάντες	G3956	pantes	everyone	everyone
19:11	3	χωροῦσιν	G5562	chōrousin	can accept	can accept
19:11	4	τοῦτον	G3778	touton	this	this
19:11	5	τὸν	G3588	ton	-	-
19:11	6	λόγον	G3056	logon	word	word
19:11	7	δὲ	G1161	de	-	-
19:11	8	Ὁ	G3588	Ho	-	-
19:11	9	εἶπεν	G2036	eipen	He replied	He replied
19:11	10	αὐτοῖς	G846	autois	. . .	. . .
19:11	11	ἀλλ’	G235	all’	but only [those]	but only [those]
19:11	12	οἷς	G3739	hois	to whom	to whom
19:11	13	δέδοται	G1325	dedotai	it has been given	it has been given
19:12	1	γὰρ	G1063	gar	For	For
19:12	2	εἰσὶν	G1510	eisin	there are	there are
19:12	3	εὐνοῦχοι	G2135	eunouchoi	eunuchs	eunuchs
19:12	4	οἵτινες	G3748	hoitines	who	who
19:12	5	ἐκ	G1537	ek	vvv	vvv
19:12	6	μητρὸς	G3384	mētros	vvv	vvv
19:12	7	κοιλίας	G2836	koilias	vvv	vvv
19:12	8	ἐγεννήθησαν	G1080	egennēthēsan	were born	were born
19:12	9	οὕτως	G3779	houtōs	that way	that way
19:12	10	καὶ	G2532	kai	-	-
19:12	11	εἰσὶν	G1510	eisin	-	-
19:12	12	εὐνοῦχοι	G2135	eunouchoi	[others]	[others]
19:12	13	οἵτινες	G3748	hoitines	-	-
19:12	14	εὐνουχίσθησαν	G2134	eunouchisthēsan	were made [that way]	were made [that way]
19:12	15	ὑπὸ	G5259	hypo	by	by
19:12	16	τῶν	G3588	tōn	-	-
19:12	17	ἀνθρώπων	G444	anthrōpōn	men	men
19:12	18	καὶ	G2532	kai	and	and
19:12	19	εἰσὶν	G1510	eisin	-	-
19:12	20	εὐνοῦχοι	G2135	eunouchoi	[still others]	[still others]
19:12	21	οἵτινες	G3748	hoitines	-	-
19:12	22	ἑαυτοὺς	G1438	heautous	vvv	vvv
19:12	23	εὐνούχισαν	G2134	eunouchisan	live like eunuchs	live like eunuchs
19:12	24	διὰ	G1223	dia	for the sake of	for the sake of
19:12	25	τὴν	G3588	tēn	the	the
19:12	26	βασιλείαν	G932	basileian	kingdom	kingdom
19:12	27	τῶν	G3588	tōn	of	of
19:12	28	οὐρανῶν	G3772	ouranōn	heaven	heaven
19:12	29	ὁ	G3588	ho	The [one]	The [one]
19:12	30	δυνάμενος	G1410	dynamenos	who can	who can
19:12	31	χωρεῖν	G5562	chōrein	accept [this]	accept [this]
19:12	32	χωρείτω	G5562	chōreitō	should accept [it]	should accept [it]
19:13	1	Τότε	G5119	Tote	Then	Then
19:13	2	παιδία	G3813	paidia	little children	little children
19:13	3	προσηνέχθησαν	G4374	prosēnechthēsan	were brought	were brought
19:13	4	αὐτῷ	G846	autō	to [Jesus]	to [Jesus]
19:13	5	ἵνα	G2443	hina	for	for
19:13	6	ἐπιθῇ	G2007	epithē	Him to place	Him to place
19:13	7	τὰς	G3588	tas	-	-
19:13	8	χεῖρας	G5495	cheiras	[His] hands	[His] hands
19:13	9	αὐτοῖς	G846	autois	on them	on them
19:13	10	καὶ	G2532	kai	and	and
19:13	11	προσεύξηται	G4336	proseuxētai	pray [for them]	pray [for them]
19:13	12	δὲ	G1161	de	And	And
19:13	13	οἱ	G3588	hoi	the	the
19:13	14	μαθηταὶ	G3101	mathētai	disciples	disciples
19:13	15	ἐπετίμησαν	G2008	epetimēsan	rebuked	rebuked
19:13	16	αὐτοῖς	G846	autois	those [who brought them]	those [who brought them]
19:14	1	δὲ	G1161	de	But	But
19:14	2	ὁ	G3588	ho	-	-
19:14	3	Ἰησοῦς	G2424	Iēsous	Jesus	Jesus
19:14	4	εἶπεν	G2036	eipen	said	said
19:14	5	Ἄφετε	G863	Aphete	Let	Let
19:14	6	τὰ	G3588	ta	the	the
19:14	7	παιδία	G3813	paidia	little children	little children
19:14	8	ἐλθεῖν	G2064	elthein	come	come
19:14	9	πρός	G4314	pros	to	to
19:14	10	με	G1473	me	Me	Me
19:14	11	καὶ	G2532	kai	and	and
19:14	12	μὴ	G3361	mē	vvv	vvv
19:14	13	κωλύετε	G2967	kōlyete	do not hinder	do not hinder
19:14	14	αὐτὰ	G846	auta	them	them
19:14	15	γὰρ	G1063	gar	For	For
19:14	16	ἡ	G3588	hē	the	the
19:14	17	βασιλεία	G932	basileia	kingdom	kingdom
19:14	18	τῶν	G3588	tōn	of	of
19:14	19	οὐρανῶν	G3772	ouranōn	heaven	heaven
19:14	20	ἐστὶν	G1510	estin	belongs	belongs
19:14	21	τῶν	G3588	tōn	to	to
19:14	22	τοιούτων	G5108	toioutōn	such as these	such as these
19:15	1	καὶ	G2532	kai	And	And
19:15	2	ἐπιθεὶς	G2007	epitheis	after He had placed	after He had placed
19:15	3	τὰς	G3588	tas	[His]	[His]
19:15	4	χεῖρας	G5495	cheiras	hands	hands
19:15	5	αὐτοῖς	G846	autois	on them	on them
19:15	6	ἐπορεύθη	G4198	eporeuthē	He went on	He went on
19:15	7	ἐκεῖθεν	G1564	ekeithen	from there	from there
19:16	1	Καὶ	G2532	Kai	Just then	Just then
19:16	2	ἰδοὺ	G2400	idou	. . .	. . .
19:16	3	εἷς	G1520	heis	a man	a man
19:16	4	προσελθὼν	G4334	proselthōn	came up	came up
19:16	5	αὐτῷ	G846	autō	to [Jesus]	to [Jesus]
19:16	6	εἶπεν	G2036	eipen	[and] inquired	[and] inquired
19:16	7	Διδάσκαλε	G1320	Didaskale	Teacher	Teacher
19:16	8	τί	G5101	ti	what	what
19:16	9	ἀγαθὸν	G18	agathon	good [thing]	good [thing]
19:16	10	ποιήσω	G4160	poiēsō	must I do	must I do
19:16	11	ἵνα	G2443	hina	to	to
19:16	12	σχῶ	G2192	schō	obtain	obtain
19:16	13	αἰώνιον	G166	aiōnion	eternal	eternal
19:16	14	ζωὴν	G2222	zōēn	life	life
19:17	1	Τί	G5101	Ti	Why	Why
19:17	2	ἐρωτᾷς	G2065	erōtas	do you ask	do you ask
19:17	3	με	G1473	me	Me	Me
19:17	4	περὶ	G4012	peri	about	about
19:17	5	τοῦ	G3588	tou	what is	what is
19:17	6	ἀγαθοῦ	G18	agathou	good	good
19:17	7	δὲ	G1161	de	-	-
19:17	8	Ὁ	G3588	Ho	-	-
19:17	9	εἶπεν	G2036	eipen	[Jesus] replied	[Jesus] replied
19:17	10	αὐτῷ	G846	autō	. . .	. . .
19:17	11	ἐστιν	G1510	estin	There is	There is
19:17	12	εἷς	G1520	heis	only One	only One
19:17	13	ὁ	G3588	ho	who is	who is
19:17	14	ἀγαθός	G18	agathos	good	good
19:17	15	δὲ	G1161	de	-	-
19:17	16	εἰ	G1487	ei	If	If
19:17	17	θέλεις	G2309	theleis	you want	you want
19:17	18	εἰσελθεῖν	G1525	eiselthein	to enter	to enter
19:17	19	εἰς	G1519	eis	. . .	. . .
19:17	20	τὴν	G3588	tēn	-	-
19:17	21	ζωὴν	G2222	zōēn	life	life
19:17	22	τήρησον	G5083	tērēson	keep	keep
19:17	23	τὰς	G3588	tas	the	the
19:17	24	ἐντολάς	G1785	entolas	commandments	commandments
19:18	1	Ποίας	G4169	Poias	Which [ones]	Which [ones]
19:18	2	Λέγει	G3004	Legei	[the man] asked	[the man] asked
19:18	3	αὐτῷ	G846	autō	. . .	. . .
19:18	4	δὲ	G1161	de	-	-
19:18	5	Ὁ	G3588	Ho	-	-
19:18	6	Ἰησοῦς	G2424	Iēsous	Jesus	Jesus
19:18	7	εἶπεν	G2036	eipen	answered	answered
19:18	8	Τὸ	G3588	To	-	-
19:18	9	Οὐ	G3756	Ou	vvv	vvv
19:18	10	φονεύσεις	G5407	phoneuseis	Do not murder	Do not murder
19:18	11	Οὐ	G3756	Ou	vvv	vvv
19:18	12	μοιχεύσεις	G3431	moicheuseis	do not commit adultery	do not commit adultery
19:18	13	Οὐ	G3756	Ou	vvv	vvv
19:18	14	κλέψεις	G2813	klepseis	do not steal	do not steal
19:18	15	Οὐ	G3756	Ou	vvv	vvv
19:18	16	ψευδομαρτυρήσεις	G5576	pseudomartyrēseis	do not bear false witness	do not bear false witness
19:19	1	Τίμα	G5091	Tima	honor	honor
19:19	2	τὸν	G3588	ton	[your]	[your]
19:19	3	πατέρα	G3962	patera	father	father
19:19	4	καὶ	G2532	kai	and	and
19:19	5	τὴν	G3588	tēn	-	-
19:19	6	μητέρα	G3384	mētera	mother	mother
19:19	7	καὶ	G2532	kai	and	and
19:19	8	Ἀγαπήσεις	G25	Agapēseis	love	love
19:19	9	σου	G4771	sou	your	your
19:19	10	τὸν	G3588	ton	-	-
19:19	11	πλησίον	G4139	plēsion	neighbor	neighbor
19:19	12	ὡς	G5613	hōs	as	as
19:19	13	σεαυτόν	G4572	seauton	yourself	yourself
19:20	1	Ταῦτα	G3778	Tauta	vvv	vvv
19:20	2	πάντα	G3956	panta	All these	All these
19:20	3	ἐφύλαξα	G5442	ephylaxa	I have kept	I have kept
19:20	4	Λέγει	G3004	Legei	said	said
19:20	5	ὁ	G3588	ho	the	the
19:20	6	νεανίσκος	G3495	neaniskos	young man	young man
19:20	7	αὐτῷ	G846	autō	. . .	. . .
19:20	8	τί	G5101	ti	What	What
19:20	9	ἔτι	G2089	eti	vvv	vvv
19:20	10	ὑστερῶ	G5302	hysterō	do I still lack	do I still lack
19:21	1	ὁ	G3588	ho	-	-
19:21	2	Ἰησοῦς	G2424	Iēsous	Jesus	Jesus
19:21	3	Ἔφη	G5346	Ephē	told	told
19:21	4	αὐτῷ	G846	autō	him	him
19:21	5	Εἰ	G1487	Ei	If	If
19:21	6	θέλεις	G2309	theleis	you want	you want
19:21	7	εἶναι	G1510	einai	to be	to be
19:21	8	τέλειος	G5046	teleios	perfect	perfect
19:21	9	ὕπαγε	G5217	hypage	go	go
19:21	10	πώλησόν	G4453	pōlēson	sell	sell
19:21	11	σου	G4771	sou	your	your
19:21	12	τὰ	G3588	ta	-	-
19:21	13	ὑπάρχοντα	G5225	hyparchonta	possessions	possessions
19:21	14	καὶ	G2532	kai	and	and
19:21	15	δὸς	G1325	dos	give	give
19:21	16	τοῖς	G3588	tois	to the	to the
19:21	17	πτωχοῖς	G4434	ptōchois	poor	poor
19:21	18	καὶ	G2532	kai	and	and
19:21	19	ἕξεις	G2192	hexeis	you will have	you will have
19:21	20	θησαυρὸν	G2344	thēsauron	treasure	treasure
19:21	21	ἐν	G1722	en	in	in
19:21	22	οὐρανοῖς	G3772	ouranois	heaven	heaven
19:21	23	καὶ	G2532	kai	Then	Then
19:21	24	δεῦρο	G1204	deuro	come	come
19:21	25	ἀκολούθει	G190	akolouthei	follow	follow
19:21	26	μοι	G1473	moi	Me	Me
19:22	1	δὲ	G1161	de	[When]	[When]
19:22	2	ὁ	G3588	ho	the	the
19:22	3	νεανίσκος	G3495	neaniskos	young man	young man
19:22	4	Ἀκούσας	G191	Akousas	heard	heard
19:22	5	τοῦτον	G3778	touton	this	this
19:22	6	τὸν	G3588	ton	-	-
19:22	7	λόγον	G3056	logon	-	-
19:22	8	ἀπῆλθεν	G565	apēlthen	he went away	he went away
19:22	9	λυπούμενος	G3076	lypoumenos	in sorrow	in sorrow
19:22	10	γὰρ	G1063	gar	because	because
19:22	11	ἦν	G1510	ēn	he	he
19:22	12	ἔχων	G2192	echōn	had	had
19:22	13	πολλά	G4183	polla	great	great
19:22	14	κτήματα	G2933	ktēmata	wealth	wealth
19:23	1	δὲ	G1161	de	Then	Then
19:23	2	Ὁ	G3588	Ho	-	-
19:23	3	Ἰησοῦς	G2424	Iēsous	Jesus	Jesus
19:23	4	εἶπεν	G2036	eipen	said	said
19:23	5	τοῖς	G3588	tois	to	to
19:23	6	αὐτοῦ	G846	autou	His	His
19:23	7	μαθηταῖς	G3101	mathētais	disciples	disciples
19:23	8	Ἀμὴν	G281	Amēn	Truly	Truly
19:23	9	λέγω	G3004	legō	I tell	I tell
19:23	10	ὑμῖν	G4771	hymin	you	you
19:23	11	ὅτι	G3754	hoti	-	-
19:23	12	δυσκόλως	G1423	dyskolōs	it is hard for	it is hard for
19:23	13	πλούσιος	G4145	plousios	a rich man	a rich man
19:23	14	εἰσελεύσεται	G1525	eiseleusetai	to enter	to enter
19:23	15	εἰς	G1519	eis	. . .	. . .
19:23	16	τὴν	G3588	tēn	the	the
19:23	17	βασιλείαν	G932	basileian	kingdom	kingdom
19:23	18	τῶν	G3588	tōn	of	of
19:23	19	οὐρανῶν	G3772	ouranōn	heaven	heaven
19:24	1	δὲ	G1161	de	vvv	vvv
19:24	2	πάλιν	G3825	palin	Again	Again
19:24	3	λέγω	G3004	legō	I tell	I tell
19:24	4	ὑμῖν	G4771	hymin	you	you
19:24	5	ἐστιν	G1510	estin	[it] is	[it] is
19:24	6	εὐκοπώτερόν	G2123	eukopōteron	easier for	easier for
19:24	7	κάμηλον	G2574	kamēlon	a camel	a camel
19:24	8	εἰσελθεῖν	G1525	eiselthein	to pass	to pass
19:24	9	διὰ	G1223	dia	through	through
19:24	10	τρυπήματος	G5169	trypēmatos	[the] eye	[the] eye
19:24	11	ῥαφίδος	G4476	rhaphidos	of a needle	of a needle
19:24	12	ἢ	G2228	ē	than for	than for
19:24	13	πλούσιον	G4145	plousion	a rich man	a rich man
19:24	14	εἰσελθεῖν	G1525	eiselthein	to enter	to enter
19:24	15	εἰς	G1519	eis	. . .	. . .
19:24	16	τὴν	G3588	tēn	the	the
19:24	17	βασιλείαν	G932	basileian	kingdom	kingdom
19:24	18	τοῦ	G3588	tou	of	of
19:24	19	Θεοῦ	G2316	Theou	God	God
19:25	1	δὲ	G1161	de	When	When
19:25	2	οἱ	G3588	hoi	the	the
19:25	3	μαθηταὶ	G3101	mathētai	disciples	disciples
19:25	4	Ἀκούσαντες	G191	Akousantes	heard this	heard this
19:25	5	σφόδρα	G4970	sphodra	{they were} greatly	{they were} greatly
19:25	6	ἐξεπλήσσοντο	G1605	exeplēssonto	astonished	astonished
19:25	7	λέγοντες	G3004	legontes	[and] asked	[and] asked
19:25	8	Τίς	G5101	Tis	Who	Who
19:25	9	ἄρα	G686	ara	then	then
19:25	10	δύναται	G1410	dynatai	can	can
19:25	11	σωθῆναι	G4982	sōthēnai	be saved	be saved
19:26	1	δὲ	G1161	de	-	-
19:26	2	ὁ	G3588	ho	-	-
19:26	3	Ἰησοῦς	G2424	Iēsous	Jesus	Jesus
19:26	4	Ἐμβλέψας	G1689	Emblepsas	looked at [them]	looked at [them]
19:26	5	εἶπεν	G2036	eipen	[and] said	[and] said
19:26	6	αὐτοῖς	G846	autois	. . .	. . .
19:26	7	Παρὰ	G3844	Para	With	With
19:26	8	ἀνθρώποις	G444	anthrōpois	man	man
19:26	9	τοῦτο	G3778	touto	this	this
19:26	10	ἐστιν	G1510	estin	is	is
19:26	11	ἀδύνατόν	G102	adynaton	impossible	impossible
19:26	12	δὲ	G1161	de	but	but
19:26	13	παρὰ	G3844	para	with	with
19:26	14	Θεῷ	G2316	Theō	God	God
19:26	15	πάντα	G3956	panta	all things [are]	all things [are]
19:26	16	δυνατά	G1415	dynata	possible	possible
19:27	1	Ἰδοὺ	G2400	Idou	Look	Look
19:27	2	Τότε	G5119	Tote	-	-
19:27	3	ὁ	G3588	ho	-	-
19:27	4	Πέτρος	G4074	Petros	Peter	Peter
19:27	5	ἀποκριθεὶς	G611	apokritheis	replied	replied
19:27	6	εἶπεν	G2036	eipen	. . .	. . .
19:27	7	αὐτῷ	G846	autō	. . .	. . .
19:27	8	ἡμεῖς	G1473	hēmeis	we	we
19:27	9	ἀφήκαμεν	G863	aphēkamen	have left	have left
19:27	10	πάντα	G3956	panta	everything	everything
19:27	11	καὶ	G2532	kai	-	-
19:27	12	ἠκολουθήσαμέν	G190	ēkolouthēsamen	to follow	to follow
19:27	13	σοι	G4771	soi	You	You
19:27	14	τί	G5101	ti	What	What
19:27	15	ἄρα	G686	ara	then	then
19:27	16	ἔσται	G1510	estai	will there be	will there be
19:27	17	ἡμῖν	G1473	hēmin	for us	for us
19:28	1	δὲ	G1161	de	-	-
19:28	2	Ὁ	G3588	Ho	-	-
19:28	3	Ἰησοῦς	G2424	Iēsous	Jesus	Jesus
19:28	4	εἶπεν	G2036	eipen	said	said
19:28	5	αὐτοῖς	G846	autois	to them	to them
19:28	6	Ἀμὴν	G281	Amēn	Truly	Truly
19:28	7	λέγω	G3004	legō	I tell	I tell
19:28	8	ὑμῖν	G4771	hymin	you	you
19:28	9	ὅτι	G3754	hoti	-	-
19:28	10	ἐν	G1722	en	in	in
19:28	11	τῇ	G3588	tē	the	the
19:28	12	παλινγενεσίᾳ	G3824	palingenesia	renewal of all things	renewal of all things
19:28	13	ὅταν	G3752	hotan	when	when
19:28	14	ὁ	G3588	ho	the	the
19:28	15	Υἱὸς	G5207	Huios	Son	Son
19:28	16	τοῦ	G3588	tou	-	-
19:28	17	ἀνθρώπου	G444	anthrōpou	of Man	of Man
19:28	18	καθίσῃ	G2523	kathisē	sits	sits
19:28	19	ἐπὶ	G1909	epi	on	on
19:28	20	αὐτοῦ	G846	autou	His	His
19:28	21	δόξης	G1391	doxēs	glorious	glorious
19:28	22	θρόνου	G2362	thronou	throne	throne
19:28	23	ὑμεῖς	G4771	hymeis	you	you
19:28	24	οἱ	G3588	hoi	who	who
19:28	25	ἀκολουθήσαντές	G190	akolouthēsantes	have followed	have followed
19:28	26	μοι	G1473	moi	Me	Me
19:28	27	ὑμεῖς	G4771	hymeis	-	-
19:28	28	καὶ	G2532	kai	vvv	vvv
19:28	29	καθήσεσθε	G2521	kathēsesthe	will also sit	will also sit
19:28	30	ἐπὶ	G1909	epi	on	on
19:28	31	δώδεκα	G1427	dōdeka	twelve	twelve
19:28	32	θρόνους	G2362	thronous	thrones	thrones
19:28	33	κρίνοντες	G2919	krinontes	judging	judging
19:28	34	τὰς	G3588	tas	the	the
19:28	35	δώδεκα	G1427	dōdeka	twelve	twelve
19:28	36	φυλὰς	G5443	phylas	tribes	tribes
19:28	37	τοῦ	G3588	tou	-	-
19:28	38	Ἰσραήλ	G2474	Israēl	of Israel	of Israel
19:29	1	καὶ	G2532	kai	And	And
19:29	2	πᾶς	G3956	pas	everyone	everyone
19:29	3	ὅστις	G3748	hostis	who	who
19:29	4	ἀφῆκεν	G863	aphēken	has left	has left
19:29	5	οἰκίας	G3614	oikias	houses	houses
19:29	6	ἢ	G2228	ē	or	or
19:29	7	ἀδελφοὺς	G80	adelphous	brothers	brothers
19:29	8	ἢ	G2228	ē	or	or
19:29	9	ἀδελφὰς	G79	adelphas	sisters	sisters
19:29	10	ἢ	G2228	ē	or	or
19:29	11	πατέρα	G3962	patera	father	father
19:29	12	ἢ	G2228	ē	or	or
19:29	13	μητέρα	G3384	mētera	mother	mother
19:29	14	ἢ	G2228	ē	or	or
19:29	15	γυναῖκα	G1135	gynaika	wife	wife
19:29	16	ἢ	G2228	ē	or	or
19:29	17	τέκνα	G5043	tekna	children	children
19:29	18	ἢ	G2228	ē	or	or
19:29	19	ἀγροὺς	G68	agrous	fields	fields
19:29	20	ἕνεκεν	G1752	heneken	for the sake of	for the sake of
19:29	21	τοῦ	G3588	tou	-	-
19:29	22	μου	G1473	mou	My	My
19:29	23	ὀνόματός	G3686	onomatos	name	name
19:29	24	λήμψεται	G2983	lēmpsetai	will receive	will receive
19:29	25	ἑκατονταπλασίονα	G1542	hekatontaplasiona	a hundredfold	a hundredfold
19:29	26	καὶ	G2532	kai	and	and
19:29	27	κληρονομήσει	G2816	klēronomēsei	will inherit	will inherit
19:29	28	αἰώνιον	G166	aiōnion	eternal	eternal
19:29	29	ζωὴν	G2222	zōēn	life	life
19:30	1	δὲ	G1161	de	But	But
19:30	2	Πολλοὶ	G4183	Polloi	many	many
19:30	3	πρῶτοι	G4413	prōtoi	[who are] first	[who are] first
19:30	4	ἔσονται	G1510	esontai	will be	will be
19:30	5	ἔσχατοι	G2078	eschatoi	last	last
19:30	6	καὶ	G2532	kai	and	and
19:30	7	ἔσχατοι	G2078	eschatoi	[the] last	[the] last
19:30	8	πρῶτοι	G4413	prōtoi	[will be] first	[will be] first
20:1	1	γάρ	G1063	gar	For	For
20:1	2	ἡ	G3588	hē	the	the
20:1	3	βασιλεία	G932	basileia	kingdom	kingdom
20:1	4	τῶν	G3588	tōn	of	of
20:1	5	οὐρανῶν	G3772	ouranōn	heaven	heaven
20:1	6	ἐστιν	G1510	estin	is	is
20:1	7	Ὁμοία	G3664	Homoia	like	like
20:1	8	ἀνθρώπῳ	G444	anthrōpō	vvv	vvv
20:1	9	οἰκοδεσπότῃ	G3617	oikodespotē	a landowner	a landowner
20:1	10	ὅστις	G3748	hostis	who	who
20:1	11	ἐξῆλθεν	G1831	exēlthen	went out	went out
20:1	12	ἅμα	G260	hama	early in	early in
20:1	13	πρωῒ	G4404	prōi	[the] morning	[the] morning
20:1	14	μισθώσασθαι	G3409	misthōsasthai	to hire	to hire
20:1	15	ἐργάτας	G2040	ergatas	workers	workers
20:1	16	εἰς	G1519	eis	for	for
20:1	17	αὐτοῦ	G846	autou	his	his
20:1	18	τὸν	G3588	ton	-	-
20:1	19	ἀμπελῶνα	G290	ampelōna	vineyard	vineyard
20:2	1	δὲ	G1161	de	-	-
20:2	2	συμφωνήσας	G4856	symphōnēsas	He agreed	He agreed
20:2	3	μετὰ	G3326	meta	[to pay]	[to pay]
20:2	4	τῶν	G3588	tōn	-	-
20:2	5	ἐργατῶν	G2040	ergatōn	[them]	[them]
20:2	6	δηναρίου	G1220	dēnariou	a denarius	a denarius
20:2	7	ἐκ	G1537	ek	for	for
20:2	8	τὴν	G3588	tēn	the	the
20:2	9	ἡμέραν	G2250	hēmeran	day	day
20:2	10	ἀπέστειλεν	G649	apesteilen	[and] sent	[and] sent
20:2	11	αὐτοὺς	G846	autous	them	them
20:2	12	εἰς	G1519	eis	into	into
20:2	13	αὐτοῦ	G846	autou	his	his
20:2	14	τὸν	G3588	ton	-	-
20:2	15	ἀμπελῶνα	G290	ampelōna	vineyard	vineyard
20:3	1	Καὶ	G2532	Kai	-	-
20:3	2	περὶ	G4012	peri	About	About
20:3	3	τρίτην	G5154	tritēn	the third	the third
20:3	4	ὥραν	G5610	hōran	hour	hour
20:3	5	ἐξελθὼν	G1831	exelthōn	he went out	he went out
20:3	6	εἶδεν	G3708	eiden	[and] saw	[and] saw
20:3	7	ἄλλους	G243	allous	others	others
20:3	8	ἑστῶτας	G2476	hestōtas	standing	standing
20:3	9	ἐν	G1722	en	in	in
20:3	10	τῇ	G3588	tē	the	the
20:3	11	ἀγορᾷ	G58	agora	marketplace	marketplace
20:3	12	ἀργούς	G692	argous	doing nothing	doing nothing
20:4	1	ὑμεῖς	G4771	hymeis	You	You
20:4	2	καὶ	G2532	kai	also	also
20:4	3	Ὑπάγετε	G5217	Hypagete	go	go
20:4	4	εἰς	G1519	eis	into	into
20:4	5	τὸν	G3588	ton	[my]	[my]
20:4	6	ἀμπελῶνα	G290	ampelōna	vineyard	vineyard
20:4	7	καὶ	G2532	kai	-	-
20:4	8	εἶπεν	G2036	eipen	he said	he said
20:4	9	ἐκείνοις	G1565	ekeinois	-	-
20:4	10	καὶ	G2532	kai	and	and
20:4	11	δώσω	G1325	dōsō	I will pay	I will pay
20:4	12	ὑμῖν	G4771	hymin	you	you
20:4	13	ὃ	G3739	ho	whatever	whatever
20:4	14	ἐὰν	G1437	ean	. . .	. . .
20:4	15	ᾖ	G1510	ē	is	is
20:4	16	δίκαιον	G1342	dikaion	right	right
20:5	1	δὲ	G1161	de	So	So
20:5	2	οἱ	G3588	hoi	-	-
20:5	3	ἀπῆλθον	G565	apēlthon	they went	they went
20:5	4	δὲ	G1161	de	-	-
20:5	5	ἐξελθὼν	G1831	exelthōn	He went out	He went out
20:5	6	Πάλιν	G3825	Palin	again	again
20:5	7	περὶ	G4012	peri	about	about
20:5	8	ἕκτην	G1623	hektēn	[the] sixth [hour]	[the] sixth [hour]
20:5	9	καὶ	G2532	kai	and	and
20:5	10	ἐνάτην	G1766	enatēn	[the] ninth	[the] ninth
20:5	11	ὥραν	G5610	hōran	hour	hour
20:5	12	ἐποίησεν	G4160	epoiēsen	[and] did	[and] did
20:5	13	ὡσαύτως	G5615	hōsautōs	the same thing	the same thing
20:6	1	δὲ	G1161	de	-	-
20:6	2	Περὶ	G4012	Peri	About	About
20:6	3	τὴν	G3588	tēn	the	the
20:6	4	ἑνδεκάτην	G1734	hendekatēn	eleventh [hour]	eleventh [hour]
20:6	5	ἐξελθὼν	G1831	exelthōn	he went out	he went out
20:6	6	εὗρεν	G2147	heuren	[and] found	[and] found
20:6	7	ἄλλους	G243	allous	still others	still others
20:6	8	ἑστῶτας	G2476	hestōtas	standing [around]	standing [around]
20:6	9	Τί	G5101	Ti	Why	Why
20:6	10	ἑστήκατε	G2476	hestēkate	have you been standing	have you been standing
20:6	11	ὧδε	G5602	hōde	here	here
20:6	12	ὅλην	G3650	holēn	all	all
20:6	13	τὴν	G3588	tēn	-	-
20:6	14	ἡμέραν	G2250	hēmeran	day [long]	day [long]
20:6	15	ἀργοί	G692	argoi	doing nothing	doing nothing
20:6	16	καὶ	G2532	kai	-	-
20:6	17	λέγει	G3004	legei	he asked	he asked
20:6	18	αὐτοῖς	G846	autois	. . .	. . .
20:7	1	Ὅτι	G3754	Hoti	Because	Because
20:7	2	οὐδεὶς	G3762	oudeis	no one	no one
20:7	3	ἐμισθώσατο	G3409	emisthōsato	has hired	has hired
20:7	4	ἡμᾶς	G1473	hēmas	us	us
20:7	5	Λέγουσιν	G3004	Legousin	they answered	they answered
20:7	6	αὐτῷ	G846	autō	. . .	. . .
20:7	7	Λέγει	G3004	Legei	So he told	So he told
20:7	8	αὐτοῖς	G846	autois	them	them
20:7	9	ὑμεῖς	G4771	hymeis	You	You
20:7	10	καὶ	G2532	kai	also	also
20:7	11	Ὑπάγετε	G5217	Hypagete	go	go
20:7	12	εἰς	G1519	eis	into	into
20:7	13	τὸν	G3588	ton	[my]	[my]
20:7	14	ἀμπελῶνα	G290	ampelōna	vineyard	vineyard
20:8	1	δὲ	G1161	de	When	When
20:8	2	Ὀψίας	G3798	Opsias	evening	evening
20:8	3	γενομένης	G1096	genomenēs	came	came
20:8	4	ὁ	G3588	ho	the	the
20:8	5	κύριος	G2962	kyrios	owner	owner
20:8	6	τοῦ	G3588	tou	of the	of the
20:8	7	ἀμπελῶνος	G290	ampelōnos	vineyard	vineyard
20:8	8	λέγει	G3004	legei	said	said
20:8	9	τῷ	G3588	tō	to	to
20:8	10	αὐτοῦ	G846	autou	his	his
20:8	11	ἐπιτρόπῳ	G2012	epitropō	foreman	foreman
20:8	12	Κάλεσον	G2564	Kaleson	Call	Call
20:8	13	τοὺς	G3588	tous	the	the
20:8	14	ἐργάτας	G2040	ergatas	workers	workers
20:8	15	καὶ	G2532	kai	and	and
20:8	16	ἀπόδος	G591	apodos	pay	pay
20:8	17	αὐτοῖς	G846	autois	them	them
20:8	18	τὸν	G3588	ton	[their]	[their]
20:8	19	μισθόν	G3408	misthon	wages	wages
20:8	20	ἀρξάμενος	G756	arxamenos	starting	starting
20:8	21	ἀπὸ	G575	apo	with	with
20:8	22	τῶν	G3588	tōn	the	the
20:8	23	ἐσχάτων	G2078	eschatōn	last [ones hired]	last [ones hired]
20:8	24	ἕως	G2193	heōs	and moving on	and moving on
20:8	25	τῶν	G3588	tōn	to the	to the
20:8	26	πρώτων	G4413	prōtōn	first	first
20:9	1	Καὶ	G2532	Kai	-	-
20:9	2	οἱ	G3588	hoi	[The workers who were hired]	[The workers who were hired]
20:9	3	περὶ	G4012	peri	about	about
20:9	4	τὴν	G3588	tēn	the	the
20:9	5	ἑνδεκάτην	G1734	hendekatēn	eleventh	eleventh
20:9	6	ὥραν	G5610	hōran	hour	hour
20:9	7	ἐλθόντες	G2064	elthontes	came [and]	came [and]
20:9	8	ἀνὰ	G303	ana	each	each
20:9	9	ἔλαβον	G2983	elabon	received	received
20:9	10	δηνάριον	G1220	dēnarion	a denarius	a denarius
20:10	1	καὶ	G2532	kai	So when	So when
20:10	2	οἱ	G3588	hoi	the	the
20:10	3	πρῶτοι	G4413	prōtoi	original [workers]	original [workers]
20:10	4	ἐλθόντες	G2064	elthontes	came	came
20:10	5	ἐνόμισαν	G3543	enomisan	they assumed	they assumed
20:10	6	ὅτι	G3754	hoti	-	-
20:10	7	λήμψονται	G2983	lēmpsontai	they would receive	they would receive
20:10	8	πλεῖον	G4119	pleion	more	more
20:10	9	καὶ	G2532	kai	But	But
20:10	10	ἀνὰ	G303	ana	each	each
20:10	11	αὐτοί	G846	autoi	of them	of them
20:10	12	καὶ	G2532	kai	also	also
20:10	13	ἔλαβον	G2983	elabon	received	received
20:10	14	τὸ	G3588	to	-	-
20:10	15	δηνάριον	G1220	dēnarion	a denarius	a denarius
20:11	1	δὲ	G1161	de	-	-
20:11	2	Λαβόντες	G2983	Labontes	On receiving [their pay]	On receiving [their pay]
20:11	3	ἐγόγγυζον	G1111	egongyzon	they began to grumble	they began to grumble
20:11	4	κατὰ	G2596	kata	against	against
20:11	5	τοῦ	G3588	tou	the	the
20:11	6	οἰκοδεσπότου	G3617	oikodespotou	landowner	landowner
20:12	1	Οὗτοι	G3778	Houtoi	These	These
20:12	2	οἱ	G3588	hoi	[men who were hired]	[men who were hired]
20:12	3	ἔσχατοι	G2078	eschatoi	last	last
20:12	4	ἐποίησαν	G4160	epoiēsan	worked	worked
20:12	5	μίαν	G1520	mian	only one	only one
20:12	6	ὥραν	G5610	hōran	hour	hour
20:12	7	λέγοντες	G3004	legontes	they said	they said
20:12	8	καὶ	G2532	kai	and	and
20:12	9	ἐποίησας	G4160	epoiēsas	you have made	you have made
20:12	10	αὐτοὺς	G846	autous	them	them
20:12	11	ἴσους	G2470	isous	equal	equal
20:12	12	ἡμῖν	G1473	hēmin	to us	to us
20:12	13	τοῖς	G3588	tois	who	who
20:12	14	βαστάσασι	G941	bastasasi	have borne	have borne
20:12	15	τὸ	G3588	to	the	the
20:12	16	βάρος	G922	baros	burden	burden
20:12	17	καὶ	G2532	kai	and	and
20:12	18	τὸν	G3588	ton	the	the
20:12	19	καύσωνα	G2742	kausōna	scorching heat	scorching heat
20:12	20	τῆς	G3588	tēs	of the	of the
20:12	21	ἡμέρας	G2250	hēmeras	day	day
20:13	1	δὲ	G1161	de	But	But
20:13	2	Ὁ	G3588	Ho	-	-
20:13	3	ἀποκριθεὶς	G611	apokritheis	he answered	he answered
20:13	4	ἑνὶ	G1520	heni	one	one
20:13	5	αὐτῶν	G846	autōn	of them	of them
20:13	6	εἶπεν	G2036	eipen	-	-
20:13	7	Ἑταῖρε	G2083	Hetaire	Friend	Friend
20:13	8	οὐκ	G3756	ouk	vvv	vvv
20:13	9	ἀδικῶ	G91	adikō	I am not being unfair	I am not being unfair
20:13	10	σε	G4771	se	to you	to you
20:13	11	οὐχὶ	G3780	ouchi	vvv	vvv
20:13	12	συνεφώνησάς	G4856	synephōnēsas	Did you not agree	Did you not agree
20:13	13	μοι	G1473	moi	with me	with me
20:13	14	δηναρίου	G1220	dēnariou	on one denarius	on one denarius
20:14	1	ἆρον	G142	aron	Take	Take
20:14	2	σὸν	G4674	son	your	your
20:14	3	τὸ	G3588	to	[pay]	[pay]
20:14	4	καὶ	G2532	kai	and	and
20:14	5	ὕπαγε	G5217	hypage	go	go
20:14	6	δὲ	G1161	de	-	-
20:14	7	θέλω	G2309	thelō	I want	I want
20:14	8	δοῦναι	G1325	dounai	to give	to give
20:14	9	τούτῳ	G3778	toutō	this	this
20:14	10	τῷ	G3588	tō	-	-
20:14	11	ἐσχάτῳ	G2078	eschatō	last [man]	last [man]
20:14	12	ὡς	G5613	hōs	the same as	the same as
20:14	13	καὶ	G2532	kai	[I gave]	[I gave]
20:14	14	σοί	G4771	soi	you	you
20:15	1	ἢ	G2228	ē	vvv	vvv
20:15	2	οὐκ	G3756	ouk	vvv	vvv
20:15	3	ἔξεστίν	G1832	exestin	Do I not have the right	Do I not have the right
20:15	4	μοι	G1473	moi	. . .	. . .
20:15	5	ποιῆσαι	G4160	poiēsai	to do	to do
20:15	6	ὃ	G3739	ho	as	as
20:15	7	θέλω	G2309	thelō	I please	I please
20:15	8	ἐν	G1722	en	with	with
20:15	9	τοῖς	G3588	tois	what [is]	what [is]
20:15	10	ἐμοῖς	G1699	emois	mine	mine
20:15	11	ἢ	G2228	ē	Or	Or
20:15	12	ἐστιν	G1510	estin	are you	are you
20:15	13	σου	G4771	sou	. . .	. . .
20:15	14	ὁ	G3588	ho	. . .	. . .
20:15	15	ὀφθαλμός	G3788	ophthalmos	. . .	. . .
20:15	16	πονηρός	G4190	ponēros	envious	envious
20:15	17	ὅτι	G3754	hoti	because	because
20:15	18	ἐγὼ	G1473	egō	I	I
20:15	19	εἰμι	G1510	eimi	am	am
20:15	20	ἀγαθός	G18	agathos	generous	generous
20:16	1	Οὕτως	G3779	Houtōs	So	So
20:16	2	οἱ	G3588	hoi	the	the
20:16	3	ἔσχατοι	G2078	eschatoi	last	last
20:16	4	ἔσονται	G1510	esontai	will be	will be
20:16	5	πρῶτοι	G4413	prōtoi	first	first
20:16	6	καὶ	G2532	kai	and	and
20:16	7	οἱ	G3588	hoi	the	the
20:16	8	πρῶτοι	G4413	prōtoi	first	first
20:16	9	ἔσχατοι	G2078	eschatoi	[will be] last	[will be] last
20:17	1	Καὶ	G2532	Kai	As	As
20:17	2	ὁ	G3588	ho	-	-
20:17	3	Ἰησοῦς	G2424	Iēsous	Jesus	Jesus
20:17	4	ἀναβαίνων	G305	anabainōn	was going up	was going up
20:17	5	ἐν	G1722	en	-	-
20:17	6	τῇ	G3588	tē	-	-
20:17	7	ὁδῷ	G3598	hodō	-	-
20:17	8	εἰς	G1519	eis	to	to
20:17	9	Ἱεροσόλυμα	G2414	Hierosolyma	Jerusalem	Jerusalem
20:17	10	παρέλαβεν	G3880	parelaben	He took	He took
20:17	11	τοὺς	G3588	tous	the	the
20:17	12	δώδεκα	G1427	dōdeka	twelve	twelve
20:17	13	μαθητὰς	G3101	mathētas	disciples	disciples
20:17	14	κατ’	G2596	kat’	aside	aside
20:17	15	ἰδίαν	G2398	idian	-	-
20:17	16	καὶ	G2532	kai	and	and
20:17	17	εἶπεν	G2036	eipen	said	said
20:17	18	αὐτοῖς	G846	autois	-	-
20:18	1	Ἰδοὺ	G2400	Idou	Look	Look
20:18	2	ἀναβαίνομεν	G305	anabainomen	we are going up	we are going up
20:18	3	εἰς	G1519	eis	to	to
20:18	4	Ἱεροσόλυμα	G2414	Hierosolyma	Jerusalem	Jerusalem
20:18	5	καὶ	G2532	kai	and	and
20:18	6	ὁ	G3588	ho	the	the
20:18	7	Υἱὸς	G5207	Huios	Son	Son
20:18	8	τοῦ	G3588	tou	-	-
20:18	9	ἀνθρώπου	G444	anthrōpou	of Man	of Man
20:18	10	παραδοθήσεται	G3860	paradothēsetai	will be delivered over	will be delivered over
20:18	11	τοῖς	G3588	tois	to the	to the
20:18	12	ἀρχιερεῦσιν	G749	archiereusin	chief priests	chief priests
20:18	13	καὶ	G2532	kai	and	and
20:18	14	γραμματεῦσιν	G1122	grammateusin	scribes	scribes
20:18	15	καὶ	G2532	kai	-	-
20:18	16	κατακρινοῦσιν	G2632	katakrinousin	They will condemn	They will condemn
20:18	17	αὐτὸν	G846	auton	Him	Him
20:18	18	εἰς	G1519	eis	to	to
20:18	19	θανάτῳ	G2288	thanatō	death	death
20:19	1	καὶ	G2532	kai	and	and
20:19	2	παραδώσουσιν	G3860	paradōsousin	will deliver	will deliver
20:19	3	αὐτὸν	G846	auton	Him {over}	Him {over}
20:19	4	εἰς	G1519	eis	to	to
20:19	5	τοῖς	G3588	tois	the	the
20:19	6	ἔθνεσιν	G1484	ethnesin	Gentiles	Gentiles
20:19	7	τὸ	G3588	to	-	-
20:19	8	ἐμπαῖξαι	G1702	empaixai	to be mocked	to be mocked
20:19	9	καὶ	G2532	kai	and	and
20:19	10	μαστιγῶσαι	G3146	mastigōsai	flogged	flogged
20:19	11	καὶ	G2532	kai	and	and
20:19	12	σταυρῶσαι	G4717	staurōsai	crucified	crucified
20:19	13	καὶ	G2532	kai	And	And
20:19	14	τῇ	G3588	tē	on the	on the
20:19	15	τρίτῃ	G5154	tritē	third	third
20:19	16	ἡμέρᾳ	G2250	hēmera	day	day
20:19	17	ἐγερθήσεται	G1453	egerthēsetai	He will be raised [to life]	He will be raised [to life]
20:20	1	Τότε	G5119	Tote	Then	Then
20:20	2	ἡ	G3588	hē	the	the
20:20	3	μήτηρ	G3384	mētēr	mother	mother
20:20	4	Ζεβεδαίου	G2199	Zebedaiou	of Zebedee’s	of Zebedee’s
20:20	5	τῶν	G3588	tōn	-	-
20:20	6	υἱῶν	G5207	huiōn	sons	sons
20:20	7	προσῆλθεν	G4334	prosēlthen	came	came
20:20	8	αὐτῷ	G846	autō	to [Jesus]	to [Jesus]
20:20	9	μετὰ	G3326	meta	with	with
20:20	10	αὐτῆς	G846	autēs	her	her
20:20	11	τῶν	G3588	tōn	-	-
20:20	12	υἱῶν	G5207	huiōn	sons	sons
20:20	13	προσκυνοῦσα	G4352	proskynousa	[and] knelt down	[and] knelt down
20:20	14	καὶ	G2532	kai	-	-
20:20	15	αἰτοῦσά	G154	aitousa	to make a request	to make a request
20:20	16	τι	G5100	ti	. . .	. . .
20:20	17	ἀπ’	G575	ap’	of	of
20:20	18	αὐτοῦ	G846	autou	Him	Him
20:21	1	Τί	G5101	Ti	What	What
20:21	2	θέλεις	G2309	theleis	do you want	do you want
20:21	3	δὲ	G1161	de	-	-
20:21	4	Ὁ	G3588	Ho	-	-
20:21	5	εἶπεν	G2036	eipen	He inquired	He inquired
20:21	6	αὐτῇ	G846	autē	-	-
20:21	7	Λέγει	G3004	Legei	She answered	She answered
20:21	8	αὐτῷ	G846	autō	. . .	. . .
20:21	9	Εἰπὲ	G2036	Eipe	Declare	Declare
20:21	10	ἵνα	G2443	hina	that	that
20:21	11	ἐν	G1722	en	in	in
20:21	12	σου	G4771	sou	Your	Your
20:21	13	τῇ	G3588	tē	-	-
20:21	14	βασιλείᾳ	G932	basileia	kingdom	kingdom
20:21	15	εἷς	G1520	heis	one	one
20:21	16	οὗτοι	G3778	houtoi	of these	of these
20:21	17	δύο	G1417	dyo	two	two
20:21	18	οἱ	G3588	hoi	-	-
20:21	19	υἱοί	G5207	huioi	sons	sons
20:21	20	μου	G1473	mou	of mine	of mine
20:21	21	καθίσωσιν	G2523	kathisōsin	may sit	may sit
20:21	22	ἐκ	G1537	ek	at	at
20:21	23	σου	G4771	sou	Your	Your
20:21	24	δεξιῶν	G1188	dexiōn	right hand	right hand
20:21	25	καὶ	G2532	kai	and	and
20:21	26	εἷς	G1520	heis	[the other]	[the other]
20:21	27	ἐξ	G1537	ex	at	at
20:21	28	σου	G4771	sou	Your	Your
20:21	29	εὐωνύμων	G2176	euōnymōn	left	left
20:22	1	Οὐκ	G3756	Ouk	vvv	vvv
20:22	2	οἴδατε	G1492	oidate	You do not know	You do not know
20:22	3	τί	G5101	ti	what	what
20:22	4	αἰτεῖσθε	G154	aiteisthe	you are asking	you are asking
20:22	5	δὲ	G1161	de	-	-
20:22	6	ὁ	G3588	ho	-	-
20:22	7	Ἰησοῦς	G2424	Iēsous	Jesus	Jesus
20:22	8	Ἀποκριθεὶς	G611	Apokritheis	replied	replied
20:22	9	εἶπεν	G2036	eipen	-	-
20:22	10	δύνασθε	G1410	dynasthe	Can you	Can you
20:22	11	πιεῖν	G4095	piein	drink	drink
20:22	12	τὸ	G3588	to	the	the
20:22	13	ποτήριον	G4221	potērion	cup	cup
20:22	14	ὃ	G3739	ho	-	-
20:22	15	ἐγὼ	G1473	egō	I	I
20:22	16	μέλλω	G3195	mellō	am going	am going
20:22	17	πίνειν	G4095	pinein	to drink	to drink
20:22	18	Δυνάμεθα	G1410	Dynametha	We can	We can
20:22	19	Λέγουσιν	G3004	Legousin	[the brothers] answered	[the brothers] answered
20:22	20	αὐτῷ	G846	autō	. . .	. . .
20:23	1	μὲν	G3303	men	vvv	vvv
20:23	2	πίεσθε	G4095	piesthe	You will indeed drink	You will indeed drink
20:23	3	μου	G1473	mou	My	My
20:23	4	Τὸ	G3588	To	-	-
20:23	5	ποτήριόν	G4221	potērion	cup	cup
20:23	6	Λέγει	G3004	Legei	[Jesus] said	[Jesus] said
20:23	7	αὐτοῖς	G846	autois	-	-
20:23	8	δὲ	G1161	de	But	But
20:23	9	τὸ	G3588	to	-	-
20:23	10	καθίσαι	G2523	kathisai	to sit	to sit
20:23	11	ἐκ	G1537	ek	at	at
20:23	12	μου	G1473	mou	My	My
20:23	13	δεξιῶν	G1188	dexiōn	right	right
20:23	14	καὶ	G2532	kai	[or]	[or]
20:23	15	ἐξ	G1537	ex	-	-
20:23	16	εὐωνύμων	G2176	euōnymōn	left	left
20:23	17	τοῦτο	G3778	touto	-	-
20:23	18	ἔστιν	G1510	estin	is	is
20:23	19	οὐκ	G3756	ouk	not	not
20:23	20	ἐμὸν	G1699	emon	Mine	Mine
20:23	21	δοῦναι	G1325	dounai	to grant	to grant
20:23	22	ἀλλ’	G235	all’	[These seats belong]	[These seats belong]
20:23	23	οἷς	G3739	hois	to those for whom	to those for whom
20:23	24	ὑπὸ	G5259	hypo	-	-
20:23	25	μου	G1473	mou	My	My
20:23	26	τοῦ	G3588	tou	-	-
20:23	27	Πατρός	G3962	Patros	Father	Father
20:23	28	ἡτοίμασται	G2090	hētoimastai	has prepared them	has prepared them
20:24	1	Καὶ	G2532	Kai	When	When
20:24	2	οἱ	G3588	hoi	the	the
20:24	3	δέκα	G1176	deka	ten	ten
20:24	4	ἀκούσαντες	G191	akousantes	heard about [this]	heard about [this]
20:24	5	ἠγανάκτησαν	G23	ēganaktēsan	they were indignant	they were indignant
20:24	6	περὶ	G4012	peri	with	with
20:24	7	τῶν	G3588	tōn	the	the
20:24	8	δύο	G1417	dyo	two	two
20:24	9	ἀδελφῶν	G80	adelphōn	brothers	brothers
20:25	1	δὲ	G1161	de	But	But
20:25	2	ὁ	G3588	ho	-	-
20:25	3	Ἰησοῦς	G2424	Iēsous	Jesus	Jesus
20:25	4	προσκαλεσάμενος	G4341	proskalesamenos	called them aside	called them aside
20:25	5	αὐτοὺς	G846	autous	. . .	. . .
20:25	6	εἶπεν	G2036	eipen	[and] said	[and] said
20:25	7	Οἴδατε	G1492	Oidate	You know	You know
20:25	8	ὅτι	G3754	hoti	that	that
20:25	9	οἱ	G3588	hoi	the	the
20:25	10	ἄρχοντες	G758	archontes	rulers	rulers
20:25	11	τῶν	G3588	tōn	of the	of the
20:25	12	ἐθνῶν	G1484	ethnōn	Gentiles	Gentiles
20:25	13	κατακυριεύουσιν	G2634	katakyrieuousin	lord it over	lord it over
20:25	14	αὐτῶν	G846	autōn	them	them
20:25	15	καὶ	G2532	kai	and	and
20:25	16	οἱ	G3588	hoi	[their]	[their]
20:25	17	μεγάλοι	G3173	megaloi	superiors	superiors
20:25	18	κατεξουσιάζουσιν	G2715	katexousiazousin	exercise authority over	exercise authority over
20:25	19	αὐτῶν	G846	autōn	them	them
20:26	1	οὐχ	G3756	ouch	vvv	vvv
20:26	2	ἔσται	G1510	estai	It shall not be	It shall not be
20:26	3	οὕτως	G3779	houtōs	this way	this way
20:26	4	ἐν	G1722	en	among	among
20:26	5	ὑμῖν	G4771	hymin	you	you
20:26	6	ἀλλ’	G235	all’	Instead	Instead
20:26	7	ὃς	G3739	hos	whoever	whoever
20:26	8	ἐὰν	G1437	ean	. . .	. . .
20:26	9	θέλῃ	G2309	thelē	wants	wants
20:26	10	γενέσθαι	G1096	genesthai	to become	to become
20:26	11	μέγας	G3173	megas	great	great
20:26	12	ἐν	G1722	en	among	among
20:26	13	ὑμῖν	G4771	hymin	you	you
20:26	14	ἔσται	G1510	estai	must be	must be
20:26	15	ὑμῶν	G4771	hymōn	your	your
20:26	16	διάκονος	G1249	diakonos	servant	servant
20:27	1	καὶ	G2532	kai	and	and
20:27	2	ὃς	G3739	hos	whoever	whoever
20:27	3	ἂν	G302	an	. . .	. . .
20:27	4	θέλῃ	G2309	thelē	wants	wants
20:27	5	εἶναι	G1510	einai	to be	to be
20:27	6	πρῶτος	G4413	prōtos	first	first
20:27	7	ἐν	G1722	en	among	among
20:27	8	ὑμῖν	G4771	hymin	you	you
20:27	9	ἔσται	G1510	estai	must be	must be
20:27	10	ὑμῶν	G4771	hymōn	your	your
20:27	11	δοῦλος	G1401	doulos	slave	slave
20:28	1	ὥσπερ	G5618	hōsper	just as	just as
20:28	2	ὁ	G3588	ho	the	the
20:28	3	Υἱὸς	G5207	Huios	Son	Son
20:28	4	τοῦ	G3588	tou	-	-
20:28	5	ἀνθρώπου	G444	anthrōpou	of Man	of Man
20:28	6	οὐκ	G3756	ouk	vvv	vvv
20:28	7	ἦλθεν	G2064	ēlthen	did not come	did not come
20:28	8	διακονηθῆναι	G1247	diakonēthēnai	to be served	to be served
20:28	9	ἀλλὰ	G235	alla	but	but
20:28	10	διακονῆσαι	G1247	diakonēsai	to serve	to serve
20:28	11	καὶ	G2532	kai	and	and
20:28	12	δοῦναι	G1325	dounai	to give	to give
20:28	13	αὐτοῦ	G846	autou	His	His
20:28	14	τὴν	G3588	tēn	-	-
20:28	15	ψυχὴν	G5590	psychēn	life	life
20:28	16	λύτρον	G3083	lytron	[as] a ransom	[as] a ransom
20:28	17	ἀντὶ	G473	anti	for	for
20:28	18	πολλῶν	G4183	pollōn	many	many
20:29	1	Καὶ	G2532	Kai	-	-
20:29	2	αὐτῶν	G846	autōn	[As] they	[As] they
20:29	3	ἐκπορευομένων	G1607	ekporeuomenōn	were leaving	were leaving
20:29	4	ἀπὸ	G575	apo	. . .	. . .
20:29	5	Ἰεριχὼ	G2410	Ierichō	Jericho	Jericho
20:29	6	πολύς	G4183	polys	a large	a large
20:29	7	ὄχλος	G3793	ochlos	crowd	crowd
20:29	8	ἠκολούθησεν	G190	ēkolouthēsen	followed	followed
20:29	9	αὐτῷ	G846	autō	Him	Him
20:30	1	καὶ	G2532	kai	And	And
20:30	2	ἰδοὺ	G2400	idou	there were	there were
20:30	3	δύο	G1417	dyo	two	two
20:30	4	τυφλοὶ	G5185	typhloi	blind [men]	blind [men]
20:30	5	καθήμενοι	G2521	kathēmenoi	sitting	sitting
20:30	6	παρὰ	G3844	para	beside	beside
20:30	7	τὴν	G3588	tēn	the	the
20:30	8	ὁδόν	G3598	hodon	road	road
20:30	9	ἀκούσαντες	G191	akousantes	When they heard	When they heard
20:30	10	ὅτι	G3754	hoti	that	that
20:30	11	Ἰησοῦς	G2424	Iēsous	Jesus	Jesus
20:30	12	παράγει	G3855	paragei	was passing by	was passing by
20:30	13	ἔκραξαν	G2896	ekraxan	they cried out	they cried out
20:30	14	λέγοντες	G3004	legontes	. . .	. . .
20:30	15	Κύριε	G2962	Kyrie	Lord	Lord
20:30	16	υἱὸς	G5207	huios	Son	Son
20:30	17	Δαυίδ	G1138	Dauid	of David	of David
20:30	18	ἐλέησον	G1653	eleēson	have mercy on	have mercy on
20:30	19	ἡμᾶς	G1473	hēmas	us	us
20:31	1	δὲ	G1161	de	-	-
20:31	2	Ὁ	G3588	Ho	The	The
20:31	3	ὄχλος	G3793	ochlos	crowd	crowd
20:31	4	ἐπετίμησεν	G2008	epetimēsen	admonished	admonished
20:31	5	αὐτοῖς	G846	autois	them	them
20:31	6	ἵνα	G2443	hina	-	-
20:31	7	σιωπήσωσιν	G4623	siōpēsōsin	to be silent	to be silent
20:31	8	δὲ	G1161	de	but	but
20:31	9	οἱ	G3588	hoi	-	-
20:31	10	ἔκραξαν	G2896	ekraxan	they cried out	they cried out
20:31	11	μεῖζον	G3173	meizon	all the louder	all the louder
20:31	12	λέγοντες	G3004	legontes	-	-
20:31	13	Κύριε	G2962	Kyrie	Lord	Lord
20:31	14	υἱὸς	G5207	huios	Son	Son
20:31	15	Δαυίδ	G1138	Dauid	of David	of David
20:31	16	ἐλέησον	G1653	eleēson	have mercy on	have mercy on
20:31	17	ἡμᾶς	G1473	hēmas	us	us
20:32	1	Καὶ	G2532	Kai	-	-
20:32	2	ὁ	G3588	ho	-	-
20:32	3	Ἰησοῦς	G2424	Iēsous	Jesus	Jesus
20:32	4	στὰς	G2476	stas	stopped	stopped
20:32	5	ἐφώνησεν	G5455	ephōnēsen	[and] called	[and] called
20:32	6	αὐτοὺς	G846	autous	them	them
20:32	7	Τί	G5101	Ti	What	What
20:32	8	θέλετε	G2309	thelete	do you want	do you want
20:32	9	ποιήσω	G4160	poiēsō	Me to do	Me to do
20:32	10	ὑμῖν	G4771	hymin	for you	for you
20:32	11	καὶ	G2532	kai	-	-
20:32	12	εἶπεν	G2036	eipen	He asked	He asked
20:33	1	Κύριε	G2962	Kyrie	Lord	Lord
20:33	2	Λέγουσιν	G3004	Legousin	they answered	they answered
20:33	3	αὐτῷ	G846	autō	. . .	. . .
20:33	4	ἵνα	G2443	hina	let	let
20:33	5	ἡμῶν	G1473	hēmōn	our	our
20:33	6	οἱ	G3588	hoi	-	-
20:33	7	ὀφθαλμοὶ	G3788	ophthalmoi	eyes	eyes
20:33	8	ἀνοιγῶσιν	G455	anoigōsin	be opened	be opened
20:34	1	δὲ	G1161	de	-	-
20:34	2	Σπλαγχνισθεὶς	G4697	Splanchnistheis	Moved with compassion	Moved with compassion
20:34	3	ὁ	G3588	ho	-	-
20:34	4	Ἰησοῦς	G2424	Iēsous	Jesus	Jesus
20:34	5	ἥψατο	G680	hēpsato	touched	touched
20:34	6	αὐτῶν	G846	autōn	their	their
20:34	7	τῶν	G3588	tōn	-	-
20:34	8	ὀμμάτων	G3659	ommatōn	eyes	eyes
20:34	9	καὶ	G2532	kai	and	and
20:34	10	εὐθέως	G2112	eutheōs	at once	at once
20:34	11	ἀνέβλεψαν	G308	aneblepsan	they received their sight	they received their sight
20:34	12	καὶ	G2532	kai	and	and
20:34	13	ἠκολούθησαν	G190	ēkolouthēsan	followed	followed
20:34	14	αὐτῷ	G846	autō	Him	Him
21:1	1	Καὶ	G2532	Kai	-	-
21:1	2	ὅτε	G3753	hote	As	As
21:1	3	ἤγγισαν	G1448	ēngisan	they approached	they approached
21:1	4	εἰς	G1519	eis	. . .	. . .
21:1	5	Ἱεροσόλυμα	G2414	Hierosolyma	Jerusalem	Jerusalem
21:1	6	καὶ	G2532	kai	and	and
21:1	7	ἦλθον	G2064	ēlthon	came	came
21:1	8	εἰς	G1519	eis	to	to
21:1	9	Βηθφαγὴ	G967	Bēthphagē	Bethphage	Bethphage
21:1	10	εἰς	G1519	eis	on	on
21:1	11	τὸ	G3588	to	the	the
21:1	12	ὄρος	G3735	oros	Mount	Mount
21:1	13	τῶν	G3588	tōn	-	-
21:1	14	Ἐλαιῶν	G1636	Elaiōn	of Olives	of Olives
21:1	15	τότε	G5119	tote	-	-
21:1	16	Ἰησοῦς	G2424	Iēsous	Jesus	Jesus
21:1	17	ἀπέστειλεν	G649	apesteilen	sent out	sent out
21:1	18	δύο	G1417	dyo	two	two
21:1	19	μαθητὰς	G3101	mathētas	disciples	disciples
21:2	1	λέγων	G3004	legōn	saying	saying
21:2	2	αὐτοῖς	G846	autois	to them	to them
21:2	3	Πορεύεσθε	G4198	Poreuesthe	Go	Go
21:2	4	εἰς	G1519	eis	into	into
21:2	5	τὴν	G3588	tēn	the	the
21:2	6	κώμην	G2968	kōmēn	village	village
21:2	7	τὴν	G3588	tēn	-	-
21:2	8	κατέναντι	G2713	katenanti	ahead	ahead
21:2	9	ὑμῶν	G4771	hymōn	of you	of you
21:2	10	καὶ	G2532	kai	and	and
21:2	11	εὐθέως	G2112	eutheōs	at once	at once
21:2	12	εὑρήσετε	G2147	heurēsete	you will find	you will find
21:2	13	ὄνον	G3688	onon	a donkey	a donkey
21:2	14	δεδεμένην	G1210	dedemenēn	tied [there]	tied [there]
21:2	15	καὶ	G2532	kai	with	with
21:2	16	πῶλον	G4454	pōlon	[her] colt	[her] colt
21:2	17	μετ’	G3326	met’	beside	beside
21:2	18	αὐτῆς	G846	autēs	her	her
21:2	19	λύσαντες	G3089	lysantes	Untie [them]	Untie [them]
21:2	20	ἀγάγετέ	G71	agagete	[and] bring [them]	[and] bring [them]
21:2	21	μοι	G1473	moi	to Me	to Me
21:3	1	καὶ	G2532	kai	-	-
21:3	2	ἐάν	G1437	ean	If	If
21:3	3	τις	G5100	tis	anyone	anyone
21:3	4	εἴπῃ	G2036	eipē	questions	questions
21:3	5	τι	G5100	ti	. . .	. . .
21:3	6	ὑμῖν	G4771	hymin	you	you
21:3	7	ἐρεῖτε	G2046	ereite	tell [him]	tell [him]
21:3	8	ὅτι	G3754	hoti	that	that
21:3	9	Ὁ	G3588	HO	the	the
21:3	10	Κύριος	G2962	Kyrios	Lord	Lord
21:3	11	ἔχει	G2192	echei	vvv	vvv
21:3	12	χρείαν	G5532	chreian	needs	needs
21:3	13	αὐτῶν	G846	autōn	them	them
21:3	14	δὲ	G1161	de	and	and
21:3	15	ἀποστελεῖ	G649	apostelei	he will send	he will send
21:3	16	αὐτούς	G846	autous	them	them
21:3	17	εὐθὺς	G2112	euthys	right away	right away
21:4	1	δὲ	G1161	de	-	-
21:4	2	Τοῦτο	G3778	Touto	This	This
21:4	3	γέγονεν	G1096	gegonen	took place	took place
21:4	4	ἵνα	G2443	hina	to	to
21:4	5	πληρωθῇ	G4137	plērōthē	fulfill	fulfill
21:4	6	τὸ	G3588	to	what	what
21:4	7	ῥηθὲν	G2046	rhēthen	was spoken	was spoken
21:4	8	διὰ	G1223	dia	through	through
21:4	9	τοῦ	G3588	tou	the	the
21:4	10	προφήτου	G4396	prophētou	prophet	prophet
21:4	11	λέγοντος	G3004	legontos	-	-
21:5	1	Εἴπατε	G2036	Eipate	Say	Say
21:5	2	τῇ	G3588	tē	to the	to the
21:5	3	θυγατρὶ	G2364	thygatri	Daughter	Daughter
21:5	4	Σιών	G4622	Siōn	of Zion	of Zion
21:5	5	Ἰδοὺ	G2400	Idou	See	See
21:5	6	σου	G4771	sou	your	your
21:5	7	ὁ	G3588	ho	-	-
21:5	8	Βασιλεύς	G935	Basileus	King	King
21:5	9	ἔρχεταί	G2064	erchetai	comes	comes
21:5	10	σοι	G4771	soi	to you	to you
21:5	11	πραῢς	G4239	praus	gentle	gentle
21:5	12	καὶ	G2532	kai	and	and
21:5	13	ἐπιβεβηκὼς	G1910	epibebēkōs	riding	riding
21:5	14	ἐπὶ	G1909	epi	on	on
21:5	15	ὄνον	G3688	onon	a donkey	a donkey
21:5	16	καὶ	G2532	kai	-	-
21:5	17	ἐπὶ	G1909	epi	on	on
21:5	18	πῶλον	G4454	pōlon	a colt	a colt
21:5	19	υἱὸν	G5207	huion	[the] foal	[the] foal
21:5	20	ὑποζυγίου	G5268	hypozygiou	of a donkey	of a donkey
21:6	1	δὲ	G1161	de	So	So
21:6	2	οἱ	G3588	hoi	the	the
21:6	3	μαθηταὶ	G3101	mathētai	disciples	disciples
21:6	4	Πορευθέντες	G4198	Poreuthentes	went	went
21:6	5	καὶ	G2532	kai	and	and
21:6	6	ποιήσαντες	G4160	poiēsantes	did	did
21:6	7	καθὼς	G2531	kathōs	as	as
21:6	8	ὁ	G3588	ho	-	-
21:6	9	Ἰησοῦς	G2424	Iēsous	Jesus	Jesus
21:6	10	συνέταξεν	G4929	synetaxen	had directed	had directed
21:6	11	αὐτοῖς	G846	autois	them	them
21:7	1	ἤγαγον	G71	ēgagon	They brought	They brought
21:7	2	τὴν	G3588	tēn	the	the
21:7	3	ὄνον	G3688	onon	donkey	donkey
21:7	4	καὶ	G2532	kai	and	and
21:7	5	τὸν	G3588	ton	the	the
21:7	6	πῶλον	G4454	pōlon	colt	colt
21:7	7	καὶ	G2532	kai	and	and
21:7	8	ἐπέθηκαν	G2007	epethēkan	laid	laid
21:7	9	τὰ	G3588	ta	their	their
21:7	10	ἱμάτια	G2440	himatia	cloaks	cloaks
21:7	11	ἐπ’	G1909	ep’	on	on
21:7	12	αὐτῶν	G846	autōn	them	them
21:7	13	καὶ	G2532	kai	and	and
21:7	14	ἐπεκάθισεν	G1940	epekathisen	[Jesus] sat	[Jesus] sat
21:7	15	ἐπάνω	G1883	epanō	on	on
21:7	16	αὐτῶν	G846	autōn	them	them
21:8	1	δὲ	G1161	de	-	-
21:8	2	Ὁ	G3588	Ho	-	-
21:8	3	πλεῖστος	G4118	pleistos	A massive	A massive
21:8	4	ὄχλος	G3793	ochlos	crowd	crowd
21:8	5	ἔστρωσαν	G4766	estrōsan	spread	spread
21:8	6	ἑαυτῶν	G1438	heautōn	their	their
21:8	7	τὰ	G3588	ta	-	-
21:8	8	ἱμάτια	G2440	himatia	cloaks	cloaks
21:8	9	ἐν	G1722	en	on	on
21:8	10	τῇ	G3588	tē	the	the
21:8	11	ὁδῷ	G3598	hodō	road	road
21:8	12	δὲ	G1161	de	while	while
21:8	13	ἄλλοι	G243	alloi	others	others
21:8	14	ἔκοπτον	G2875	ekopton	cut	cut
21:8	15	κλάδους	G2798	kladous	branches	branches
21:8	16	ἀπὸ	G575	apo	from	from
21:8	17	τῶν	G3588	tōn	the	the
21:8	18	δένδρων	G1186	dendrōn	trees	trees
21:8	19	καὶ	G2532	kai	and	and
21:8	20	ἐστρώννυον	G4766	estrōnnyon	spread [them]	spread [them]
21:8	21	ἐν	G1722	en	on	on
21:8	22	τῇ	G3588	tē	the	the
21:8	23	ὁδῷ	G3598	hodō	road	road
21:9	1	δὲ	G1161	de	-	-
21:9	2	Οἱ	G3588	Hoi	The	The
21:9	3	ὄχλοι	G3793	ochloi	crowds	crowds
21:9	4	οἱ	G3588	hoi	that	that
21:9	5	προάγοντες	G4254	proagontes	went ahead	went ahead
21:9	6	αὐτὸν	G846	auton	of Him	of Him
21:9	7	καὶ	G2532	kai	and	and
21:9	8	οἱ	G3588	hoi	those that	those that
21:9	9	ἀκολουθοῦντες	G190	akolouthountes	followed	followed
21:9	10	ἔκραζον	G2896	ekrazon	were shouting	were shouting
21:9	11	λέγοντες	G3004	legontes	-	-
21:9	12	Ὡσαννὰ	G5614	Hōsanna	Hosanna	Hosanna
21:9	13	τῷ	G3588	tō	to the	to the
21:9	14	υἱῷ	G5207	huiō	Son	Son
21:9	15	Δαυίδ	G1138	Dauid	of David	of David
21:9	16	Εὐλογημένος	G2127	Eulogēmenos	Blessed is	Blessed is
21:9	17	ὁ	G3588	ho	He	He
21:9	18	ἐρχόμενος	G2064	erchomenos	who comes	who comes
21:9	19	ἐν	G1722	en	in	in
21:9	20	ὀνόματι	G3686	onomati	[the] name	[the] name
21:9	21	Κυρίου	G2962	Kyriou	of [the] Lord	of [the] Lord
21:9	22	Ὡσαννὰ	G5614	Hōsanna	Hosanna	Hosanna
21:9	23	ἐν	G1722	en	in	in
21:9	24	τοῖς	G3588	tois	the	the
21:9	25	ὑψίστοις	G5310	hypsistois	highest	highest
21:10	1	Καὶ	G2532	Kai	-	-
21:10	2	αὐτοῦ	G846	autou	When [Jesus]	When [Jesus]
21:10	3	εἰσελθόντος	G1525	eiselthontos	had entered	had entered
21:10	4	εἰς	G1519	eis	. . .	. . .
21:10	5	Ἱεροσόλυμα	G2414	Hierosolyma	Jerusalem	Jerusalem
21:10	6	ἡ	G3588	hē	the	the
21:10	7	πᾶσα	G3956	pasa	whole	whole
21:10	8	πόλις	G4172	polis	city	city
21:10	9	ἐσείσθη	G4579	eseisthē	was stirred	was stirred
21:10	10	λέγουσα	G3004	legousa	[and] asked	[and] asked
21:10	11	Τίς	G5101	Tis	Who	Who
21:10	12	ἐστιν	G1510	estin	is	is
21:10	13	οὗτος	G3778	houtos	this	this
21:11	1	δὲ	G1161	de	-	-
21:11	2	Οἱ	G3588	Hoi	The	The
21:11	3	ὄχλοι	G3793	ochloi	crowds	crowds
21:11	4	ἔλεγον	G2036	elegon	replied	replied
21:11	5	Οὗτός	G3778	Houtos	This	This
21:11	6	ἐστιν	G1510	estin	is	is
21:11	7	Ἰησοῦς	G2424	Iēsous	Jesus	Jesus
21:11	8	ὁ	G3588	ho	the	the
21:11	9	προφήτης	G4396	prophētēs	prophet	prophet
21:11	10	ὁ	G3588	ho	-	-
21:11	11	ἀπὸ	G575	apo	from	from
21:11	12	Ναζαρὲθ	G3478	Nazareth	Nazareth	Nazareth
21:11	13	τῆς	G3588	tēs	-	-
21:11	14	Γαλιλαίας	G1056	Galilaias	in Galilee	in Galilee
21:12	1	Καὶ	G2532	Kai	Then	Then
21:12	2	Ἰησοῦς	G2424	Iēsous	Jesus	Jesus
21:12	3	εἰσῆλθεν	G1525	eisēlthen	entered	entered
21:12	4	εἰς	G1519	eis	. . .	. . .
21:12	5	τὸ	G3588	to	the	the
21:12	6	ἱερόν	G2411	hieron	temple [courts]	temple [courts]
21:12	7	καὶ	G2532	kai	and	and
21:12	8	ἐξέβαλεν	G1544	exebalen	drove out	drove out
21:12	9	πάντας	G3956	pantas	all	all
21:12	10	τοὺς	G3588	tous	who were	who were
21:12	11	ἀγοράζοντας	G59	agorazontas	buying	buying
21:12	12	καὶ	G2532	kai	and	and
21:12	13	πωλοῦντας	G4453	pōlountas	selling	selling
21:12	14	ἐν	G1722	en	[there]	[there]
21:12	15	τῷ	G3588	tō	. . .	. . .
21:12	16	ἱερῷ	G2411	hierō	. . .	. . .
21:12	17	καὶ	G2532	kai	-	-
21:12	18	κατέστρεψεν	G2690	katestrepsen	He overturned	He overturned
21:12	19	τὰς	G3588	tas	the	the
21:12	20	τραπέζας	G5132	trapezas	tables	tables
21:12	21	τῶν	G3588	tōn	of the	of the
21:12	22	κολλυβιστῶν	G2855	kollybistōn	money changers	money changers
21:12	23	καὶ	G2532	kai	and	and
21:12	24	τὰς	G3588	tas	the	the
21:12	25	καθέδρας	G2515	kathedras	seats	seats
21:12	26	τῶν	G3588	tōn	of those	of those
21:12	27	πωλούντων	G4453	pōlountōn	selling	selling
21:12	28	τὰς	G3588	tas	-	-
21:12	29	περιστεράς	G4058	peristeras	doves	doves
21:13	1	καὶ	G2532	kai	And	And
21:13	2	λέγει	G3004	legei	He declared	He declared
21:13	3	αὐτοῖς	G846	autois	to them	to them
21:13	4	Γέγραπται	G1125	Gegraptai	It is written	It is written
21:13	5	μου	G1473	mou	My	My
21:13	6	Ὁ	G3588	Ho	-	-
21:13	7	οἶκός	G3624	oikos	house	house
21:13	8	κληθήσεται	G2564	klēthēsetai	will be called	will be called
21:13	9	οἶκος	G3624	oikos	a house	a house
21:13	10	προσευχῆς	G4335	proseuchēs	of prayer	of prayer
21:13	11	δὲ	G1161	de	But	But
21:13	12	ὑμεῖς	G4771	hymeis	you	you
21:13	13	ποιεῖτε	G4160	poieite	are making	are making
21:13	14	αὐτὸν	G846	auton	it	it
21:13	15	Σπήλαιον	G4693	Spēlaion	a den	a den
21:13	16	λῃστῶν	G3027	lēstōn	of robbers	of robbers
21:14	1	Καὶ	G2532	Kai	-	-
21:14	2	τυφλοὶ	G5185	typhloi	[The] blind	[The] blind
21:14	3	καὶ	G2532	kai	and	and
21:14	4	χωλοὶ	G5560	chōloi	[the] lame	[the] lame
21:14	5	προσῆλθον	G4334	prosēlthon	came	came
21:14	6	αὐτῷ	G846	autō	to Him	to Him
21:14	7	ἐν	G1722	en	at	at
21:14	8	τῷ	G3588	tō	the	the
21:14	9	ἱερῷ	G2411	hierō	temple	temple
21:14	10	καὶ	G2532	kai	and	and
21:14	11	ἐθεράπευσεν	G2323	etherapeusen	He healed	He healed
21:14	12	αὐτούς	G846	autous	them	them
21:15	1	δὲ	G1161	de	But	But
21:15	2	οἱ	G3588	hoi	the	the
21:15	3	ἀρχιερεῖς	G749	archiereis	chief priests	chief priests
21:15	4	καὶ	G2532	kai	and	and
21:15	5	οἱ	G3588	hoi	-	-
21:15	6	γραμματεῖς	G1122	grammateis	scribes	scribes
21:15	7	ἠγανάκτησαν	G23	ēganaktēsan	were indignant	were indignant
21:15	8	ἰδόντες	G3708	idontes	when they saw	when they saw
21:15	9	τὰ	G3588	ta	the	the
21:15	10	θαυμάσια	G2297	thaumasia	wonders	wonders
21:15	11	ἃ	G3739	ha	-	-
21:15	12	ἐποίησεν	G4160	epoiēsen	He performed	He performed
21:15	13	καὶ	G2532	kai	and	and
21:15	14	τοὺς	G3588	tous	the	the
21:15	15	παῖδας	G3816	paidas	children	children
21:15	16	καὶ	G2532	kai	vvv	vvv
21:15	17	λέγοντας	G3004	legontas	vvv	vvv
21:15	18	τοὺς	G3588	tous	vvv	vvv
21:15	19	κράζοντας	G2896	krazontas	shouting	shouting
21:15	20	ἐν	G1722	en	in	in
21:15	21	τῷ	G3588	tō	the	the
21:15	22	ἱερῷ	G2411	hierō	temple [courts]	temple [courts]
21:15	23	Ὡσαννὰ	G5614	Hōsanna	Hosanna	Hosanna
21:15	24	τῷ	G3588	tō	to the	to the
21:15	25	υἱῷ	G5207	huiō	Son	Son
21:15	26	Δαυίδ	G1138	Dauid	of David	of David
21:16	1	Ἀκούεις	G191	Akoueis	Do You hear	Do You hear
21:16	2	τί	G5101	ti	what	what
21:16	3	οὗτοι	G3778	houtoi	these [children]	these [children]
21:16	4	λέγουσιν	G3004	legousin	are saying	are saying
21:16	5	καὶ	G2532	kai	-	-
21:16	6	εἶπαν	G2036	eipan	they asked	they asked
21:16	7	αὐτῷ	G846	autō	-	-
21:16	8	Ναί	G3483	Nai	Yes	Yes
21:16	9	δὲ	G1161	de	-	-
21:16	10	Ὁ	G3588	Ho	-	-
21:16	11	Ἰησοῦς	G2424	Iēsous	Jesus	Jesus
21:16	12	λέγει	G3004	legei	answered	answered
21:16	13	αὐτοῖς	G846	autois	-	-
21:16	14	οὐδέποτε	G3763	oudepote	vvv	vvv
21:16	15	ἀνέγνωτε	G314	anegnōte	Have you never read	Have you never read
21:16	16	ὅτι	G3754	hoti	-	-
21:16	17	Ἐκ	G1537	Ek	From	From
21:16	18	στόματος	G4750	stomatos	[the] mouths	[the] mouths
21:16	19	νηπίων	G3516	nēpiōn	of children	of children
21:16	20	καὶ	G2532	kai	and	and
21:16	21	θηλαζόντων	G2337	thēlazontōn	infants	infants
21:16	22	Κατηρτίσω	G2675	Katērtisō	You have ordained	You have ordained
21:16	23	αἶνον	G136	ainon	praise	praise
21:17	1	Καὶ	G2532	Kai	Then	Then
21:17	2	καταλιπὼν	G2641	katalipōn	He left	He left
21:17	3	αὐτοὺς	G846	autous	them	them
21:17	4	ἐξῆλθεν	G1831	exēlthen	[and] went	[and] went
21:17	5	ἔξω	G1854	exō	out of	out of
21:17	6	τῆς	G3588	tēs	the	the
21:17	7	πόλεως	G4172	poleōs	city	city
21:17	8	εἰς	G1519	eis	to	to
21:17	9	Βηθανίαν	G963	Bēthanian	Bethany	Bethany
21:17	10	καὶ	G2532	kai	-	-
21:17	11	ηὐλίσθη	G835	ēulisthē	where He spent the night	where He spent the night
21:17	12	ἐκεῖ	G1563	ekei	. . .	. . .
21:18	1	δὲ	G1161	de	-	-
21:18	2	Πρωῒ	G4404	Prōi	In the morning	In the morning
21:18	3	ἐπανάγων	G1877	epanagōn	as [Jesus] was returning	as [Jesus] was returning
21:18	4	εἰς	G1519	eis	to	to
21:18	5	τὴν	G3588	tēn	the	the
21:18	6	πόλιν	G4172	polin	city	city
21:18	7	ἐπείνασεν	G3983	epeinasen	He was hungry	He was hungry
21:19	1	καὶ	G2532	kai	-	-
21:19	2	ἰδὼν	G3708	idōn	Seeing	Seeing
21:19	3	μίαν	G1520	mian	a	a
21:19	4	συκῆν	G4808	sykēn	fig tree	fig tree
21:19	5	ἐπὶ	G1909	epi	by	by
21:19	6	τῆς	G3588	tēs	the	the
21:19	7	ὁδοῦ	G3598	hodou	road	road
21:19	8	ἦλθεν	G2064	ēlthen	He went up	He went up
21:19	9	ἐπ’	G1909	ep’	to	to
21:19	10	αὐτήν	G846	autēn	it	it
21:19	11	καὶ	G2532	kai	but	but
21:19	12	εὗρεν	G2147	heuren	found	found
21:19	13	οὐδὲν	G3762	ouden	nothing	nothing
21:19	14	ἐν	G1722	en	on	on
21:19	15	αὐτῇ	G846	autē	it	it
21:19	16	εἰ	G1487	ei	except	except
21:19	17	μὴ	G3361	mē	. . .	. . .
21:19	18	μόνον	G3440	monon	. . .	. . .
21:19	19	φύλλα	G5444	phylla	leaves	leaves
21:19	20	Οὐ	G3756	Ou	vvv	vvv
21:19	21	γένηται	G1096	genētai	May you never bear	May you never bear
21:19	22	εἰς	G1519	eis	. . .	. . .
21:19	23	τὸν	G3588	ton	. . .	. . .
21:19	24	αἰῶνα	G165	aiōna	. . .	. . .
21:19	25	ἐκ	G1537	ek	. . .	. . .
21:19	26	σοῦ	G4771	sou	. . .	. . .
21:19	27	καρπὸς	G2590	karpos	fruit	fruit
21:19	28	μηκέτι	G3371	mēketi	again	again
21:19	29	καὶ	G2532	kai	-	-
21:19	30	λέγει	G3004	legei	He said	He said
21:19	31	αὐτῇ	G846	autē	-	-
21:19	32	καὶ	G2532	kai	And	And
21:19	33	παραχρῆμα	G3916	parachrēma	immediately	immediately
21:19	34	ἡ	G3588	hē	the	the
21:19	35	συκῆ	G4808	sykē	tree	tree
21:19	36	ἐξηράνθη	G3583	exēranthē	withered	withered
21:20	1	Καὶ	G2532	Kai	When	When
21:20	2	οἱ	G3588	hoi	the	the
21:20	3	μαθηταὶ	G3101	mathētai	disciples	disciples
21:20	4	ἰδόντες	G3708	idontes	saw [this]	saw [this]
21:20	5	ἐθαύμασαν	G2296	ethaumasan	they marveled	they marveled
21:20	6	λέγοντες	G3004	legontes	[and] asked	[and] asked
21:20	7	Πῶς	G4459	Pōs	How {did}	How {did}
21:20	8	ἡ	G3588	hē	the	the
21:20	9	συκῆ	G4808	sykē	fig tree	fig tree
21:20	10	ἐξηράνθη	G3583	exēranthē	wither	wither
21:20	11	παραχρῆμα	G3916	parachrēma	so quickly	so quickly
21:21	1	Ἀμὴν	G281	Amēn	Truly	Truly
21:21	2	λέγω	G3004	legō	I tell	I tell
21:21	3	ὑμῖν	G4771	hymin	you	you
21:21	4	δὲ	G1161	de	-	-
21:21	5	ὁ	G3588	ho	-	-
21:21	6	Ἰησοῦς	G2424	Iēsous	Jesus	Jesus
21:21	7	Ἀποκριθεὶς	G611	Apokritheis	replied	replied
21:21	8	εἶπεν	G2036	eipen	. . .	. . .
21:21	9	αὐτοῖς	G846	autois	. . .	. . .
21:21	10	ἐὰν	G1437	ean	if	if
21:21	11	ἔχητε	G2192	echēte	you have	you have
21:21	12	πίστιν	G4102	pistin	faith	faith
21:21	13	καὶ	G2532	kai	and	and
21:21	14	μὴ	G3361	mē	{do} not	{do} not
21:21	15	διακριθῆτε	G1252	diakrithēte	doubt	doubt
21:21	16	οὐ	G3756	ou	not	not
21:21	17	μόνον	G3440	monon	only	only
21:21	18	ποιήσετε	G4160	poiēsete	will you do	will you do
21:21	19	τὸ	G3588	to	what was done	what was done
21:21	20	τῆς	G3588	tēs	to the	to the
21:21	21	συκῆς	G4808	sykēs	fig tree	fig tree
21:21	22	ἀλλὰ	G235	alla	but	but
21:21	23	κἂν	G2579	kan	even if	even if
21:21	24	εἴπητε	G2036	eipēte	you say	you say
21:21	25	τούτῳ	G3778	toutō	to this	to this
21:21	26	τῷ	G3588	tō	-	-
21:21	27	ὄρει	G3735	orei	mountain	mountain
21:21	28	Ἄρθητι	G142	Arthēti	Be lifted up	Be lifted up
21:21	29	καὶ	G2532	kai	and	and
21:21	30	βλήθητι	G906	blēthēti	thrown	thrown
21:21	31	εἰς	G1519	eis	into	into
21:21	32	τὴν	G3588	tēn	the	the
21:21	33	θάλασσαν	G2281	thalassan	sea	sea
21:21	34	γενήσεται	G1096	genēsetai	it will happen	it will happen
21:22	1	καὶ	G2532	kai	-	-
21:22	2	πιστεύοντες	G4100	pisteuontes	If you believe	If you believe
21:22	3	λήμψεσθε	G2983	lēmpsesthe	you will receive	you will receive
21:22	4	πάντα	G3956	panta	whatever	whatever
21:22	5	ὅσα	G3745	hosa	. . .	. . .
21:22	6	ἂν	G302	an	. . .	. . .
21:22	7	αἰτήσητε	G154	aitēsēte	you ask for	you ask for
21:22	8	ἐν	G1722	en	in	in
21:22	9	τῇ	G3588	tē	-	-
21:22	10	προσευχῇ	G4335	proseuchē	prayer	prayer
21:23	1	Καὶ	G2532	Kai	When	When
21:23	2	αὐτοῦ	G846	autou	[Jesus]	[Jesus]
21:23	3	ἐλθόντος	G2064	elthontos	returned	returned
21:23	4	εἰς	G1519	eis	to	to
21:23	5	τὸ	G3588	to	the	the
21:23	6	ἱερὸν	G2411	hieron	temple [courts]	temple [courts]
21:23	7	διδάσκοντι	G1321	didaskonti	[and] began to teach	[and] began to teach
21:23	8	οἱ	G3588	hoi	the	the
21:23	9	ἀρχιερεῖς	G749	archiereis	chief priests	chief priests
21:23	10	καὶ	G2532	kai	and	and
21:23	11	οἱ	G3588	hoi	-	-
21:23	12	πρεσβύτεροι	G4245	presbyteroi	elders	elders
21:23	13	τοῦ	G3588	tou	of the	of the
21:23	14	λαοῦ	G2992	laou	people	people
21:23	15	προσῆλθον	G4334	prosēlthon	came up	came up
21:23	16	αὐτῷ	G846	autō	to Him	to Him
21:23	17	Ἐν	G1722	En	By	By
21:23	18	ποίᾳ	G4169	poia	what	what
21:23	19	ἐξουσίᾳ	G1849	exousia	authority	authority
21:23	20	ποιεῖς	G4160	poieis	are You doing	are You doing
21:23	21	ταῦτα	G3778	tauta	these things	these things
21:23	22	λέγοντες	G3004	legontes	they asked	they asked
21:23	23	καὶ	G2532	kai	And	And
21:23	24	τίς	G5101	tis	who	who
21:23	25	ἔδωκεν	G1325	edōken	gave	gave
21:23	26	σοι	G4771	soi	You	You
21:23	27	ταύτην	G3778	tautēn	this	this
21:23	28	τὴν	G3588	tēn	-	-
21:23	29	ἐξουσίαν	G1849	exousian	authority	authority
21:24	1	κἀγὼ	G2504	kagō	vvv	vvv
21:24	2	Ἐρωτήσω	G2065	Erōtēsō	I will also ask	I will also ask
21:24	3	ὑμᾶς	G4771	hymas	you	you
21:24	4	ἕνα	G1520	hena	one	one
21:24	5	λόγον	G3056	logon	question	question
21:24	6	δὲ	G1161	de	-	-
21:24	7	ὁ	G3588	ho	-	-
21:24	8	Ἰησοῦς	G2424	Iēsous	Jesus	Jesus
21:24	9	Ἀποκριθεὶς	G611	Apokritheis	replied	replied
21:24	10	εἶπεν	G2036	eipen	-	-
21:24	11	αὐτοῖς	G846	autois	-	-
21:24	12	ὃν	G3739	hon	-	-
21:24	13	ἐὰν	G1437	ean	{and} if	{and} if
21:24	14	εἴπητέ	G2036	eipēte	you answer	you answer
21:24	15	μοι	G1473	moi	Me	Me
21:24	16	κἀγὼ	G2504	kagō	I	I
21:24	17	ἐρῶ	G2046	erō	will tell	will tell
21:24	18	ὑμῖν	G4771	hymin	you	you
21:24	19	ἐν	G1722	en	by	by
21:24	20	ποίᾳ	G4169	poia	what	what
21:24	21	ἐξουσίᾳ	G1849	exousia	authority	authority
21:24	22	ποιῶ	G4160	poiō	I am doing	I am doing
21:24	23	ταῦτα	G3778	tauta	these things	these things
21:25	1	πόθεν	G4159	pothen	What was the source	What was the source
21:25	2	ἦν	G1510	ēn	. . .	. . .
21:25	3	τὸ	G3588	to	of	of
21:25	4	Ἰωάννου	G2491	Iōannou	John’s	John’s
21:25	5	τὸ	G3588	to	-	-
21:25	6	βάπτισμα	G908	baptisma	baptism	baptism
21:25	7	ἐξ	G1537	ex	[Was it] from	[Was it] from
21:25	8	οὐρανοῦ	G3772	ouranou	heaven	heaven
21:25	9	ἢ	G2228	ē	or	or
21:25	10	ἐξ	G1537	ex	from	from
21:25	11	ἀνθρώπων	G444	anthrōpōn	men	men
21:25	12	δὲ	G1161	de	-	-
21:25	13	Οἱ	G3588	Hoi	-	-
21:25	14	διελογίζοντο	G1260	dielogizonto	They deliberated	They deliberated
21:25	15	ἐν	G1722	en	among	among
21:25	16	ἑαυτοῖς	G1438	heautois	themselves	themselves
21:25	17	λέγοντες	G3004	legontes	[and] said	[and] said
21:25	18	Ἐὰν	G1437	Ean	If	If
21:25	19	εἴπωμεν	G2036	eipōmen	we say	we say
21:25	20	Ἐξ	G1537	Ex	From	From
21:25	21	οὐρανοῦ	G3772	ouranou	heaven	heaven
21:25	22	ἐρεῖ	G2046	erei	He will ask	He will ask
21:25	23	ἡμῖν	G1473	hēmin	-	-
21:25	24	Διὰ	G1223	Dia	Why	Why
21:25	25	τί	G5101	ti	. . .	. . .
21:25	26	οὖν	G3767	oun	then	then
21:25	27	οὐκ	G3756	ouk	vvv	vvv
21:25	28	ἐπιστεύσατε	G4100	episteusate	did you not believe	did you not believe
21:25	29	αὐτῷ	G846	autō	him	him
21:26	1	δὲ	G1161	de	But	But
21:26	2	ἐὰν	G1437	ean	if	if
21:26	3	εἴπωμεν	G2036	eipōmen	we say	we say
21:26	4	Ἐξ	G1537	Ex	From	From
21:26	5	ἀνθρώπων	G444	anthrōpōn	men	men
21:26	6	φοβούμεθα	G5399	phoboumetha	we are afraid	we are afraid
21:26	7	τὸν	G3588	ton	of the	of the
21:26	8	ὄχλον	G3793	ochlon	people	people
21:26	9	γὰρ	G1063	gar	for	for
21:26	10	πάντες	G3956	pantes	they all	they all
21:26	11	ἔχουσιν	G2192	echousin	regard	regard
21:26	12	τὸν	G3588	ton	-	-
21:26	13	Ἰωάννην	G2491	Iōannēn	John	John
21:26	14	ὡς	G5613	hōs	as	as
21:26	15	προφήτην	G4396	prophētēn	a prophet	a prophet
21:27	1	καὶ	G2532	kai	So	So
21:27	2	ἀποκριθέντες	G611	apokrithentes	they answered	they answered
21:27	3	τῷ	G3588	tō	-	-
21:27	4	Ἰησοῦ	G2424	Iēsou	-	-
21:27	5	εἶπαν	G2036	eipan	-	-
21:27	6	Οὐκ	G3756	Ouk	vvv	vvv
21:27	7	οἴδαμεν	G1492	oidamen	We do not know	We do not know
21:27	8	καὶ	G2532	kai	And	And
21:27	9	αὐτός	G846	autos	[Jesus]	[Jesus]
21:27	10	Ἔφη	G5346	Ephē	replied	replied
21:27	11	αὐτοῖς	G846	autois	-	-
21:27	12	Οὐδὲ	G3761	Oude	Neither	Neither
21:27	13	ἐγὼ	G1473	egō	{will} I	{will} I
21:27	14	λέγω	G3004	legō	tell	tell
21:27	15	ὑμῖν	G4771	hymin	you	you
21:27	16	ἐν	G1722	en	by	by
21:27	17	ποίᾳ	G4169	poia	what	what
21:27	18	ἐξουσίᾳ	G1849	exousia	authority	authority
21:27	19	ποιῶ	G4160	poiō	I am doing	I am doing
21:27	20	ταῦτα	G3778	tauta	these things	these things
21:28	1	δὲ	G1161	de	But	But
21:28	2	Τί	G5101	Ti	what	what
21:28	3	ὑμῖν	G4771	hymin	[do] you	[do] you
21:28	4	δοκεῖ	G1380	dokei	think	think
21:28	5	ἄνθρωπος	G444	anthrōpos	[There was] a man	[There was] a man
21:28	6	εἶχεν	G2192	eichen	who had	who had
21:28	7	δύο	G1417	dyo	two	two
21:28	8	τέκνα	G5043	tekna	sons	sons
21:28	9	καὶ	G2532	kai	-	-
21:28	10	προσελθὼν	G4334	proselthōn	He went	He went
21:28	11	τῷ	G3588	tō	to the	to the
21:28	12	πρώτῳ	G4413	prōtō	first [one]	first [one]
21:28	13	εἶπεν	G2036	eipen	[and] said	[and] said
21:28	14	Τέκνον	G5043	Teknon	Son	Son
21:28	15	ὕπαγε	G5217	hypage	go	go
21:28	16	ἐργάζου	G2038	ergazou	[and] work	[and] work
21:28	17	σήμερον	G4594	sēmeron	today	today
21:28	18	ἐν	G1722	en	in	in
21:28	19	τῷ	G3588	tō	the	the
21:28	20	ἀμπελῶνι	G290	ampelōni	vineyard	vineyard
21:29	1	θέλω	G2309	thelō	I will not	I will not
21:29	2	δὲ	G1161	de	-	-
21:29	3	Ὁ	G3588	Ho	-	-
21:29	4	ἀποκριθεὶς	G611	apokritheis	he replied	he replied
21:29	5	εἶπεν	G2036	eipen	-	-
21:29	6	Οὐ	G3756	Ou	vvv	vvv
21:29	7	δὲ	G1161	de	But	But
21:29	8	ὕστερον	G5305	hysteron	later	later
21:29	9	μεταμεληθεὶς	G3338	metamelētheis	he changed his mind	he changed his mind
21:29	10	ἀπῆλθεν	G565	apēlthen	[and] went	[and] went
21:30	1	δὲ	G1161	de	Then	Then
21:30	2	Προσελθὼν	G4334	Proselthōn	[the man] went	[the man] went
21:30	3	τῷ	G3588	tō	to the	to the
21:30	4	δευτέρῳ	G1208	deuterō	second [son]	second [son]
21:30	5	εἶπεν	G2036	eipen	[and] told [him]	[and] told [him]
21:30	6	ὡσαύτως	G5615	hōsautōs	the same thing	the same thing
21:30	7	Ἐγώ	G1473	Egō	I [will]	I [will]
21:30	8	κύριε	G2962	kyrie	sir	sir
21:30	9	δὲ	G1161	de	-	-
21:30	10	Ὁ	G3588	Ho	-	-
21:30	11	ἀποκριθεὶς	G611	apokritheis	he said	he said
21:30	12	εἶπεν	G2036	eipen	-	-
21:30	13	καὶ	G2532	kai	But	But
21:30	14	οὐκ	G3756	ouk	vvv	vvv
21:30	15	ἀπῆλθεν	G565	apēlthen	he did not go	he did not go
21:31	1	Τίς	G5101	Tis	Which	Which
21:31	2	ἐκ	G1537	ek	of	of
21:31	3	τῶν	G3588	tōn	the	the
21:31	4	δύο	G1417	dyo	two	two
21:31	5	ἐποίησεν	G4160	epoiēsen	did	did
21:31	6	τὸ	G3588	to	the	the
21:31	7	θέλημα	G2307	thelēma	will	will
21:31	8	τοῦ	G3588	tou	of [his]	of [his]
21:31	9	πατρός	G3962	patros	father	father
21:31	10	Ὁ	G3588	Ho	The	The
21:31	11	πρῶτος	G4413	prōtos	first	first
21:31	12	Λέγουσιν	G3004	Legousin	they answered	they answered
21:31	13	ὁ	G3588	ho	-	-
21:31	14	Ἰησοῦς	G2424	Iēsous	Jesus	Jesus
21:31	15	Λέγει	G3004	Legei	said	said
21:31	16	αὐτοῖς	G846	autois	to them	to them
21:31	17	Ἀμὴν	G281	Amēn	Truly	Truly
21:31	18	λέγω	G3004	legō	I tell	I tell
21:31	19	ὑμῖν	G4771	hymin	you	you
21:31	20	ὅτι	G3754	hoti	-	-
21:31	21	οἱ	G3588	hoi	the	the
21:31	22	τελῶναι	G5057	telōnai	tax collectors	tax collectors
21:31	23	καὶ	G2532	kai	and	and
21:31	24	αἱ	G3588	hai	-	-
21:31	25	πόρναι	G4204	pornai	prostitutes	prostitutes
21:31	26	προάγουσιν	G4254	proagousin	are entering	are entering
21:31	27	εἰς	G1519	eis	. . .	. . .
21:31	28	τὴν	G3588	tēn	the	the
21:31	29	βασιλείαν	G932	basileian	kingdom	kingdom
21:31	30	τοῦ	G3588	tou	-	-
21:31	31	Θεοῦ	G2316	Theou	of God	of God
21:31	32	ὑμᾶς	G4771	hymas	before you	before you
21:32	1	γὰρ	G1063	gar	For	For
21:32	2	Ἰωάννης	G2491	Iōannēs	John	John
21:32	3	ἦλθεν	G2064	ēlthen	came	came
21:32	4	πρὸς	G4314	pros	to	to
21:32	5	ὑμᾶς	G4771	hymas	you	you
21:32	6	ἐν	G1722	en	in	in
21:32	7	ὁδῷ	G3598	hodō	[the] way	[the] way
21:32	8	δικαιοσύνης	G1343	dikaiosynēs	of righteousness	of righteousness
21:32	9	καὶ	G2532	kai	and	and
21:32	10	οὐκ	G3756	ouk	vvv	vvv
21:32	11	ἐπιστεύσατε	G4100	episteusate	you did not believe	you did not believe
21:32	12	αὐτῷ	G846	autō	him	him
21:32	13	δὲ	G1161	de	but	but
21:32	14	οἱ	G3588	hoi	the	the
21:32	15	τελῶναι	G5057	telōnai	tax collectors	tax collectors
21:32	16	καὶ	G2532	kai	and	and
21:32	17	αἱ	G3588	hai	-	-
21:32	18	πόρναι	G4204	pornai	prostitutes	prostitutes
21:32	19	ἐπίστευσαν	G4100	episteusan	[did]	[did]
21:32	20	αὐτῷ	G846	autō	. . .	. . .
21:32	21	δὲ	G1161	de	And	And
21:32	22	οὐδὲ	G3761	oude	[even]	[even]
21:32	23	ὕστερον	G5305	hysteron	after	after
21:32	24	ἰδόντες	G3708	idontes	you saw this	you saw this
21:32	25	ὑμεῖς	G4771	hymeis	you	you
21:32	26	μετεμελήθητε	G3338	metemelēthēte	did not repent	did not repent
21:32	27	τοῦ	G3588	tou	-	-
21:32	28	πιστεῦσαι	G4100	pisteusai	[and] believe	[and] believe
21:32	29	αὐτῷ	G846	autō	him	him
21:33	1	ἀκούσατε	G191	akousate	Listen to	Listen to
21:33	2	Ἄλλην	G243	Allēn	another	another
21:33	3	παραβολὴν	G3850	parabolēn	parable	parable
21:33	4	ἦν	G1510	ēn	There was	There was
21:33	5	Ἄνθρωπος	G444	Anthrōpos	a landowner	a landowner
21:33	6	οἰκοδεσπότης	G3617	oikodespotēs	. . .	. . .
21:33	7	ὅστις	G3748	hostis	who	who
21:33	8	ἐφύτευσεν	G5452	ephyteusen	planted	planted
21:33	9	ἀμπελῶνα	G290	ampelōna	a vineyard	a vineyard
21:33	10	καὶ	G2532	kai	-	-
21:33	11	περιέθηκεν	G4060	periethēken	He put	He put
21:33	12	φραγμὸν	G5418	phragmon	a wall	a wall
21:33	13	αὐτῷ	G846	autō	around it	around it
21:33	14	καὶ	G2532	kai	-	-
21:33	15	ὤρυξεν	G3736	ōryxen	dug	dug
21:33	16	ληνὸν	G3025	lēnon	a winepress	a winepress
21:33	17	ἐν	G1722	en	in	in
21:33	18	αὐτῷ	G846	autō	it	it
21:33	19	καὶ	G2532	kai	and	and
21:33	20	ᾠκοδόμησεν	G3618	ōkodomēsen	built	built
21:33	21	πύργον	G4444	pyrgon	a tower	a tower
21:33	22	καὶ	G2532	kai	Then	Then
21:33	23	ἐξέδετο	G1554	exedeto	he rented it out	he rented it out
21:33	24	αὐτὸν	G846	auton	. . .	. . .
21:33	25	γεωργοῖς	G1092	geōrgois	to [some] tenants	to [some] tenants
21:33	26	καὶ	G2532	kai	and	and
21:33	27	ἀπεδήμησεν	G589	apedēmēsen	went away on a journey	went away on a journey
21:34	1	δὲ	G1161	de	-	-
21:34	2	Ὅτε	G3753	Hote	When	When
21:34	3	ὁ	G3588	ho	the	the
21:34	4	καιρὸς	G2540	kairos	harvest time	harvest time
21:34	5	τῶν	G3588	tōn	. . .	. . .
21:34	6	καρπῶν	G2590	karpōn	. . .	. . .
21:34	7	ἤγγισεν	G1448	ēngisen	drew near	drew near
21:34	8	ἀπέστειλεν	G649	apesteilen	he sent	he sent
21:34	9	αὐτοῦ	G846	autou	his	his
21:34	10	τοὺς	G3588	tous	-	-
21:34	11	δούλους	G1401	doulous	servants	servants
21:34	12	πρὸς	G4314	pros	to	to
21:34	13	τοὺς	G3588	tous	the	the
21:34	14	γεωργοὺς	G1092	geōrgous	tenants	tenants
21:34	15	λαβεῖν	G2983	labein	to collect	to collect
21:34	16	αὐτοῦ	G846	autou	his	his
21:34	17	τοὺς	G3588	tous	-	-
21:34	18	καρποὺς	G2590	karpous	[share of the] fruit	[share of the] fruit
21:35	1	καὶ	G2532	kai	But	But
21:35	2	οἱ	G3588	hoi	the	the
21:35	3	γεωργοὶ	G1092	geōrgoi	tenants	tenants
21:35	4	λαβόντες	G2983	labontes	seized	seized
21:35	5	αὐτοῦ	G846	autou	his	his
21:35	6	τοὺς	G3588	tous	-	-
21:35	7	δούλους	G1401	doulous	servants	servants
21:35	8	ἔδειραν	G1194	edeiran	They beat	They beat
21:35	9	μὲν	G3303	men	-	-
21:35	10	ὃν	G3739	hon	one	one
21:35	11	δὲ	G1161	de	-	-
21:35	12	ἀπέκτειναν	G615	apekteinan	killed	killed
21:35	13	ὃν	G3739	hon	[another]	[another]
21:35	14	δὲ	G1161	de	and	and
21:35	15	ἐλιθοβόλησαν	G3036	elithobolēsan	stoned	stoned
21:35	16	ὃν	G3739	hon	a third	a third
21:36	1	Πάλιν	G3825	Palin	Again	Again
21:36	2	ἀπέστειλεν	G649	apesteilen	he sent	he sent
21:36	3	ἄλλους	G243	allous	other	other
21:36	4	δούλους	G1401	doulous	servants	servants
21:36	5	πλείονας	G4119	pleionas	more	more
21:36	6	τῶν	G3588	tōn	than the	than the
21:36	7	πρώτων	G4413	prōtōn	first [group]	first [group]
21:36	8	καὶ	G2532	kai	But	But
21:36	9	ἐποίησαν	G4160	epoiēsan	[the tenants] did	[the tenants] did
21:36	10	ὡσαύτως	G5615	hōsautōs	the same	the same
21:36	11	αὐτοῖς	G846	autois	to them	to them
21:37	1	δὲ	G1161	de	vvv	vvv
21:37	2	Ὕστερον	G5305	Hysteron	Finally	Finally
21:37	3	ἀπέστειλεν	G649	apesteilen	he sent	he sent
21:37	4	αὐτοῦ	G846	autou	his	his
21:37	5	τὸν	G3588	ton	-	-
21:37	6	υἱὸν	G5207	huion	son	son
21:37	7	πρὸς	G4314	pros	to	to
21:37	8	αὐτοὺς	G846	autous	them	them
21:37	9	Ἐντραπήσονται	G1788	Entrapēsontai	They will respect	They will respect
21:37	10	μου	G1473	mou	my	my
21:37	11	τὸν	G3588	ton	-	-
21:37	12	υἱόν	G5207	huion	son	son
21:37	13	λέγων	G3004	legōn	he said	he said
21:38	1	δὲ	G1161	de	But when	But when
21:38	2	Οἱ	G3588	Hoi	the	the
21:38	3	γεωργοὶ	G1092	geōrgoi	tenants	tenants
21:38	4	ἰδόντες	G3708	idontes	saw	saw
21:38	5	τὸν	G3588	ton	the	the
21:38	6	υἱὸν	G5207	huion	son	son
21:38	7	εἶπον	G2036	eipon	they said	they said
21:38	8	ἐν	G1722	en	to	to
21:38	9	ἑαυτοῖς	G1438	heautois	one another	one another
21:38	10	Οὗτός	G3778	Houtos	This	This
21:38	11	ἐστιν	G1510	estin	is	is
21:38	12	ὁ	G3588	ho	the	the
21:38	13	κληρονόμος	G2818	klēronomos	heir	heir
21:38	14	δεῦτε	G1205	deute	Come	Come
21:38	15	ἀποκτείνωμεν	G615	apokteinōmen	let us kill	let us kill
21:38	16	αὐτὸν	G846	auton	him	him
21:38	17	καὶ	G2532	kai	and	and
21:38	18	σχῶμεν	G2192	schōmen	take	take
21:38	19	αὐτοῦ	G846	autou	his	his
21:38	20	τὴν	G3588	tēn	-	-
21:38	21	κληρονομίαν	G2817	klēronomian	inheritance	inheritance
21:39	1	καὶ	G2532	kai	So	So
21:39	2	λαβόντες	G2983	labontes	they seized	they seized
21:39	3	αὐτὸν	G846	auton	him	him
21:39	4	ἐξέβαλον	G1544	exebalon	[and] threw [him]	[and] threw [him]
21:39	5	ἔξω	G1854	exō	out of	out of
21:39	6	τοῦ	G3588	tou	the	the
21:39	7	ἀμπελῶνος	G290	ampelōnos	vineyard	vineyard
21:39	8	καὶ	G2532	kai	and	and
21:39	9	ἀπέκτειναν	G615	apekteinan	killed [him]	killed [him]
21:40	1	οὖν	G3767	oun	Therefore	Therefore
21:40	2	Ὅταν	G3752	Hotan	when	when
21:40	3	ὁ	G3588	ho	the	the
21:40	4	κύριος	G2962	kyrios	owner	owner
21:40	5	τοῦ	G3588	tou	of the	of the
21:40	6	ἀμπελῶνος	G290	ampelōnos	vineyard	vineyard
21:40	7	ἔλθῃ	G2064	elthē	returns	returns
21:40	8	τί	G5101	ti	what	what
21:40	9	ποιήσει	G4160	poiēsei	will he do	will he do
21:40	10	ἐκείνοις	G1565	ekeinois	to those	to those
21:40	11	τοῖς	G3588	tois	-	-
21:40	12	γεωργοῖς	G1092	geōrgois	tenants	tenants
21:41	1	ἀπολέσει	G622	apolesei	He will bring	He will bring
21:41	2	αὐτούς	G846	autous	those	those
21:41	3	Κακοὺς	G2556	Kakous	wretches	wretches
21:41	4	κακῶς	G2560	kakōs	{to a} wretched {end}	{to a} wretched {end}
21:41	5	Λέγουσιν	G3004	Legousin	they replied	they replied
21:41	6	αὐτῷ	G846	autō	-	-
21:41	7	καὶ	G2532	kai	and	and
21:41	8	ἐκδώσεται	G1554	ekdōsetai	will rent out	will rent out
21:41	9	τὸν	G3588	ton	the	the
21:41	10	ἀμπελῶνα	G290	ampelōna	vineyard	vineyard
21:41	11	ἄλλοις	G243	allois	to other	to other
21:41	12	γεωργοῖς	G1092	geōrgois	tenants	tenants
21:41	13	οἵτινες	G3748	hoitines	who	who
21:41	14	ἀποδώσουσιν	G591	apodōsousin	will give	will give
21:41	15	αὐτῷ	G846	autō	him	him
21:41	16	τοὺς	G3588	tous	[his]	[his]
21:41	17	καρποὺς	G2590	karpous	share of the fruit	share of the fruit
21:41	18	ἐν	G1722	en	at	at
21:41	19	τοῖς	G3588	tois	-	-
21:41	20	καιροῖς	G2540	kairois	harvest time	harvest time
21:41	21	αὐτῶν	G846	autōn	. . .	. . .
21:42	1	ὁ	G3588	ho	-	-
21:42	2	Ἰησοῦς	G2424	Iēsous	Jesus	Jesus
21:42	3	Λέγει	G3004	Legei	said	said
21:42	4	αὐτοῖς	G846	autois	to them	to them
21:42	5	Οὐδέποτε	G3763	Oudepote	vvv	vvv
21:42	6	ἀνέγνωτε	G314	anegnōte	Have you never read	Have you never read
21:42	7	ἐν	G1722	en	in	in
21:42	8	ταῖς	G3588	tais	the	the
21:42	9	γραφαῖς	G1124	graphais	Scriptures	Scriptures
21:42	10	Λίθον	G3037	Lithon	[The] stone	[The] stone
21:42	11	ὃν	G3739	hon	-	-
21:42	12	οἱ	G3588	hoi	the	the
21:42	13	οἰκοδομοῦντες	G3618	oikodomountes	builders	builders
21:42	14	ἀπεδοκίμασαν	G593	apedokimasan	rejected	rejected
21:42	15	Οὗτος	G3778	Houtos	-	-
21:42	16	ἐγενήθη	G1096	egenēthē	has become	has become
21:42	17	εἰς	G1519	eis	the	the
21:42	18	κεφαλὴν	G2776	kephalēn	vvv	vvv
21:42	19	γωνίας	G1137	gōnias	cornerstone	cornerstone
21:42	20	αὕτη	G3778	hautē	This	This
21:42	21	ἐγένετο	G1096	egeneto	is	is
21:42	22	Παρὰ	G3844	Para	from	from
21:42	23	Κυρίου	G2962	Kyriou	[the] Lord	[the] Lord
21:42	24	Καὶ	G2532	Kai	and	and
21:42	25	ἔστιν	G1510	estin	it is	it is
21:42	26	θαυμαστὴ	G2298	thaumastē	marvelous	marvelous
21:42	27	ἐν	G1722	en	in	in
21:42	28	ἡμῶν	G1473	hēmōn	our	our
21:42	29	ὀφθαλμοῖς	G3788	ophthalmois	eyes	eyes
21:43	1	Διὰ	G1223	Dia	Therefore	Therefore
21:43	2	τοῦτο	G3778	touto	. . .	. . .
21:43	3	λέγω	G3004	legō	I tell	I tell
21:43	4	ὑμῖν	G4771	hymin	you	you
21:43	5	ὅτι	G3754	hoti	that	that
21:43	6	ἡ	G3588	hē	the	the
21:43	7	βασιλεία	G932	basileia	kingdom	kingdom
21:43	8	τοῦ	G3588	tou	-	-
21:43	9	Θεοῦ	G2316	Theou	of God	of God
21:43	10	ἀρθήσεται	G142	arthēsetai	will be taken away	will be taken away
21:43	11	ἀφ’	G575	aph’	from	from
21:43	12	ὑμῶν	G4771	hymōn	you	you
21:43	13	καὶ	G2532	kai	and	and
21:43	14	δοθήσεται	G1325	dothēsetai	given	given
21:43	15	ἔθνει	G1484	ethnei	to a people	to a people
21:43	16	ποιοῦντι	G4160	poiounti	who will produce	who will produce
21:43	17	αὐτῆς	G846	autēs	its	its
21:43	18	τοὺς	G3588	tous	-	-
21:43	19	καρποὺς	G2590	karpous	fruit	fruit
21:44	1	καὶ	G2532	kai	-	-
21:44	2	ὁ	G3588	ho	He who	He who
21:44	3	πεσὼν	G4098	pesōn	falls	falls
21:44	4	ἐπὶ	G1909	epi	on	on
21:44	5	τοῦτον	G3778	touton	this	this
21:44	6	τὸν	G3588	ton	-	-
21:44	7	λίθον	G3037	lithon	stone	stone
21:44	8	συνθλασθήσεται	G4917	synthlasthēsetai	will be broken to pieces	will be broken to pieces
21:44	9	δ’	G1161	d’	but	but
21:44	10	ὃν	G3739	hon	he	he
21:44	11	ἐφ’	G1909	eph’	on whom	on whom
21:44	12	ἂν	G302	an	-	-
21:44	13	πέσῃ	G4098	pesē	it falls	it falls
21:44	14	λικμήσει	G3039	likmēsei	will be crushed	will be crushed
21:44	15	αὐτόν	G846	auton	. . .	. . .
21:45	1	Καὶ	G2532	Kai	When	When
21:45	2	οἱ	G3588	hoi	the	the
21:45	3	ἀρχιερεῖς	G749	archiereis	chief priests	chief priests
21:45	4	καὶ	G2532	kai	and	and
21:45	5	οἱ	G3588	hoi	-	-
21:45	6	Φαρισαῖοι	G5330	Pharisaioi	Pharisees	Pharisees
21:45	7	ἀκούσαντες	G191	akousantes	heard	heard
21:45	8	αὐτοῦ	G846	autou	His	His
21:45	9	τὰς	G3588	tas	-	-
21:45	10	παραβολὰς	G3850	parabolas	parables	parables
21:45	11	ἔγνωσαν	G1097	egnōsan	they knew	they knew
21:45	12	ὅτι	G3754	hoti	that	that
21:45	13	λέγει	G3004	legei	[Jesus] was speaking	[Jesus] was speaking
21:45	14	περὶ	G4012	peri	about	about
21:45	15	αὐτῶν	G846	autōn	them	them
21:46	1	καὶ	G2532	kai	Although	Although
21:46	2	ζητοῦντες	G2212	zētountes	they wanted	they wanted
21:46	3	κρατῆσαι	G2902	kratēsai	to arrest	to arrest
21:46	4	αὐτὸν	G846	auton	Him	Him
21:46	5	ἐφοβήθησαν	G5399	ephobēthēsan	they were afraid	they were afraid
21:46	6	τοὺς	G3588	tous	of the	of the
21:46	7	ὄχλους	G3793	ochlous	crowds	crowds
21:46	8	ἐπεὶ	G1893	epei	because	because
21:46	9	εἶχον	G2192	eichon	[the people] regarded	[the people] regarded
21:46	10	αὐτὸν	G846	auton	Him	Him
21:46	11	εἰς	G1519	eis	as	as
21:46	12	προφήτην	G4396	prophētēn	a prophet	a prophet
22:1	1	Καὶ	G2532	Kai	[Once]	[Once]
22:1	2	πάλιν	G3825	palin	again	again
22:1	3	ὁ	G3588	ho	-	-
22:1	4	Ἰησοῦς	G2424	Iēsous	Jesus	Jesus
22:1	5	ἀποκριθεὶς	G611	apokritheis	spoke	spoke
22:1	6	εἶπεν	G2036	eipen	. . .	. . .
22:1	7	αὐτοῖς	G846	autois	to them	to them
22:1	8	ἐν	G1722	en	in	in
22:1	9	παραβολαῖς	G3850	parabolais	parables	parables
22:1	10	λέγων	G3004	legōn	-	-
22:2	1	ἡ	G3588	hē	The	The
22:2	2	βασιλεία	G932	basileia	kingdom	kingdom
22:2	3	τῶν	G3588	tōn	of	of
22:2	4	οὐρανῶν	G3772	ouranōn	heaven	heaven
22:2	5	Ὡμοιώθη	G3666	Hōmoiōthē	is like	is like
22:2	6	ἀνθρώπῳ	G444	anthrōpō	vvv	vvv
22:2	7	βασιλεῖ	G935	basilei	a king	a king
22:2	8	ὅστις	G3748	hostis	who	who
22:2	9	ἐποίησεν	G4160	epoiēsen	prepared	prepared
22:2	10	γάμους	G1062	gamous	a wedding banquet	a wedding banquet
22:2	11	τῷ	G3588	tō	for	for
22:2	12	αὐτοῦ	G846	autou	his	his
22:2	13	υἱῷ	G5207	huiō	son	son
22:3	1	καὶ	G2532	kai	-	-
22:3	2	ἀπέστειλεν	G649	apesteilen	He sent	He sent
22:3	3	αὐτοῦ	G846	autou	his	his
22:3	4	τοὺς	G3588	tous	-	-
22:3	5	δούλους	G1401	doulous	servants	servants
22:3	6	καλέσαι	G2564	kalesai	to call	to call
22:3	7	τοὺς	G3588	tous	those	those
22:3	8	κεκλημένους	G2564	keklēmenous	he had invited	he had invited
22:3	9	εἰς	G1519	eis	to	to
22:3	10	τοὺς	G3588	tous	the	the
22:3	11	γάμους	G1062	gamous	banquet	banquet
22:3	12	καὶ	G2532	kai	but	but
22:3	13	ἤθελον	G2309	ēthelon	they refused	they refused
22:3	14	οὐκ	G3756	ouk	. . .	. . .
22:3	15	ἐλθεῖν	G2064	elthein	to come	to come
22:4	1	Πάλιν	G3825	Palin	Again	Again
22:4	2	ἀπέστειλεν	G649	apesteilen	he sent	he sent
22:4	3	ἄλλους	G243	allous	other	other
22:4	4	δούλους	G1401	doulous	servants	servants
22:4	5	λέγων	G3004	legōn	[and] said	[and] said
22:4	6	Εἴπατε	G2036	Eipate	Tell	Tell
22:4	7	τοῖς	G3588	tois	those who	those who
22:4	8	κεκλημένοις	G2564	keklēmenois	have been invited	have been invited
22:4	9	Ἰδοὺ	G2400	Idou	that	that
22:4	10	ἡτοίμακα	G2090	hētoimaka	I have prepared	I have prepared
22:4	11	μου	G1473	mou	my	my
22:4	12	τὸ	G3588	to	-	-
22:4	13	ἄριστόν	G712	ariston	dinner	dinner
22:4	14	μου	G1473	mou	My	My
22:4	15	οἱ	G3588	hoi	-	-
22:4	16	ταῦροί	G5022	tauroi	oxen	oxen
22:4	17	καὶ	G2532	kai	and	and
22:4	18	τὰ	G3588	ta	-	-
22:4	19	σιτιστὰ	G4619	sitista	fattened cattle	fattened cattle
22:4	20	τεθυμένα	G2380	tethymena	have been killed	have been killed
22:4	21	καὶ	G2532	kai	and	and
22:4	22	πάντα	G3956	panta	everything [is]	everything [is]
22:4	23	ἕτοιμα	G2092	hetoima	ready	ready
22:4	24	δεῦτε	G1205	deute	Come	Come
22:4	25	εἰς	G1519	eis	to	to
22:4	26	τοὺς	G3588	tous	the	the
22:4	27	γάμους	G1062	gamous	wedding banquet	wedding banquet
22:5	1	δὲ	G1161	de	But	But
22:5	2	Οἱ	G3588	Hoi	-	-
22:5	3	ἀμελήσαντες	G272	amelēsantes	they paid no attention	they paid no attention
22:5	4	ἀπῆλθον	G565	apēlthon	[and] went away	[and] went away
22:5	5	μὲν	G3303	men	-	-
22:5	6	ὃς	G3739	hos	one	one
22:5	7	εἰς	G1519	eis	to	to
22:5	8	ἴδιον	G2398	idion	his	his
22:5	9	τὸν	G3588	ton	-	-
22:5	10	ἀγρόν	G68	agron	field	field
22:5	11	δὲ	G1161	de	-	-
22:5	12	ὃς	G3739	hos	another	another
22:5	13	ἐπὶ	G1909	epi	to	to
22:5	14	αὐτοῦ	G846	autou	his	his
22:5	15	τὴν	G3588	tēn	-	-
22:5	16	ἐμπορίαν	G1711	emporian	business	business
22:6	1	δὲ	G1161	de	-	-
22:6	2	οἱ	G3588	hoi	The	The
22:6	3	λοιποὶ	G3062	loipoi	rest	rest
22:6	4	κρατήσαντες	G2902	kratēsantes	seized	seized
22:6	5	αὐτοῦ	G846	autou	his	his
22:6	6	τοὺς	G3588	tous	-	-
22:6	7	δούλους	G1401	doulous	servants	servants
22:6	8	ὕβρισαν	G5195	hybrisan	mistreated [them]	mistreated [them]
22:6	9	καὶ	G2532	kai	and	and
22:6	10	ἀπέκτειναν	G615	apekteinan	killed [them]	killed [them]
22:7	1	δὲ	G1161	de	-	-
22:7	2	Ὁ	G3588	Ho	The	The
22:7	3	βασιλεὺς	G935	basileus	king	king
22:7	4	ὠργίσθη	G3710	ōrgisthē	was enraged	was enraged
22:7	5	καὶ	G2532	kai	and	and
22:7	6	πέμψας	G3992	pempsas	he sent	he sent
22:7	7	αὐτοῦ	G846	autou	his	his
22:7	8	τὰ	G3588	ta	-	-
22:7	9	στρατεύματα	G4753	strateumata	troops	troops
22:7	10	ἀπώλεσεν	G622	apōlesen	to destroy	to destroy
22:7	11	ἐκείνους	G1565	ekeinous	those	those
22:7	12	τοὺς	G3588	tous	-	-
22:7	13	φονεῖς	G5406	phoneis	murderers	murderers
22:7	14	καὶ	G2532	kai	and	and
22:7	15	ἐνέπρησεν	G1714	eneprēsen	burn	burn
22:7	16	αὐτῶν	G846	autōn	their	their
22:7	17	τὴν	G3588	tēn	-	-
22:7	18	πόλιν	G4172	polin	city	city
22:8	1	τότε	G5119	tote	Then	Then
22:8	2	λέγει	G3004	legei	he said	he said
22:8	3	τοῖς	G3588	tois	to	to
22:8	4	αὐτοῦ	G846	autou	his	his
22:8	5	δούλοις	G1401	doulois	servants	servants
22:8	6	μὲν	G3303	men	-	-
22:8	7	Ὁ	G3588	Ho	The	The
22:8	8	γάμος	G1062	gamos	wedding banquet	wedding banquet
22:8	9	ἐστιν	G1510	estin	is	is
22:8	10	ἕτοιμός	G2092	hetoimos	ready	ready
22:8	11	δὲ	G1161	de	but	but
22:8	12	οἱ	G3588	hoi	those	those
22:8	13	κεκλημένοι	G2564	keklēmenoi	I invited	I invited
22:8	14	ἦσαν	G1510	ēsan	were	were
22:8	15	οὐκ	G3756	ouk	not	not
22:8	16	ἄξιοι	G514	axioi	worthy	worthy
22:9	1	πορεύεσθε	G4198	poreuesthe	Go	Go
22:9	2	οὖν	G3767	oun	therefore	therefore
22:9	3	ἐπὶ	G1909	epi	to	to
22:9	4	τὰς	G3588	tas	the	the
22:9	5	διεξόδους	G1327	diexodous	crossroads	crossroads
22:9	6	τῶν	G3588	tōn	. . .	. . .
22:9	7	ὁδῶν	G3598	hodōn	. . .	. . .
22:9	8	καὶ	G2532	kai	and	and
22:9	9	καλέσατε	G2564	kalesate	invite	invite
22:9	10	εἰς	G1519	eis	to	to
22:9	11	τοὺς	G3588	tous	the	the
22:9	12	γάμους	G1062	gamous	banquet	banquet
22:9	13	ὅσους	G3745	hosous	as many as	as many as
22:9	14	ἐὰν	G1437	ean	. . .	. . .
22:9	15	εὕρητε	G2147	heurēte	you can find	you can find
22:10	1	Καὶ	G2532	Kai	So	So
22:10	2	ἐκεῖνοι	G1565	ekeinoi	-	-
22:10	3	οἱ	G3588	hoi	the	the
22:10	4	δοῦλοι	G1401	douloi	servants	servants
22:10	5	ἐξελθόντες	G1831	exelthontes	went out	went out
22:10	6	εἰς	G1519	eis	into	into
22:10	7	τὰς	G3588	tas	the	the
22:10	8	ὁδοὺς	G3598	hodous	streets	streets
22:10	9	συνήγαγον	G4863	synēgagon	[and] gathered	[and] gathered
22:10	10	πάντας	G3956	pantas	everyone	everyone
22:10	11	οὓς	G3739	hous	. . .	. . .
22:10	12	εὗρον	G2147	heuron	they could find	they could find
22:10	13	τε	G5037	te	both	both
22:10	14	πονηρούς	G4190	ponērous	evil	evil
22:10	15	καὶ	G2532	kai	and	and
22:10	16	ἀγαθούς	G18	agathous	good	good
22:10	17	καὶ	G2532	kai	and	and
22:10	18	ὁ	G3588	ho	the	the
22:10	19	γάμος	G1062	gamos	wedding hall	wedding hall
22:10	20	ἐπλήσθη	G4130	eplēsthē	was filled	was filled
22:10	21	ἀνακειμένων	G345	anakeimenōn	with guests	with guests
22:11	1	δὲ	G1161	de	But when	But when
22:11	2	ὁ	G3588	ho	the	the
22:11	3	βασιλεὺς	G935	basileus	king	king
22:11	4	Εἰσελθὼν	G1525	Eiselthōn	came in	came in
22:11	5	θεάσασθαι	G2300	theasasthai	to see	to see
22:11	6	τοὺς	G3588	tous	the	the
22:11	7	ἀνακειμένους	G345	anakeimenous	guests	guests
22:11	8	εἶδεν	G3708	eiden	he spotted	he spotted
22:11	9	ἄνθρωπον	G444	anthrōpon	a man	a man
22:11	10	ἐκεῖ	G1563	ekei	-	-
22:11	11	οὐκ	G3756	ouk	[who was] not	[who was] not
22:11	12	ἐνδεδυμένον	G1746	endedymenon	dressed	dressed
22:11	13	γάμου	G1062	gamou	in wedding	in wedding
22:11	14	ἔνδυμα	G1742	endyma	clothes	clothes
22:12	1	Ἑταῖρε	G2083	Hetaire	Friend	Friend
22:12	2	καὶ	G2532	kai	-	-
22:12	3	λέγει	G3004	legei	he asked	he asked
22:12	4	αὐτῷ	G846	autō	-	-
22:12	5	πῶς	G4459	pōs	how	how
22:12	6	εἰσῆλθες	G1525	eisēlthes	did you get in	did you get in
22:12	7	ὧδε	G5602	hōde	here	here
22:12	8	μὴ	G3361	mē	vvv	vvv
22:12	9	ἔχων	G2192	echōn	without	without
22:12	10	γάμου	G1062	gamou	wedding	wedding
22:12	11	ἔνδυμα	G1742	endyma	clothes	clothes
22:12	12	δὲ	G1161	de	But	But
22:12	13	Ὁ	G3588	Ho	-	-
22:12	14	ἐφιμώθη	G5392	ephimōthē	[the man] was speechless	[the man] was speechless
22:13	1	Τότε	G5119	Tote	Then	Then
22:13	2	ὁ	G3588	ho	the	the
22:13	3	βασιλεὺς	G935	basileus	king	king
22:13	4	εἶπεν	G2036	eipen	told	told
22:13	5	τοῖς	G3588	tois	the	the
22:13	6	διακόνοις	G1249	diakonois	servants	servants
22:13	7	Δήσαντες	G1210	Dēsantes	Tie	Tie
22:13	8	αὐτοῦ	G846	autou	him	him
22:13	9	χεῖρας	G5495	cheiras	hand	hand
22:13	10	καὶ	G2532	kai	and	and
22:13	11	πόδας	G4228	podas	foot	foot
22:13	12	ἐκβάλετε	G1544	ekbalete	[and] throw him	[and] throw him
22:13	13	αὐτὸν	G846	auton	. . .	. . .
22:13	14	εἰς	G1519	eis	into	into
22:13	15	τὸ	G3588	to	the	the
22:13	16	τὸ	G3588	to	-	-
22:13	17	ἐξώτερον	G1857	exōteron	outer	outer
22:13	18	σκότος	G4655	skotos	darkness	darkness
22:13	19	ἐκεῖ	G1563	ekei	[where] there	[where] there
22:13	20	ἔσται	G1510	estai	will be	will be
22:13	21	ὁ	G3588	ho	-	-
22:13	22	κλαυθμὸς	G2805	klauthmos	weeping	weeping
22:13	23	καὶ	G2532	kai	and	and
22:13	24	ὁ	G3588	ho	-	-
22:13	25	βρυγμὸς	G1030	brygmos	gnashing	gnashing
22:13	26	τῶν	G3588	tōn	of	of
22:13	27	ὀδόντων	G3599	odontōn	teeth	teeth
22:14	1	γάρ	G1063	gar	For	For
22:14	2	Πολλοὶ	G4183	Polloi	many	many
22:14	3	εἰσιν	G1510	eisin	are	are
22:14	4	κλητοὶ	G2822	klētoi	called	called
22:14	5	δὲ	G1161	de	but	but
22:14	6	ὀλίγοι	G3641	oligoi	few [are]	few [are]
22:14	7	ἐκλεκτοί	G1588	eklektoi	chosen	chosen
22:15	1	Τότε	G5119	Tote	Then	Then
22:15	2	οἱ	G3588	hoi	the	the
22:15	3	Φαρισαῖοι	G5330	Pharisaioi	Pharisees	Pharisees
22:15	4	πορευθέντες	G4198	poreuthentes	went out	went out
22:15	5	ἔλαβον	G2983	elabon	[and] conspired	[and] conspired
22:15	6	συμβούλιον	G4824	symboulion	. . .	. . .
22:15	7	ὅπως	G3704	hopōs	. . .	. . .
22:15	8	παγιδεύσωσιν	G3802	pagideusōsin	to trap	to trap
22:15	9	αὐτὸν	G846	auton	[Jesus]	[Jesus]
22:15	10	ἐν	G1722	en	in	in
22:15	11	λόγῳ	G3056	logō	His words	His words
22:16	1	καὶ	G2532	kai	-	-
22:16	2	ἀποστέλλουσιν	G649	apostellousin	They sent	They sent
22:16	3	αὐτῶν	G846	autōn	their	their
22:16	4	τοὺς	G3588	tous	-	-
22:16	5	μαθητὰς	G3101	mathētas	disciples	disciples
22:16	6	αὐτῷ	G846	autō	to Him	to Him
22:16	7	μετὰ	G3326	meta	along with	along with
22:16	8	τῶν	G3588	tōn	the	the
22:16	9	Ἡρῳδιανῶν	G2265	Hērōdianōn	Herodians	Herodians
22:16	10	Διδάσκαλε	G1320	Didaskale	Teacher	Teacher
22:16	11	λέγοντες	G3004	legontes	they said	they said
22:16	12	οἴδαμεν	G1492	oidamen	we know	we know
22:16	13	ὅτι	G3754	hoti	that	that
22:16	14	εἶ	G1510	ei	You are	You are
22:16	15	ἀληθὴς	G227	alēthēs	honest	honest
22:16	16	καὶ	G2532	kai	and [that]	and [that]
22:16	17	διδάσκεις	G1321	didaskeis	You teach	You teach
22:16	18	τὴν	G3588	tēn	the	the
22:16	19	ὁδὸν	G3598	hodon	way	way
22:16	20	τοῦ	G3588	tou	-	-
22:16	21	Θεοῦ	G2316	Theou	of God	of God
22:16	22	ἐν	G1722	en	in accordance with	in accordance with
22:16	23	ἀληθείᾳ	G225	alētheia	the truth	the truth
22:16	24	καὶ	G2532	kai	-	-
22:16	25	σοι	G4771	soi	You	You
22:16	26	μέλει	G3199	melei	seek favor	seek favor
22:16	27	περὶ	G4012	peri	from	from
22:16	28	οὐ	G3756	ou	vvv	vvv
22:16	29	οὐδενός	G3762	oudenos	no one	no one
22:16	30	γὰρ	G1063	gar	because	because
22:16	31	οὐ	G3756	ou	vvv	vvv
22:16	32	βλέπεις	G991	blepeis	You pay no attention	You pay no attention
22:16	33	εἰς	G1519	eis	to	to
22:16	34	πρόσωπον	G4383	prosōpon	external appearance	external appearance
22:16	35	ἀνθρώπων	G444	anthrōpōn	. . .	. . .
22:17	1	οὖν	G3767	oun	So	So
22:17	2	εἰπὸν	G2036	eipon	tell	tell
22:17	3	ἡμῖν	G1473	hēmin	us	us
22:17	4	τί	G5101	ti	what	what
22:17	5	σοι	G4771	soi	You	You
22:17	6	δοκεῖ	G1380	dokei	think	think
22:17	7	ἔξεστιν	G1832	exestin	Is it lawful	Is it lawful
22:17	8	δοῦναι	G1325	dounai	to pay	to pay
22:17	9	κῆνσον	G2778	kēnson	taxes	taxes
22:17	10	Καίσαρι	G2541	Kaisari	to Caesar	to Caesar
22:17	11	ἢ	G2228	ē	or	or
22:17	12	οὔ	G3756	ou	not	not
22:18	1	δὲ	G1161	de	But	But
22:18	2	ὁ	G3588	ho	-	-
22:18	3	Ἰησοῦς	G2424	Iēsous	Jesus	Jesus
22:18	4	Γνοὺς	G1097	Gnous	knew	knew
22:18	5	αὐτῶν	G846	autōn	their	their
22:18	6	τὴν	G3588	tēn	-	-
22:18	7	πονηρίαν	G4189	ponērian	evil intent	evil intent
22:18	8	εἶπεν	G2036	eipen	[and] said	[and] said
22:18	9	ὑποκριταί	G5273	hypokritai	You hypocrites	You hypocrites
22:18	10	Τί	G5101	Ti	why	why
22:18	11	πειράζετε	G3985	peirazete	are you testing	are you testing
22:18	12	με	G1473	me	Me	Me
22:19	1	ἐπιδείξατέ	G1925	epideixate	Show	Show
22:19	2	μοι	G1473	moi	Me	Me
22:19	3	τὸ	G3588	to	the	the
22:19	4	νόμισμα	G3546	nomisma	coin	coin
22:19	5	τοῦ	G3588	tou	used for	used for
22:19	6	κήνσου	G2778	kēnsou	the tax	the tax
22:19	7	δὲ	G1161	de	And	And
22:19	8	Οἱ	G3588	Hoi	-	-
22:19	9	προσήνεγκαν	G4374	prosēnenkan	they brought	they brought
22:19	10	αὐτῷ	G846	autō	Him	Him
22:19	11	δηνάριον	G1220	dēnarion	a denarius	a denarius
22:20	1	Τίνος	G5101	Tinos	Whose	Whose
22:20	2	ἡ	G3588	hē	-	-
22:20	3	εἰκὼν	G1504	eikōn	image	image
22:20	4	αὕτη	G3778	hautē	[is] this	[is] this
22:20	5	Καὶ	G2532	Kai	-	-
22:20	6	λέγει	G3004	legei	He asked	He asked
22:20	7	αὐτοῖς	G846	autois	. . .	. . .
22:20	8	καὶ	G2532	kai	and	and
22:20	9	ἡ	G3588	hē	whose	whose
22:20	10	ἐπιγραφή	G1923	epigraphē	inscription	inscription
22:21	1	Καίσαρος	G2541	Kaisaros	Caesar’s	Caesar’s
22:21	2	Λέγουσιν	G3004	Legousin	they answered	they answered
22:21	3	αὐτῷ	G846	autō	. . .	. . .
22:21	4	οὖν	G3767	oun	So	So
22:21	5	Τότε	G5119	Tote	-	-
22:21	6	λέγει	G3004	legei	[Jesus] told	[Jesus] told
22:21	7	αὐτοῖς	G846	autois	them	them
22:21	8	Ἀπόδοτε	G591	Apodote	Give	Give
22:21	9	Καίσαρι	G2541	Kaisari	to Caesar	to Caesar
22:21	10	τὰ	G3588	ta	what [is]	what [is]
22:21	11	Καίσαρος	G2541	Kaisaros	Caesar’s	Caesar’s
22:21	12	καὶ	G2532	kai	and	and
22:21	13	τῷ	G3588	tō	-	-
22:21	14	Θεῷ	G2316	Theō	to God	to God
22:21	15	τὰ	G3588	ta	what [is]	what [is]
22:21	16	τοῦ	G3588	tou	-	-
22:21	17	Θεοῦ	G2316	Theou	God’s	God’s
22:22	1	Καὶ	G2532	Kai	And	And
22:22	2	ἀκούσαντες	G191	akousantes	when they heard [this]	when they heard [this]
22:22	3	ἐθαύμασαν	G2296	ethaumasan	they were amazed	they were amazed
22:22	4	καὶ	G2532	kai	So	So
22:22	5	ἀφέντες	G863	aphentes	they left	they left
22:22	6	αὐτὸν	G846	auton	Him	Him
22:22	7	ἀπῆλθαν	G565	apēlthan	[and] went away	[and] went away
22:23	1	Ἐν	G1722	En	-	-
22:23	2	ἐκείνῃ	G1565	ekeinē	That	That
22:23	3	τῇ	G3588	tē	[same]	[same]
22:23	4	ἡμέρᾳ	G2250	hēmera	day	day
22:23	5	Σαδδουκαῖοι	G4523	Saddoukaioi	[the] Sadducees	[the] Sadducees
22:23	6	λέγοντες	G3004	legontes	who say	who say
22:23	7	εἶναι	G1510	einai	there is	there is
22:23	8	μὴ	G3361	mē	no	no
22:23	9	ἀνάστασιν	G386	anastasin	resurrection	resurrection
22:23	10	προσῆλθον	G4334	prosēlthon	came	came
22:23	11	αὐτῷ	G846	autō	to [Jesus]	to [Jesus]
22:23	12	καὶ	G2532	kai	and	and
22:23	13	ἐπηρώτησαν	G1905	epērōtēsan	questioned	questioned
22:23	14	αὐτὸν	G846	auton	Him	Him
22:24	1	Διδάσκαλε	G1320	Didaskale	Teacher	Teacher
22:24	2	λέγοντες	G3004	legontes	they said	they said
22:24	3	Μωϋσῆς	G3475	Mōusēs	Moses	Moses
22:24	4	εἶπεν	G2036	eipen	declared that	declared that
22:24	5	Ἐάν	G1437	Ean	if	if
22:24	6	τις	G5100	tis	a man	a man
22:24	7	ἀποθάνῃ	G599	apothanē	dies	dies
22:24	8	μὴ	G3361	mē	without	without
22:24	9	ἔχων	G2192	echōn	having	having
22:24	10	τέκνα	G5043	tekna	children	children
22:24	11	αὐτοῦ	G846	autou	his	his
22:24	12	ὁ	G3588	ho	-	-
22:24	13	ἀδελφὸς	G80	adelphos	brother	brother
22:24	14	ἐπιγαμβρεύσει	G1918	epigambreusei	is to marry	is to marry
22:24	15	αὐτοῦ	G846	autou	-	-
22:24	16	τὴν	G3588	tēn	the	the
22:24	17	γυναῖκα	G1135	gynaika	widow	widow
22:24	18	καὶ	G2532	kai	and	and
22:24	19	ἀναστήσει	G450	anastēsei	raise up	raise up
22:24	20	σπέρμα	G4690	sperma	offspring	offspring
22:24	21	τῷ	G3588	tō	for	for
22:24	22	αὐτοῦ	G846	autou	-	-
22:24	23	ἀδελφῷ	G80	adelphō	[him]	[him]
22:25	1	δὲ	G1161	de	Now	Now
22:25	2	ἦσαν	G1510	ēsan	there were	there were
22:25	3	ἑπτὰ	G2033	hepta	seven	seven
22:25	4	ἀδελφοί	G80	adelphoi	brothers	brothers
22:25	5	παρ’	G3844	par’	among	among
22:25	6	ἡμῖν	G1473	hēmin	us	us
22:25	7	καὶ	G2532	kai	-	-
22:25	8	ὁ	G3588	ho	The	The
22:25	9	πρῶτος	G4413	prōtos	first [one]	first [one]
22:25	10	γήμας	G1060	gēmas	married	married
22:25	11	καὶ	G2532	kai	and	and
22:25	12	ἐτελεύτησεν	G5053	eteleutēsen	died	died
22:25	13	μὴ	G3361	mē	without	without
22:25	14	ἔχων	G2192	echōn	having	having
22:25	15	σπέρμα	G4690	sperma	children	children
22:25	16	ἀφῆκεν	G863	aphēken	[So] he left	[So] he left
22:25	17	αὐτοῦ	G846	autou	his	his
22:25	18	τὴν	G3588	tēn	-	-
22:25	19	γυναῖκα	G1135	gynaika	wife	wife
22:25	20	τῷ	G3588	tō	to	to
22:25	21	αὐτοῦ	G846	autou	his	his
22:25	22	ἀδελφῷ	G80	adelphō	brother	brother
22:26	1	ὁμοίως	G3668	homoiōs	The same thing happened to	The same thing happened to
22:26	2	καὶ	G2532	kai	. . .	. . .
22:26	3	ὁ	G3588	ho	the	the
22:26	4	δεύτερος	G1208	deuteros	second	second
22:26	5	καὶ	G2532	kai	and	and
22:26	6	ὁ	G3588	ho	-	-
22:26	7	τρίτος	G5154	tritos	third [brothers]	third [brothers]
22:26	8	ἕως	G2193	heōs	down to	down to
22:26	9	τῶν	G3588	tōn	the	the
22:26	10	ἑπτά	G2033	hepta	seventh	seventh
22:27	1	δὲ	G1161	de	And	And
22:27	2	ὕστερον	G5305	hysteron	last	last
22:27	3	πάντων	G3956	pantōn	of all	of all
22:27	4	ἡ	G3588	hē	the	the
22:27	5	γυνή	G1135	gynē	woman	woman
22:27	6	ἀπέθανεν	G599	apethanen	died	died
22:28	1	ἐν	G1722	en	In	In
22:28	2	τῇ	G3588	tē	the	the
22:28	3	ἀναστάσει	G386	anastasei	resurrection	resurrection
22:28	4	οὖν	G3767	oun	then	then
22:28	5	τίνος	G5101	tinos	whose	whose
22:28	6	γυνή	G1135	gynē	wife	wife
22:28	7	ἔσται	G1510	estai	will she be	will she be
22:28	8	τῶν	G3588	tōn	of the	of the
22:28	9	ἑπτὰ	G2033	hepta	seven	seven
22:28	10	γὰρ	G1063	gar	For	For
22:28	11	πάντες	G3956	pantes	all of them	all of them
22:28	12	ἔσχον	G2192	eschon	were married	were married
22:28	13	αὐτήν	G846	autēn	to her	to her
22:29	1	δὲ	G1161	de	-	-
22:29	2	ὁ	G3588	ho	-	-
22:29	3	Ἰησοῦς	G2424	Iēsous	Jesus	Jesus
22:29	4	Ἀποκριθεὶς	G611	Apokritheis	answered	answered
22:29	5	εἶπεν	G2036	eipen	-	-
22:29	6	αὐτοῖς	G846	autois	-	-
22:29	7	Πλανᾶσθε	G4105	Planasthe	You are mistaken [because]	You are mistaken [because]
22:29	8	μὴ	G3361	mē	vvv	vvv
22:29	9	εἰδότες	G1492	eidotes	you do not know	you do not know
22:29	10	τὰς	G3588	tas	the	the
22:29	11	γραφὰς	G1124	graphas	Scriptures	Scriptures
22:29	12	μηδὲ	G3366	mēde	or	or
22:29	13	τὴν	G3588	tēn	the	the
22:29	14	δύναμιν	G1411	dynamin	power	power
22:29	15	τοῦ	G3588	tou	-	-
22:29	16	Θεοῦ	G2316	Theou	of God	of God
22:30	1	γὰρ	G1063	gar	-	-
22:30	2	ἐν	G1722	en	In	In
22:30	3	τῇ	G3588	tē	the	the
22:30	4	ἀναστάσει	G386	anastasei	resurrection	resurrection
22:30	5	οὔτε	G3777	oute	vvv	vvv
22:30	6	γαμοῦσιν	G1060	gamousin	[people] will neither marry	[people] will neither marry
22:30	7	οὔτε	G3777	oute	nor	nor
22:30	8	γαμίζονται	G1061	gamizontai	be given in marriage	be given in marriage
22:30	9	ἀλλ’	G235	all’	Instead	Instead
22:30	10	εἰσιν	G1510	eisin	they will be	they will be
22:30	11	ὡς	G5613	hōs	like	like
22:30	12	ἄγγελοι	G32	angeloi	[the] angels	[the] angels
22:30	13	ἐν	G1722	en	in	in
22:30	14	τῷ	G3588	tō	-	-
22:30	15	οὐρανῷ	G3772	ouranō	heaven	heaven
22:31	1	δὲ	G1161	de	But	But
22:31	2	περὶ	G4012	peri	concerning	concerning
22:31	3	τῆς	G3588	tēs	the	the
22:31	4	ἀναστάσεως	G386	anastaseōs	resurrection	resurrection
22:31	5	τῶν	G3588	tōn	of the	of the
22:31	6	νεκρῶν	G3498	nekrōn	dead	dead
22:31	7	οὐκ	G3756	ouk	vvv	vvv
22:31	8	ἀνέγνωτε	G314	anegnōte	have you not read	have you not read
22:31	9	τὸ	G3588	to	what	what
22:31	10	ὑπὸ	G5259	hypo	-	-
22:31	11	τοῦ	G3588	tou	-	-
22:31	12	Θεοῦ	G2316	Theou	God	God
22:31	13	ῥηθὲν	G2046	rhēthen	said	said
22:31	14	ὑμῖν	G4771	hymin	to you	to you
22:31	15	λέγοντος	G3004	legontos	-	-
22:32	1	Ἐγώ	G1473	Egō	I	I
22:32	2	εἰμι	G1510	eimi	am	am
22:32	3	ὁ	G3588	ho	the	the
22:32	4	Θεὸς	G2316	Theos	God	God
22:32	5	Ἀβραὰμ	G11	Abraam	of Abraham	of Abraham
22:32	6	καὶ	G2532	kai	-	-
22:32	7	ὁ	G3588	ho	the	the
22:32	8	Θεὸς	G2316	Theos	God	God
22:32	9	Ἰσαὰκ	G2464	Isaak	of Isaac	of Isaac
22:32	10	καὶ	G2532	kai	and	and
22:32	11	ὁ	G3588	ho	the	the
22:32	12	Θεὸς	G2316	Theos	God	God
22:32	13	Ἰακώβ	G2384	Iakōb	of Jacob	of Jacob
22:32	14	ἔστιν	G1510	estin	He is	He is
22:32	15	οὐκ	G3756	ouk	not	not
22:32	16	ὁ	G3588	ho	the	the
22:32	17	Θεὸς	G2316	Theos	God	God
22:32	18	νεκρῶν	G3498	nekrōn	of [the] dead	of [the] dead
22:32	19	ἀλλὰ	G235	alla	but	but
22:32	20	ζώντων	G2198	zōntōn	of [the] living	of [the] living
22:33	1	Καὶ	G2532	Kai	When	When
22:33	2	οἱ	G3588	hoi	the	the
22:33	3	ὄχλοι	G3793	ochloi	crowds	crowds
22:33	4	ἀκούσαντες	G191	akousantes	heard [this]	heard [this]
22:33	5	ἐξεπλήσσοντο	G1605	exeplēssonto	they were astonished	they were astonished
22:33	6	ἐπὶ	G1909	epi	at	at
22:33	7	αὐτοῦ	G846	autou	His	His
22:33	8	τῇ	G3588	tē	-	-
22:33	9	διδαχῇ	G1322	didachē	teaching	teaching
22:34	1	δὲ	G1161	de	And [when]	And [when]
22:34	2	Οἱ	G3588	Hoi	the	the
22:34	3	Φαρισαῖοι	G5330	Pharisaioi	Pharisees	Pharisees
22:34	4	ἀκούσαντες	G191	akousantes	heard	heard
22:34	5	ὅτι	G3754	hoti	that	that
22:34	6	ἐφίμωσεν	G5392	ephimōsen	[Jesus] had silenced	[Jesus] had silenced
22:34	7	τοὺς	G3588	tous	the	the
22:34	8	Σαδδουκαίους	G4523	Saddoukaious	Sadducees	Sadducees
22:34	9	συνήχθησαν	G4863	synēchthēsan	they themselves gathered	they themselves gathered
22:34	10	αὐτό	G846	auto	. . .	. . .
22:34	11	τὸ	G3588	to	. . .	. . .
22:34	12	ἐπὶ	G1909	epi	together	together
22:35	1	καὶ	G2532	kai	-	-
22:35	2	εἷς	G1520	heis	One	One
22:35	3	ἐξ	G1537	ex	of	of
22:35	4	αὐτῶν	G846	autōn	them	them
22:35	5	νομικὸς	G3544	nomikos	an expert in the law	an expert in the law
22:35	6	πειράζων	G3985	peirazōn	tested	tested
22:35	7	αὐτόν	G846	auton	Him	Him
22:35	8	ἐπηρώτησεν	G1905	epērōtēsen	with a question	with a question
22:36	1	Διδάσκαλε	G1320	Didaskale	Teacher	Teacher
22:36	2	ποία	G4169	poia	which	which
22:36	3	ἐντολὴ	G1785	entolē	commandment	commandment
22:36	4	μεγάλη	G3173	megalē	[is the] greatest	[is the] greatest
22:36	5	ἐν	G1722	en	in	in
22:36	6	τῷ	G3588	tō	the	the
22:36	7	νόμῳ	G3551	nomō	Law	Law
22:37	1	δὲ	G1161	de	-	-
22:37	2	Ὁ	G3588	Ho	-	-
22:37	3	ἔφη	G5346	ephē	[Jesus] declared	[Jesus] declared
22:37	4	αὐτῷ	G846	autō	-	-
22:37	5	Ἀγαπήσεις	G25	Agapēseis	Love	Love
22:37	6	κύριον	G2962	kyrion	[the] Lord	[the] Lord
22:37	7	σου	G4771	sou	your	your
22:37	8	τὸν	G3588	ton	-	-
22:37	9	Θεόν	G2316	Theon	God	God
22:37	10	ἐν	G1722	en	with	with
22:37	11	ὅλῃ	G3650	holē	all	all
22:37	12	σου	G4771	sou	your	your
22:37	13	τῇ	G3588	tē	-	-
22:37	14	καρδίᾳ	G2588	kardia	heart	heart
22:37	15	καὶ	G2532	kai	and	and
22:37	16	ἐν	G1722	en	with	with
22:37	17	ὅλῃ	G3650	holē	all	all
22:37	18	σου	G4771	sou	your	your
22:37	19	τῇ	G3588	tē	-	-
22:37	20	ψυχῇ	G5590	psychē	soul	soul
22:37	21	καὶ	G2532	kai	and	and
22:37	22	ἐν	G1722	en	with	with
22:37	23	ὅλῃ	G3650	holē	all	all
22:37	24	σου	G4771	sou	your	your
22:37	25	τῇ	G3588	tē	-	-
22:37	26	διανοίᾳ	G1271	dianoia	mind	mind
22:38	1	αὕτη	G3778	hautē	This	This
22:38	2	ἐστὶν	G1510	estin	is	is
22:38	3	ἡ	G3588	hē	the	the
22:38	4	πρώτη	G4413	prōtē	first	first
22:38	5	καὶ	G2532	kai	and	and
22:38	6	μεγάλη	G3173	megalē	greatest	greatest
22:38	7	ἐντολή	G1785	entolē	commandment	commandment
22:39	1	δὲ	G1161	de	And	And
22:39	2	δευτέρα	G1208	deutera	[the] second	[the] second
22:39	3	ὁμοία	G3664	homoia	[is] like	[is] like
22:39	4	αὐτῇ	G846	autē	it	it
22:39	5	Ἀγαπήσεις	G25	Agapēseis	Love	Love
22:39	6	σου	G4771	sou	your	your
22:39	7	τὸν	G3588	ton	-	-
22:39	8	πλησίον	G4139	plēsion	neighbor	neighbor
22:39	9	ὡς	G5613	hōs	as	as
22:39	10	σεαυτόν	G4572	seauton	yourself	yourself
22:40	1	ὅλος	G3650	holos	All	All
22:40	2	ὁ	G3588	ho	the	the
22:40	3	νόμος	G3551	nomos	Law	Law
22:40	4	καὶ	G2532	kai	and	and
22:40	5	οἱ	G3588	hoi	the	the
22:40	6	προφῆται	G4396	prophētai	Prophets	Prophets
22:40	7	κρέμαται	G2910	krematai	hang	hang
22:40	8	ἐν	G1722	en	on	on
22:40	9	ταύταις	G3778	tautais	these	these
22:40	10	δυσὶν	G1417	dysin	two	two
22:40	11	ταῖς	G3588	tais	-	-
22:40	12	ἐντολαῖς	G1785	entolais	commandments	commandments
22:41	1	δὲ	G1161	de	While	While
22:41	2	τῶν	G3588	tōn	the	the
22:41	3	Φαρισαίων	G5330	Pharisaiōn	Pharisees	Pharisees
22:41	4	Συνηγμένων	G4863	Synēgmenōn	were assembled	were assembled
22:41	5	ὁ	G3588	ho	-	-
22:41	6	Ἰησοῦς	G2424	Iēsous	Jesus	Jesus
22:41	7	ἐπηρώτησεν	G1905	epērōtēsen	questioned	questioned
22:41	8	αὐτοὺς	G846	autous	them	them
22:42	1	λέγων	G3004	legōn	-	-
22:42	2	Τί	G5101	Ti	What	What
22:42	3	ὑμῖν	G4771	hymin	{do} you	{do} you
22:42	4	δοκεῖ	G1380	dokei	think	think
22:42	5	περὶ	G4012	peri	about	about
22:42	6	τοῦ	G3588	tou	the	the
22:42	7	Χριστοῦ	G5547	Christou	Christ	Christ
22:42	8	τίνος	G5101	tinos	Whose	Whose
22:42	9	υἱός	G5207	huios	son	son
22:42	10	ἐστιν	G1510	estin	is He	is He
22:42	11	Τοῦ	G3588	Tou	-	-
22:42	12	Δαυίδ	G1138	Dauid	David’s	David’s
22:42	13	Λέγουσιν	G3004	Legousin	they answered	they answered
22:42	14	αὐτῷ	G846	autō	-	-
22:43	1	Λέγει	G3004	Legei	[Jesus] said	[Jesus] said
22:43	2	αὐτοῖς	G846	autois	to them	to them
22:43	3	Πῶς	G4459	Pōs	How	How
22:43	4	οὖν	G3767	oun	then	then
22:43	5	Δαυὶδ	G1138	Dauid	{does} David	{does} David
22:43	6	ἐν	G1722	en	in	in
22:43	7	Πνεύματι	G4151	Pneumati	[the] Spirit	[the] Spirit
22:43	8	καλεῖ	G2564	kalei	call	call
22:43	9	αὐτὸν	G846	auton	Him	Him
22:43	10	Κύριον	G2962	Kyrion	Lord	Lord
22:43	11	λέγων	G3004	legōn	[For] he says	[For] he says
22:44	1	Κύριος	G2962	Kyrios	The Lord	The Lord
22:44	2	Εἶπεν	G2036	Eipen	said	said
22:44	3	τῷ	G3588	tō	to	to
22:44	4	μου	G1473	mou	my	my
22:44	5	Κυρίῳ	G2962	Kyriō	Lord	Lord
22:44	6	Κάθου	G2521	Kathou	Sit	Sit
22:44	7	ἐκ	G1537	ek	at	at
22:44	8	μου	G1473	mou	My	My
22:44	9	δεξιῶν	G1188	dexiōn	right hand	right hand
22:44	10	Ἕως	G2193	Heōs	until	until
22:44	11	ἂν	G302	an	. . .	. . .
22:44	12	θῶ	G5087	thō	I put	I put
22:44	13	σου	G4771	sou	Your	Your
22:44	14	τοὺς	G3588	tous	-	-
22:44	15	ἐχθρούς	G2190	echthrous	enemies	enemies
22:44	16	Ὑποκάτω	G5270	Hypokatō	under	under
22:44	17	σου	G4771	sou	Your	Your
22:44	18	τῶν	G3588	tōn	-	-
22:44	19	ποδῶν	G4228	podōn	feet	feet
22:45	1	οὖν	G3767	oun	So	So
22:45	2	Εἰ	G1487	Ei	if	if
22:45	3	Δαυὶδ	G1138	Dauid	David	David
22:45	4	καλεῖ	G2564	kalei	calls	calls
22:45	5	αὐτὸν	G846	auton	Him	Him
22:45	6	Κύριον	G2962	Kyrion	Lord	Lord
22:45	7	πῶς	G4459	pōs	how	how
22:45	8	ἐστιν	G1510	estin	can He be	can He be
22:45	9	αὐτοῦ	G846	autou	[David’s]	[David’s]
22:45	10	υἱὸς	G5207	huios	son	son
22:46	1	Καὶ	G2532	Kai	-	-
22:46	2	οὐδεὶς	G3762	oudeis	No one	No one
22:46	3	ἐδύνατο	G1410	edynato	was able	was able
22:46	4	ἀποκριθῆναι	G611	apokrithēnai	to answer	to answer
22:46	5	αὐτῷ	G846	autō	-	-
22:46	6	λόγον	G3056	logon	a word	a word
22:46	7	οὐδὲ	G3761	oude	[and]	[and]
22:46	8	ἀπ’	G575	ap’	from	from
22:46	9	ἐκείνης	G1565	ekeinēs	that	that
22:46	10	τῆς	G3588	tēs	-	-
22:46	11	ἡμέρας	G2250	hēmeras	day [on]	day [on]
22:46	12	τις	G5100	tis	[no one]	[no one]
22:46	13	ἐτόλμησέν	G5111	etolmēsen	dared	dared
22:46	14	ἐπερωτῆσαι	G1905	eperōtēsai	to question	to question
22:46	15	αὐτὸν	G846	auton	Him	Him
22:46	16	οὐκέτι	G3765	ouketi	[any] further	[any] further
23:1	1	Τότε	G5119	Tote	Then	Then
23:1	2	ὁ	G3588	ho	-	-
23:1	3	Ἰησοῦς	G2424	Iēsous	Jesus	Jesus
23:1	4	ἐλάλησεν	G2980	elalēsen	spoke	spoke
23:1	5	τοῖς	G3588	tois	to the	to the
23:1	6	ὄχλοις	G3793	ochlois	crowds	crowds
23:1	7	καὶ	G2532	kai	and	and
23:1	8	τοῖς	G3588	tois	to	to
23:1	9	αὐτοῦ	G846	autou	His	His
23:1	10	μαθηταῖς	G3101	mathētais	disciples	disciples
23:2	1	λέγων	G3004	legōn	-	-
23:2	2	οἱ	G3588	hoi	The	The
23:2	3	γραμματεῖς	G1122	grammateis	scribes	scribes
23:2	4	καὶ	G2532	kai	and	and
23:2	5	οἱ	G3588	hoi	-	-
23:2	6	Φαρισαῖοι	G5330	Pharisaioi	Pharisees	Pharisees
23:2	7	ἐκάθισαν	G2523	ekathisan	sit	sit
23:2	8	Ἐπὶ	G1909	Epi	in	in
23:2	9	Μωϋσέως	G3475	Mōuseōs	Moses’	Moses’
23:2	10	τῆς	G3588	tēs	-	-
23:2	11	καθέδρας	G2515	kathedras	seat	seat
23:3	1	οὖν	G3767	oun	So	So
23:3	2	ποιήσατε	G4160	poiēsate	practice	practice
23:3	3	καὶ	G2532	kai	and	and
23:3	4	τηρεῖτε	G5083	tēreite	observe	observe
23:3	5	πάντα	G3956	panta	everything	everything
23:3	6	ὅσα	G3745	hosa	. . .	. . .
23:3	7	ἐὰν	G1437	ean	. . .	. . .
23:3	8	εἴπωσιν	G2036	eipōsin	they tell	they tell
23:3	9	ὑμῖν	G4771	hymin	you	you
23:3	10	δὲ	G1161	de	But	But
23:3	11	μὴ	G3361	mē	{do} not	{do} not
23:3	12	ποιεῖτε	G4160	poieite	do	do
23:3	13	κατὰ	G2596	kata	what	what
23:3	14	αὐτῶν	G846	autōn	they	they
23:3	15	τὰ	G3588	ta	-	-
23:3	16	ἔργα	G2041	erga	do	do
23:3	17	γὰρ	G1063	gar	for	for
23:3	18	οὐ	G3756	ou	vvv	vvv
23:3	19	ποιοῦσιν	G4160	poiousin	they do not practice	they do not practice
23:3	20	καὶ	G2532	kai	what	what
23:3	21	λέγουσιν	G3004	legousin	they preach	they preach
23:4	1	δὲ	G1161	de	-	-
23:4	2	δεσμεύουσιν	G1195	desmeuousin	They tie up	They tie up
23:4	3	βαρέα	G926	barea	heavy	heavy
23:4	4	καὶ	G2532	kai	-	-
23:4	5	δυσβάστακτα	G1419	dysbastakta	burdensome	burdensome
23:4	6	φορτία	G5413	phortia	loads	loads
23:4	7	καὶ	G2532	kai	and	and
23:4	8	ἐπιτιθέασιν	G2007	epititheasin	lay [them]	lay [them]
23:4	9	ἐπὶ	G1909	epi	on	on
23:4	10	τῶν	G3588	tōn	-	-
23:4	11	ἀνθρώπων	G444	anthrōpōn	men’s	men’s
23:4	12	τοὺς	G3588	tous	-	-
23:4	13	ὤμους	G5606	ōmous	shoulders	shoulders
23:4	14	δὲ	G1161	de	but	but
23:4	15	αὐτοὶ	G846	autoi	they themselves	they themselves
23:4	16	οὐ	G3756	ou	vvv	vvv
23:4	17	θέλουσιν	G2309	thelousin	are not willing	are not willing
23:4	18	τῷ	G3588	tō	vvv	vvv
23:4	19	αὐτῶν	G846	autōn	vvv	vvv
23:4	20	δακτύλῳ	G1147	daktylō	to lift a finger	to lift a finger
23:4	21	κινῆσαι	G2795	kinēsai	to move	to move
23:4	22	αὐτά	G846	auta	them	them
23:5	1	δὲ	G1161	de	-	-
23:5	2	Πάντα	G3956	Panta	All	All
23:5	3	αὐτῶν	G846	autōn	their	their
23:5	4	τὰ	G3588	ta	-	-
23:5	5	ἔργα	G2041	erga	deeds	deeds
23:5	6	ποιοῦσιν	G4160	poiousin	are done	are done
23:5	7	πρὸς	G4314	pros	for	for
23:5	8	τοῖς	G3588	tois	-	-
23:5	9	ἀνθρώποις	G444	anthrōpois	men	men
23:5	10	τὸ	G3588	to	-	-
23:5	11	θεαθῆναι	G2300	theathēnai	to see	to see
23:5	12	γὰρ	G1063	gar	-	-
23:5	13	πλατύνουσιν	G4115	platynousin	They broaden	They broaden
23:5	14	αὐτῶν	G846	autōn	their	their
23:5	15	τὰ	G3588	ta	-	-
23:5	16	φυλακτήρια	G5440	phylaktēria	phylacteries	phylacteries
23:5	17	καὶ	G2532	kai	and	and
23:5	18	μεγαλύνουσιν	G3170	megalynousin	lengthen	lengthen
23:5	19	τὰ	G3588	ta	their	their
23:5	20	κράσπεδα	G2899	kraspeda	tassels	tassels
23:6	1	δὲ	G1161	de	-	-
23:6	2	φιλοῦσιν	G5368	philousin	They love	They love
23:6	3	τὴν	G3588	tēn	the	the
23:6	4	πρωτοκλισίαν	G4411	prōtoklisian	places of honor	places of honor
23:6	5	ἐν	G1722	en	at	at
23:6	6	τοῖς	G3588	tois	-	-
23:6	7	δείπνοις	G1173	deipnois	banquets	banquets
23:6	8	καὶ	G2532	kai	-	-
23:6	9	τὰς	G3588	tas	the	the
23:6	10	πρωτοκαθεδρίας	G4410	prōtokathedrias	chief seats	chief seats
23:6	11	ἐν	G1722	en	in	in
23:6	12	ταῖς	G3588	tais	the	the
23:6	13	συναγωγαῖς	G4864	synagōgais	synagogues	synagogues
23:7	1	καὶ	G2532	kai	-	-
23:7	2	τοὺς	G3588	tous	the	the
23:7	3	ἀσπασμοὺς	G783	aspasmous	greetings	greetings
23:7	4	ἐν	G1722	en	in	in
23:7	5	ταῖς	G3588	tais	the	the
23:7	6	ἀγοραῖς	G58	agorais	marketplaces	marketplaces
23:7	7	καὶ	G2532	kai	and	and
23:7	8	καλεῖσθαι	G2564	kaleisthai	the title	the title
23:7	9	Ῥαββί	G4461	Rhabbi	of ‘Rabbi	of ‘Rabbi
23:7	10	ὑπὸ	G5259	hypo	by	by
23:7	11	τῶν	G3588	tōn	-	-
23:7	12	ἀνθρώπων	G444	anthrōpōn	[which they are addressed]	[which they are addressed]
23:8	1	δὲ	G1161	de	But	But
23:8	2	Ὑμεῖς	G4771	Hymeis	you	you
23:8	3	μὴ	G3361	mē	vvv	vvv
23:8	4	κληθῆτε	G2564	klēthēte	are not to be called	are not to be called
23:8	5	Ῥαββί	G4461	Rhabbi	Rabbi	Rabbi
23:8	6	γάρ	G1063	gar	for	for
23:8	7	ὑμῶν	G4771	hymōn	you	you
23:8	8	ἐστιν	G1510	estin	[have]	[have]
23:8	9	εἷς	G1520	heis	one	one
23:8	10	ὁ	G3588	ho	-	-
23:8	11	διδάσκαλος	G1320	didaskalos	Teacher	Teacher
23:8	12	δὲ	G1161	de	and	and
23:8	13	ὑμεῖς	G4771	hymeis	you	you
23:8	14	ἐστε	G1510	este	are	are
23:8	15	πάντες	G3956	pantes	all	all
23:8	16	ἀδελφοί	G80	adelphoi	brothers	brothers
23:9	1	καὶ	G2532	kai	And	And
23:9	2	καλέσητε	G2564	kalesēte	do not call anyone	do not call anyone
23:9	3	μὴ	G3361	mē	. . .	. . .
23:9	4	ἐπὶ	G1909	epi	on	on
23:9	5	τῆς	G3588	tēs	-	-
23:9	6	γῆς	G1093	gēs	earth	earth
23:9	7	ὑμῶν	G4771	hymōn	your	your
23:9	8	πατέρα	G3962	patera	father	father
23:9	9	γάρ	G1063	gar	for	for
23:9	10	ὑμῶν	G4771	hymōn	you	you
23:9	11	ἐστιν	G1510	estin	[have]	[have]
23:9	12	εἷς	G1520	heis	one	one
23:9	13	ὁ	G3588	ho	-	-
23:9	14	Πατὴρ	G3962	Patēr	Father	Father
23:9	15	ὁ	G3588	ho	who [is]	who [is]
23:9	16	οὐράνιος	G3770	ouranios	in heaven	in heaven
23:10	1	μηδὲ	G3366	mēde	Nor	Nor
23:10	2	κληθῆτε	G2564	klēthēte	are you to be called	are you to be called
23:10	3	καθηγηταί	G2519	kathēgētai	instructors	instructors
23:10	4	ὅτι	G3754	hoti	for	for
23:10	5	ὑμῶν	G4771	hymōn	you	you
23:10	6	ἐστιν	G1510	estin	[have]	[have]
23:10	7	εἷς	G1520	heis	one	one
23:10	8	καθηγητὴς	G2519	kathēgētēs	Instructor	Instructor
23:10	9	ὁ	G3588	ho	the	the
23:10	10	Χριστός	G5547	Christos	Christ	Christ
23:11	1	δὲ	G1161	de	-	-
23:11	2	ὁ	G3588	ho	The	The
23:11	3	μείζων	G3173	meizōn	greatest	greatest
23:11	4	ὑμῶν	G4771	hymōn	among you	among you
23:11	5	ἔσται	G1510	estai	shall be	shall be
23:11	6	ὑμῶν	G4771	hymōn	your	your
23:11	7	διάκονος	G1249	diakonos	servant	servant
23:12	1	δὲ	G1161	de	For	For
23:12	2	Ὅστις	G3748	Hostis	whoever	whoever
23:12	3	ὑψώσει	G5312	hypsōsei	exalts	exalts
23:12	4	ἑαυτὸν	G1438	heauton	himself	himself
23:12	5	ταπεινωθήσεται	G5013	tapeinōthēsetai	will be humbled	will be humbled
23:12	6	καὶ	G2532	kai	and	and
23:12	7	ὅστις	G3748	hostis	whoever	whoever
23:12	8	ταπεινώσει	G5013	tapeinōsei	humbles	humbles
23:12	9	ἑαυτὸν	G1438	heauton	himself	himself
23:12	10	ὑψωθήσεται	G5312	hypsōthēsetai	will be exalted	will be exalted
23:13	1	δὲ	G1161	de	-	-
23:13	2	Οὐαὶ	G3759	Ouai	Woe	Woe
23:13	3	ὑμῖν	G4771	hymin	to you	to you
23:13	4	γραμματεῖς	G1122	grammateis	scribes	scribes
23:13	5	καὶ	G2532	kai	and	and
23:13	6	Φαρισαῖοι	G5330	Pharisaioi	Pharisees	Pharisees
23:13	7	ὑποκριταί	G5273	hypokritai	you hypocrites	you hypocrites
23:13	8	ὅτι	G3754	hoti	-	-
23:13	9	κλείετε	G2808	kleiete	You shut	You shut
23:13	10	τὴν	G3588	tēn	the	the
23:13	11	βασιλείαν	G932	basileian	kingdom	kingdom
23:13	12	τῶν	G3588	tōn	of	of
23:13	13	οὐρανῶν	G3772	ouranōn	heaven	heaven
23:13	14	ἔμπροσθεν	G1715	emprosthen	in men’s faces	in men’s faces
23:13	15	τῶν	G3588	tōn	. . .	. . .
23:13	16	ἀνθρώπων	G444	anthrōpōn	. . .	. . .
23:13	17	γὰρ	G1063	gar	-	-
23:13	18	ὑμεῖς	G4771	hymeis	You yourselves	You yourselves
23:13	19	οὐκ	G3756	ouk	vvv	vvv
23:13	20	εἰσέρχεσθε	G1525	eiserchesthe	do not enter	do not enter
23:13	21	οὐδὲ	G3761	oude	nor	nor
23:13	22	ἀφίετε	G863	aphiete	will you let	will you let
23:13	23	εἰσελθεῖν	G1525	eiselthein	in	in
23:13	24	τοὺς	G3588	tous	those who	those who
23:13	25	εἰσερχομένους	G1525	eiserchomenous	wish to enter	wish to enter
23:15	1	Οὐαὶ	G3759	Ouai	Woe	Woe
23:15	2	ὑμῖν	G4771	hymin	to you	to you
23:15	3	γραμματεῖς	G1122	grammateis	scribes	scribes
23:15	4	καὶ	G2532	kai	and	and
23:15	5	Φαρισαῖοι	G5330	Pharisaioi	Pharisees	Pharisees
23:15	6	ὑποκριταί	G5273	hypokritai	you hypocrites	you hypocrites
23:15	7	ὅτι	G3754	hoti	-	-
23:15	8	περιάγετε	G4013	periagete	You traverse	You traverse
23:15	9	τὴν	G3588	tēn	-	-
23:15	10	τὴν	G3588	tēn	-	-
23:15	11	ξηρὰν	G3584	xēran	[land]	[land]
23:15	12	καὶ	G2532	kai	and	and
23:15	13	θάλασσαν	G2281	thalassan	sea	sea
23:15	14	ποιῆσαι	G4160	poiēsai	to win	to win
23:15	15	ἕνα	G1520	hena	a single	a single
23:15	16	προσήλυτον	G4339	prosēlyton	convert	convert
23:15	17	καὶ	G2532	kai	and	and
23:15	18	ὅταν	G3752	hotan	when	when
23:15	19	γένηται	G1096	genētai	he becomes [one]	he becomes [one]
23:15	20	ποιεῖτε	G4160	poieite	you make	you make
23:15	21	αὐτὸν	G846	auton	him	him
23:15	22	διπλότερον	G1362	diploteron	twice as much	twice as much
23:15	23	υἱὸν	G5207	huion	a son	a son
23:15	24	γεέννης	G1067	geennēs	of hell	of hell
23:15	25	ὑμῶν	G4771	hymōn	as you are	as you are
23:16	1	Οὐαὶ	G3759	Ouai	Woe	Woe
23:16	2	ὑμῖν	G4771	hymin	to you	to you
23:16	3	τυφλοὶ	G5185	typhloi	blind	blind
23:16	4	ὁδηγοὶ	G3595	hodēgoi	guides	guides
23:16	5	οἱ	G3588	hoi	[You]	[You]
23:16	6	λέγοντες	G3004	legontes	say	say
23:16	7	Ὃς	G3739	Hos	If anyone	If anyone
23:16	8	ἂν	G302	an	. . .	. . .
23:16	9	ὀμόσῃ	G3660	omosē	swears	swears
23:16	10	ἐν	G1722	en	by	by
23:16	11	τῷ	G3588	tō	the	the
23:16	12	ναῷ	G3485	naō	temple	temple
23:16	13	ἐστιν	G1510	estin	it means	it means
23:16	14	οὐδέν	G3762	ouden	nothing	nothing
23:16	15	δ’	G1161	d’	but	but
23:16	16	ὃς	G3739	hos	if anyone	if anyone
23:16	17	ἂν	G302	an	. . .	. . .
23:16	18	ὀμόσῃ	G3660	omosē	swears	swears
23:16	19	ἐν	G1722	en	by	by
23:16	20	τῷ	G3588	tō	the	the
23:16	21	χρυσῷ	G5557	chrysō	gold	gold
23:16	22	τοῦ	G3588	tou	of the	of the
23:16	23	ναοῦ	G3485	naou	temple	temple
23:16	24	ὀφείλει	G3784	opheilei	he is bound by his oath	he is bound by his oath
23:17	1	τυφλοί	G5185	typhloi	[You] blind	[You] blind
23:17	2	καὶ	G2532	kai	-	-
23:17	3	μωροὶ	G3474	mōroi	fools	fools
23:17	4	γὰρ	G1063	gar	-	-
23:17	5	τίς	G5101	tis	Which	Which
23:17	6	ἐστίν	G1510	estin	is	is
23:17	7	μείζων	G3173	meizōn	greater	greater
23:17	8	ὁ	G3588	ho	the	the
23:17	9	χρυσὸς	G5557	chrysos	gold	gold
23:17	10	ἢ	G2228	ē	or	or
23:17	11	ὁ	G3588	ho	the	the
23:17	12	ναὸς	G3485	naos	temple	temple
23:17	13	ὁ	G3588	ho	-	-
23:17	14	ἁγιάσας	G37	hagiasas	that makes it sacred	that makes it sacred
23:17	15	τὸν	G3588	ton	. . .	. . .
23:17	16	χρυσόν	G5557	chryson	. . .	. . .
23:18	1	καί	G2532	kai	And [you say]	And [you say]
23:18	2	Ὃς	G3739	Hos	If anyone	If anyone
23:18	3	ἂν	G302	an	. . .	. . .
23:18	4	ὀμόσῃ	G3660	omosē	swears	swears
23:18	5	ἐν	G1722	en	by	by
23:18	6	τῷ	G3588	tō	the	the
23:18	7	θυσιαστηρίῳ	G2379	thysiastēriō	altar	altar
23:18	8	ἐστιν	G1510	estin	it means	it means
23:18	9	οὐδέν	G3762	ouden	nothing	nothing
23:18	10	δ’	G1161	d’	but	but
23:18	11	ὃς	G3739	hos	if anyone	if anyone
23:18	12	ἂν	G302	an	. . .	. . .
23:18	13	ὀμόσῃ	G3660	omosē	swears	swears
23:18	14	ἐν	G1722	en	by	by
23:18	15	τῷ	G3588	tō	the	the
23:18	16	δώρῳ	G1435	dōrō	gift	gift
23:18	17	τῷ	G3588	tō	-	-
23:18	18	ἐπάνω	G1883	epanō	on	on
23:18	19	αὐτοῦ	G846	autou	it	it
23:18	20	ὀφείλει	G3784	opheilei	he is bound by his oath	he is bound by his oath
23:19	1	τυφλοί	G5185	typhloi	You blind men	You blind men
23:19	2	γὰρ	G1063	gar	-	-
23:19	3	τί	G5101	ti	Which	Which
23:19	4	μεῖζον	G3173	meizon	[is] greater	[is] greater
23:19	5	τὸ	G3588	to	the	the
23:19	6	δῶρον	G1435	dōron	gift	gift
23:19	7	ἢ	G2228	ē	or	or
23:19	8	τὸ	G3588	to	the	the
23:19	9	θυσιαστήριον	G2379	thysiastērion	altar	altar
23:19	10	τὸ	G3588	to	-	-
23:19	11	ἁγιάζον	G37	hagiazon	that makes it sacred	that makes it sacred
23:19	12	τὸ	G3588	to	. . .	. . .
23:19	13	δῶρον	G1435	dōron	. . .	. . .
23:20	1	οὖν	G3767	oun	So then	So then
23:20	2	ὁ	G3588	ho	he who	he who
23:20	3	ὀμόσας	G3660	omosas	swears	swears
23:20	4	ἐν	G1722	en	by	by
23:20	5	τῷ	G3588	tō	the	the
23:20	6	θυσιαστηρίῳ	G2379	thysiastēriō	altar	altar
23:20	7	ὀμνύει	G3660	omnyei	swears	swears
23:20	8	ἐν	G1722	en	by	by
23:20	9	αὐτῷ	G846	autō	it	it
23:20	10	καὶ	G2532	kai	and	and
23:20	11	ἐν	G1722	en	by	by
23:20	12	πᾶσι	G3956	pasi	everything	everything
23:20	13	τοῖς	G3588	tois	-	-
23:20	14	ἐπάνω	G1883	epanō	on	on
23:20	15	αὐτοῦ	G846	autou	it	it
23:21	1	καὶ	G2532	kai	And	And
23:21	2	ὁ	G3588	ho	he who	he who
23:21	3	ὀμόσας	G3660	omosas	swears	swears
23:21	4	ἐν	G1722	en	by	by
23:21	5	τῷ	G3588	tō	the	the
23:21	6	ναῷ	G3485	naō	temple	temple
23:21	7	ὀμνύει	G3660	omnyei	swears	swears
23:21	8	ἐν	G1722	en	by	by
23:21	9	αὐτῷ	G846	autō	it	it
23:21	10	καὶ	G2532	kai	and	and
23:21	11	ἐν	G1722	en	by	by
23:21	12	τῷ	G3588	tō	the [One]	the [One]
23:21	13	κατοικοῦντι	G2730	katoikounti	who dwells	who dwells
23:21	14	αὐτόν	G846	auton	in it	in it
23:22	1	καὶ	G2532	kai	And	And
23:22	2	ὁ	G3588	ho	he who	he who
23:22	3	ὀμόσας	G3660	omosas	swears	swears
23:22	4	ἐν	G1722	en	by	by
23:22	5	τῷ	G3588	tō	-	-
23:22	6	οὐρανῷ	G3772	ouranō	heaven	heaven
23:22	7	ὀμνύει	G3660	omnyei	swears	swears
23:22	8	ἐν	G1722	en	by	by
23:22	9	τοῦ	G3588	tou	-	-
23:22	10	Θεοῦ	G2316	Theou	God’s	God’s
23:22	11	τῷ	G3588	tō	-	-
23:22	12	θρόνῳ	G2362	thronō	throne	throne
23:22	13	καὶ	G2532	kai	and	and
23:22	14	ἐν	G1722	en	by	by
23:22	15	τῷ	G3588	tō	the [One]	the [One]
23:22	16	καθημένῳ	G2521	kathēmenō	who sits	who sits
23:22	17	ἐπάνω	G1883	epanō	on	on
23:22	18	αὐτοῦ	G846	autou	it	it
23:23	1	Οὐαὶ	G3759	Ouai	Woe	Woe
23:23	2	ὑμῖν	G4771	hymin	to you	to you
23:23	3	γραμματεῖς	G1122	grammateis	scribes	scribes
23:23	4	καὶ	G2532	kai	and	and
23:23	5	Φαρισαῖοι	G5330	Pharisaioi	Pharisees	Pharisees
23:23	6	ὑποκριταί	G5273	hypokritai	you hypocrites	you hypocrites
23:23	7	ὅτι	G3754	hoti	-	-
23:23	8	ἀποδεκατοῦτε	G586	apodekatoute	You pay tithes of	You pay tithes of
23:23	9	τὸ	G3588	to	-	-
23:23	10	ἡδύοσμον	G2238	hēdyosmon	mint	mint
23:23	11	καὶ	G2532	kai	-	-
23:23	12	τὸ	G3588	to	-	-
23:23	13	ἄνηθον	G432	anēthon	dill	dill
23:23	14	καὶ	G2532	kai	and	and
23:23	15	τὸ	G3588	to	-	-
23:23	16	κύμινον	G2951	kyminon	cumin	cumin
23:23	17	καὶ	G2532	kai	But	But
23:23	18	ἀφήκατε	G863	aphēkate	you have disregarded	you have disregarded
23:23	19	τὰ	G3588	ta	the	the
23:23	20	βαρύτερα	G926	barytera	weightier [matters]	weightier [matters]
23:23	21	τοῦ	G3588	tou	of the	of the
23:23	22	νόμου	G3551	nomou	law	law
23:23	23	τὴν	G3588	tēn	-	-
23:23	24	κρίσιν	G2920	krisin	justice	justice
23:23	25	καὶ	G2532	kai	-	-
23:23	26	τὸ	G3588	to	-	-
23:23	27	ἔλεος	G1656	eleos	mercy	mercy
23:23	28	καὶ	G2532	kai	and	and
23:23	29	τὴν	G3588	tēn	-	-
23:23	30	πίστιν	G4102	pistin	faithfulness	faithfulness
23:23	31	ἔδει	G1163	edei	You should have	You should have
23:23	32	ποιῆσαι	G4160	poiēsai	practiced	practiced
23:23	33	ταῦτα	G3778	tauta	the latter	the latter
23:23	34	δὲ	G1161	de	without	without
23:23	35	μὴ	G3361	mē	. . .	. . .
23:23	36	ἀφιέναι	G863	aphienai	neglecting	neglecting
23:23	37	κἀκεῖνα	G2548	kakeina	the former	the former
23:24	1	τυφλοί	G5185	typhloi	You blind	You blind
23:24	2	ὁδηγοὶ	G3595	hodēgoi	guides	guides
23:24	3	οἱ	G3588	hoi	-	-
23:24	4	διϋλίζοντες	G1368	diulizontes	You strain out	You strain out
23:24	5	τὸν	G3588	ton	-	-
23:24	6	κώνωπα	G2971	kōnōpa	a gnat	a gnat
23:24	7	δὲ	G1161	de	but	but
23:24	8	καταπίνοντες	G2666	katapinontes	swallow	swallow
23:24	9	τὴν	G3588	tēn	-	-
23:24	10	κάμηλον	G2574	kamēlon	a camel	a camel
23:25	1	Οὐαὶ	G3759	Ouai	Woe	Woe
23:25	2	ὑμῖν	G4771	hymin	to you	to you
23:25	3	γραμματεῖς	G1122	grammateis	scribes	scribes
23:25	4	καὶ	G2532	kai	and	and
23:25	5	Φαρισαῖοι	G5330	Pharisaioi	Pharisees	Pharisees
23:25	6	ὑποκριταί	G5273	hypokritai	you hypocrites	you hypocrites
23:25	7	ὅτι	G3754	hoti	-	-
23:25	8	καθαρίζετε	G2511	katharizete	You clean	You clean
23:25	9	τὸ	G3588	to	the	the
23:25	10	ἔξωθεν	G1855	exōthen	outside	outside
23:25	11	τοῦ	G3588	tou	of the	of the
23:25	12	ποτηρίου	G4221	potēriou	cup	cup
23:25	13	καὶ	G2532	kai	and	and
23:25	14	τῆς	G3588	tēs	-	-
23:25	15	παροψίδος	G3953	paropsidos	dish	dish
23:25	16	δὲ	G1161	de	but	but
23:25	17	ἔσωθεν	G2081	esōthen	inside	inside
23:25	18	γέμουσιν	G1073	gemousin	they are full	they are full
23:25	19	ἐξ	G1537	ex	of	of
23:25	20	ἁρπαγῆς	G724	harpagēs	greed	greed
23:25	21	καὶ	G2532	kai	and	and
23:25	22	ἀκρασίας	G192	akrasias	self-indulgence	self-indulgence
23:26	1	τυφλέ	G5185	typhle	Blind	Blind
23:26	2	Φαρισαῖε	G5330	Pharisaie	Pharisee	Pharisee
23:26	3	πρῶτον	G4412	prōton	First	First
23:26	4	καθάρισον	G2511	katharison	clean	clean
23:26	5	τὸ	G3588	to	the	the
23:26	6	ἐντὸς	G1787	entos	inside	inside
23:26	7	τοῦ	G3588	tou	of the	of the
23:26	8	ποτηρίου	G4221	potēriou	cup	cup
23:26	9	καὶ	G2532	kai	and	and
23:26	10	τῆς	G3588	tēs	-	-
23:26	11	παροψίδος	G3953	paropsidos	dish	dish
23:26	12	ἵνα	G2443	hina	so that	so that
23:26	13	αὐτοῦ	G846	autou	-	-
23:26	14	τὸ	G3588	to	the	the
23:26	15	ἐκτὸς	G1622	ektos	outside	outside
23:26	16	γένηται	G1096	genētai	may become	may become
23:26	17	καθαρόν	G2513	katharon	clean	clean
23:26	18	καὶ	G2532	kai	as well	as well
23:27	1	Οὐαὶ	G3759	Ouai	Woe	Woe
23:27	2	ὑμῖν	G4771	hymin	to you	to you
23:27	3	γραμματεῖς	G1122	grammateis	scribes	scribes
23:27	4	καὶ	G2532	kai	and	and
23:27	5	Φαρισαῖοι	G5330	Pharisaioi	Pharisees	Pharisees
23:27	6	ὑποκριταί	G5273	hypokritai	you hypocrites	you hypocrites
23:27	7	ὅτι	G3754	hoti	-	-
23:27	8	παρομοιάζετε	G3945	paromoiazete	You are like	You are like
23:27	9	κεκονιαμένοις	G2867	kekoniamenois	whitewashed	whitewashed
23:27	10	τάφοις	G5028	taphois	tombs	tombs
23:27	11	οἵτινες	G3748	hoitines	which	which
23:27	12	μὲν	G3303	men	-	-
23:27	13	φαίνονται	G5316	phainontai	look	look
23:27	14	ὡραῖοι	G5611	hōraioi	beautiful	beautiful
23:27	15	ἔξωθεν	G1855	exōthen	on the outside	on the outside
23:27	16	δὲ	G1161	de	but	but
23:27	17	ἔσωθεν	G2081	esōthen	on the inside	on the inside
23:27	18	γέμουσιν	G1073	gemousin	are full	are full
23:27	19	νεκρῶν	G3498	nekrōn	of dead [men’s]	of dead [men’s]
23:27	20	ὀστέων	G3747	osteōn	bones	bones
23:27	21	καὶ	G2532	kai	and	and
23:27	22	πάσης	G3956	pasēs	every kind of	every kind of
23:27	23	ἀκαθαρσίας	G167	akatharsias	impurity	impurity
23:28	1	οὕτως	G3779	houtōs	In the same way	In the same way
23:28	2	καὶ	G2532	kai	. . .	. . .
23:28	3	μὲν	G3303	men	. . .	. . .
23:28	4	ἔξωθεν	G1855	exōthen	on the outside	on the outside
23:28	5	ὑμεῖς	G4771	hymeis	you	you
23:28	6	φαίνεσθε	G5316	phainesthe	appear to be	appear to be
23:28	7	τοῖς	G3588	tois	. . .	. . .
23:28	8	ἀνθρώποις	G444	anthrōpois	. . .	. . .
23:28	9	δίκαιοι	G1342	dikaioi	righteous	righteous
23:28	10	δέ	G1161	de	but	but
23:28	11	ἔσωθεν	G2081	esōthen	on the inside	on the inside
23:28	12	ἐστε	G1510	este	you are	you are
23:28	13	μεστοὶ	G3324	mestoi	full	full
23:28	14	ὑποκρίσεως	G5272	hypokriseōs	of hypocrisy	of hypocrisy
23:28	15	καὶ	G2532	kai	and	and
23:28	16	ἀνομίας	G458	anomias	wickedness	wickedness
23:29	1	Οὐαὶ	G3759	Ouai	Woe	Woe
23:29	2	ὑμῖν	G4771	hymin	to you	to you
23:29	3	γραμματεῖς	G1122	grammateis	scribes	scribes
23:29	4	καὶ	G2532	kai	and	and
23:29	5	Φαρισαῖοι	G5330	Pharisaioi	Pharisees	Pharisees
23:29	6	ὑποκριταί	G5273	hypokritai	you hypocrites	you hypocrites
23:29	7	ὅτι	G3754	hoti	-	-
23:29	8	οἰκοδομεῖτε	G3618	oikodomeite	You build	You build
23:29	9	τοὺς	G3588	tous	-	-
23:29	10	τάφους	G5028	taphous	tombs	tombs
23:29	11	τῶν	G3588	tōn	for the	for the
23:29	12	προφητῶν	G4396	prophētōn	prophets	prophets
23:29	13	καὶ	G2532	kai	and	and
23:29	14	κοσμεῖτε	G2885	kosmeite	decorate	decorate
23:29	15	τὰ	G3588	ta	the	the
23:29	16	μνημεῖα	G3419	mnēmeia	monuments	monuments
23:29	17	τῶν	G3588	tōn	of the	of the
23:29	18	δικαίων	G1342	dikaiōn	righteous	righteous
23:30	1	καὶ	G2532	kai	And	And
23:30	2	λέγετε	G3004	legete	you say	you say
23:30	3	Εἰ	G1487	Ei	If	If
23:30	4	ἤμεθα	G1510	ēmetha	we had lived	we had lived
23:30	5	ἐν	G1722	en	in	in
23:30	6	ταῖς	G3588	tais	the	the
23:30	7	ἡμέραις	G2250	hēmerais	days	days
23:30	8	ἡμῶν	G1473	hēmōn	of our	of our
23:30	9	τῶν	G3588	tōn	-	-
23:30	10	πατέρων	G3962	paterōn	fathers	fathers
23:30	11	ἂν	G302	an	vvv	vvv
23:30	12	οὐκ	G3756	ouk	vvv	vvv
23:30	13	ἤμεθα	G1510	ēmetha	we would not have been	we would not have been
23:30	14	κοινωνοὶ	G2844	koinōnoi	partners	partners
23:30	15	αὐτῶν	G846	autōn	with them	with them
23:30	16	ἐν	G1722	en	in [shedding]	in [shedding]
23:30	17	τῷ	G3588	tō	the	the
23:30	18	αἵματι	G129	haimati	blood	blood
23:30	19	τῶν	G3588	tōn	of the	of the
23:30	20	προφητῶν	G4396	prophētōn	prophets	prophets
23:31	1	ὥστε	G5620	hōste	So	So
23:31	2	μαρτυρεῖτε	G3140	martyreite	you testify	you testify
23:31	3	ἑαυτοῖς	G1438	heautois	against yourselves	against yourselves
23:31	4	ὅτι	G3754	hoti	that	that
23:31	5	ἐστε	G1510	este	you are	you are
23:31	6	υἱοί	G5207	huioi	[the] sons	[the] sons
23:31	7	τῶν	G3588	tōn	of those	of those
23:31	8	φονευσάντων	G5407	phoneusantōn	who murdered	who murdered
23:31	9	τοὺς	G3588	tous	the	the
23:31	10	προφήτας	G4396	prophētas	prophets	prophets
23:32	1	πληρώσατε	G4137	plērōsate	Fill up	Fill up
23:32	2	ὑμεῖς	G4771	hymeis	-	-
23:32	3	καὶ	G2532	kai	then	then
23:32	4	τὸ	G3588	to	the	the
23:32	5	μέτρον	G3358	metron	measure [of the sin]	measure [of the sin]
23:32	6	τῶν	G3588	tōn	of	of
23:32	7	ὑμῶν	G4771	hymōn	your	your
23:32	8	πατέρων	G3962	paterōn	fathers	fathers
23:33	1	ὄφεις	G3789	opheis	You snakes	You snakes
23:33	2	γεννήματα	G1081	gennēmata	You brood	You brood
23:33	3	ἐχιδνῶν	G2191	echidnōn	of vipers	of vipers
23:33	4	πῶς	G4459	pōs	How	How
23:33	5	φύγητε	G5343	phygēte	will you escape	will you escape
23:33	6	ἀπὸ	G575	apo	. . .	. . .
23:33	7	τῆς	G3588	tēs	the	the
23:33	8	κρίσεως	G2920	kriseōs	sentence	sentence
23:33	9	τῆς	G3588	tēs	-	-
23:33	10	γεέννης	G1067	geennēs	of hell	of hell
23:34	1	Διὰ	G1223	Dia	Because of	Because of
23:34	2	τοῦτο	G3778	touto	this	this
23:34	3	ἰδοὺ	G2400	idou	-	-
23:34	4	ἐγὼ	G1473	egō	I	I
23:34	5	ἀποστέλλω	G649	apostellō	am sending	am sending
23:34	6	πρὸς	G4314	pros	-	-
23:34	7	ὑμᾶς	G4771	hymas	you	you
23:34	8	προφήτας	G4396	prophētas	prophets	prophets
23:34	9	καὶ	G2532	kai	and	and
23:34	10	σοφοὺς	G4680	sophous	wise [men]	wise [men]
23:34	11	καὶ	G2532	kai	and	and
23:34	12	γραμματεῖς	G1122	grammateis	teachers	teachers
23:34	13	ἐξ	G1537	ex	Some of	Some of
23:34	14	αὐτῶν	G846	autōn	them	them
23:34	15	ἀποκτενεῖτε	G615	apokteneite	you will kill	you will kill
23:34	16	καὶ	G2532	kai	and	and
23:34	17	σταυρώσετε	G4717	staurōsete	crucify	crucify
23:34	18	καὶ	G2532	kai	and	and
23:34	19	ἐξ	G1537	ex	-	-
23:34	20	αὐτῶν	G846	autōn	[others]	[others]
23:34	21	μαστιγώσετε	G3146	mastigōsete	you will flog	you will flog
23:34	22	ἐν	G1722	en	in	in
23:34	23	ὑμῶν	G4771	hymōn	your	your
23:34	24	ταῖς	G3588	tais	-	-
23:34	25	συναγωγαῖς	G4864	synagōgais	synagogues	synagogues
23:34	26	καὶ	G2532	kai	and	and
23:34	27	διώξετε	G1377	diōxete	persecute	persecute
23:34	28	ἀπὸ	G575	apo	from	from
23:34	29	πόλεως	G4172	poleōs	town	town
23:34	30	εἰς	G1519	eis	to	to
23:34	31	πόλιν	G4172	polin	town	town
23:35	1	ὅπως	G3704	hopōs	And so	And so
23:35	2	ἐφ’	G1909	eph’	upon	upon
23:35	3	ὑμᾶς	G4771	hymas	you	you
23:35	4	ἔλθῃ	G2064	elthē	will come	will come
23:35	5	πᾶν	G3956	pan	all	all
23:35	6	δίκαιον	G1342	dikaion	[the] righteous	[the] righteous
23:35	7	αἷμα	G129	haima	blood	blood
23:35	8	ἐκχυννόμενον	G1632	ekchynnomenon	shed	shed
23:35	9	ἐπὶ	G1909	epi	on	on
23:35	10	τῆς	G3588	tēs	-	-
23:35	11	γῆς	G1093	gēs	earth	earth
23:35	12	ἀπὸ	G575	apo	from	from
23:35	13	τοῦ	G3588	tou	the	the
23:35	14	αἵματος	G129	haimatos	blood	blood
23:35	15	τοῦ	G3588	tou	of	of
23:35	16	δικαίου	G1342	dikaiou	righteous	righteous
23:35	17	Ἅβελ	G6	Habel	Abel	Abel
23:35	18	ἕως	G2193	heōs	to	to
23:35	19	τοῦ	G3588	tou	the	the
23:35	20	αἵματος	G129	haimatos	blood	blood
23:35	21	Ζαχαρίου	G2197	Zachariou	of Zechariah	of Zechariah
23:35	22	υἱοῦ	G5207	huiou	son	son
23:35	23	Βαραχίου	G914	Barachiou	of Berechiah	of Berechiah
23:35	24	ὃν	G3739	hon	whom	whom
23:35	25	ἐφονεύσατε	G5407	ephoneusate	you murdered	you murdered
23:35	26	μεταξὺ	G3342	metaxy	between	between
23:35	27	τοῦ	G3588	tou	the	the
23:35	28	ναοῦ	G3485	naou	temple	temple
23:35	29	καὶ	G2532	kai	and	and
23:35	30	τοῦ	G3588	tou	the	the
23:35	31	θυσιαστηρίου	G2379	thysiastēriou	altar	altar
23:36	1	ἀμὴν	G281	amēn	Truly	Truly
23:36	2	λέγω	G3004	legō	I tell	I tell
23:36	3	ὑμῖν	G4771	hymin	you	you
23:36	4	πάντα	G3956	panta	all	all
23:36	5	ταῦτα	G3778	tauta	these things	these things
23:36	6	ἥξει	G2240	hēxei	will come	will come
23:36	7	ἐπὶ	G1909	epi	upon	upon
23:36	8	ταύτην	G3778	tautēn	this	this
23:36	9	τὴν	G3588	tēn	-	-
23:36	10	γενεὰν	G1074	genean	generation	generation
23:37	1	Ἰερουσαλὴμ	G2419	Ierousalēm	O Jerusalem	O Jerusalem
23:37	2	Ἰερουσαλήμ	G2419	Ierousalēm	Jerusalem	Jerusalem
23:37	3	ἡ	G3588	hē	who	who
23:37	4	ἀποκτείνουσα	G615	apokteinousa	kills	kills
23:37	5	τοὺς	G3588	tous	the	the
23:37	6	προφήτας	G4396	prophētas	prophets	prophets
23:37	7	καὶ	G2532	kai	and	and
23:37	8	λιθοβολοῦσα	G3036	lithobolousa	stones	stones
23:37	9	τοὺς	G3588	tous	those	those
23:37	10	ἀπεσταλμένους	G649	apestalmenous	sent	sent
23:37	11	πρὸς	G4314	pros	to	to
23:37	12	αὐτήν	G846	autēn	her	her
23:37	13	ποσάκις	G4212	posakis	how often	how often
23:37	14	ἠθέλησα	G2309	ēthelēsa	I have longed	I have longed
23:37	15	ἐπισυναγαγεῖν	G1996	episynagagein	to gather	to gather
23:37	16	σου	G4771	sou	your	your
23:37	17	τὰ	G3588	ta	-	-
23:37	18	τέκνα	G5043	tekna	children {together}	children {together}
23:37	19	τρόπον	G5158	tropon	as	as
23:37	20	ὃν	G3739	hon	. . .	. . .
23:37	21	ὄρνις	G3733	ornis	a hen	a hen
23:37	22	ἐπισυνάγει	G1996	episynagei	gathers	gathers
23:37	23	αὐτῆς	G846	autēs	her	her
23:37	24	τὰ	G3588	ta	-	-
23:37	25	νοσσία	G3556	nossia	chicks	chicks
23:37	26	ὑπὸ	G5259	hypo	under	under
23:37	27	τὰς	G3588	tas	[her]	[her]
23:37	28	πτέρυγας	G4420	pterygas	wings	wings
23:37	29	καὶ	G2532	kai	but	but
23:37	30	οὐκ	G3756	ouk	vvv	vvv
23:37	31	ἠθελήσατε	G2309	ēthelēsate	you were unwilling	you were unwilling
23:38	1	ἰδοὺ	G2400	idou	Look	Look
23:38	2	ὑμῶν	G4771	hymōn	your	your
23:38	3	ὁ	G3588	ho	-	-
23:38	4	οἶκος	G3624	oikos	house	house
23:38	5	ἀφίεται	G863	aphietai	is left	is left
23:38	6	ὑμῖν	G4771	hymin	to you	to you
23:38	7	ἔρημος	G2048	erēmos	desolate	desolate
23:39	1	γὰρ	G1063	gar	For	For
23:39	2	λέγω	G3004	legō	I tell	I tell
23:39	3	ὑμῖν	G4771	hymin	you [that]	you [that]
23:39	4	οὐ	G3756	ou	vvv	vvv
23:39	5	μή	G3361	mē	vvv	vvv
23:39	6	ἴδητε	G3708	idēte	you will not see	you will not see
23:39	7	με	G1473	me	Me	Me
23:39	8	ἀπ’	G575	ap’	again	again
23:39	9	ἄρτι	G737	arti	. . .	. . .
23:39	10	ἕως	G2193	heōs	until	until
23:39	11	ἂν	G302	an	. . .	. . .
23:39	12	εἴπητε	G2036	eipēte	you say	you say
23:39	13	Εὐλογημένος	G2127	Eulogēmenos	Blessed [is]	Blessed [is]
23:39	14	ὁ	G3588	ho	He who	He who
23:39	15	ἐρχόμενος	G2064	erchomenos	comes	comes
23:39	16	ἐν	G1722	en	in	in
23:39	17	ὀνόματι	G3686	onomati	[the] name	[the] name
23:39	18	Κυρίου	G2962	Kyriou	of [the] Lord	of [the] Lord
24:1	1	Καὶ	G2532	Kai	[As]	[As]
24:1	2	ὁ	G3588	ho	-	-
24:1	3	Ἰησοῦς	G2424	Iēsous	Jesus	Jesus
24:1	4	ἐξελθὼν	G1831	exelthōn	left	left
24:1	5	ἀπὸ	G575	apo	. . .	. . .
24:1	6	τοῦ	G3588	tou	the	the
24:1	7	ἱεροῦ	G2411	hierou	temple	temple
24:1	8	ἐπορεύετο	G4198	eporeueto	[and] was walking away	[and] was walking away
24:1	9	καὶ	G2532	kai	-	-
24:1	10	αὐτοῦ	G846	autou	His	His
24:1	11	οἱ	G3588	hoi	-	-
24:1	12	μαθηταὶ	G3101	mathētai	disciples	disciples
24:1	13	προσῆλθον	G4334	prosēlthon	came up to [Him]	came up to [Him]
24:1	14	ἐπιδεῖξαι	G1925	epideixai	to point out	to point out
24:1	15	αὐτῷ	G846	autō	-	-
24:1	16	τοῦ	G3588	tou	-	-
24:1	17	ἱεροῦ	G2411	hierou	[its]	[its]
24:1	18	τὰς	G3588	tas	-	-
24:1	19	οἰκοδομὰς	G3619	oikodomas	buildings	buildings
24:2	1	Οὐ	G3756	Ou	vvv	vvv
24:2	2	βλέπετε	G991	blepete	Do you see	Do you see
24:2	3	πάντα	G3956	panta	all	all
24:2	4	ταῦτα	G3778	tauta	these things	these things
24:2	5	δὲ	G1161	de	vvv	vvv
24:2	6	ὁ	G3588	ho	vvv	vvv
24:2	7	ἀποκριθεὶς	G611	apokritheis	vvv	vvv
24:2	8	εἶπεν	G2036	eipen	He replied	He replied
24:2	9	αὐτοῖς	G846	autois	. . .	. . .
24:2	10	ἀμὴν	G281	amēn	Truly	Truly
24:2	11	λέγω	G3004	legō	I tell	I tell
24:2	12	ὑμῖν	G4771	hymin	you	you
24:2	13	οὐ	G3756	ou	vvv	vvv
24:2	14	μὴ	G3361	mē	not	not
24:2	15	λίθος	G3037	lithos	one stone	one stone
24:2	16	ὧδε	G5602	hōde	here	here
24:2	17	ἀφεθῇ	G863	aphethē	will be left	will be left
24:2	18	ἐπὶ	G1909	epi	on	on
24:2	19	λίθον	G3037	lithon	[another]	[another]
24:2	20	ὃς	G3739	hos	[every one]	[every one]
24:2	21	οὐ	G3756	ou	. . .	. . .
24:2	22	καταλυθήσεται	G2647	katalythēsetai	will be thrown down	will be thrown down
24:3	1	δὲ	G1161	de	[While]	[While]
24:3	2	αὐτοῦ	G846	autou	[Jesus]	[Jesus]
24:3	3	Καθημένου	G2521	Kathēmenou	was sitting	was sitting
24:3	4	ἐπὶ	G1909	epi	on	on
24:3	5	τοῦ	G3588	tou	the	the
24:3	6	ὄρους	G3735	orous	Mount	Mount
24:3	7	τῶν	G3588	tōn	-	-
24:3	8	Ἐλαιῶν	G1636	Elaiōn	of Olives	of Olives
24:3	9	οἱ	G3588	hoi	the	the
24:3	10	μαθηταὶ	G3101	mathētai	disciples	disciples
24:3	11	προσῆλθον	G4334	prosēlthon	came to	came to
24:3	12	αὐτῷ	G846	autō	Him	Him
24:3	13	κατ’	G2596	kat’	vvv	vvv
24:3	14	ἰδίαν	G2398	idian	privately	privately
24:3	15	Εἰπὲ	G2036	Eipe	Tell	Tell
24:3	16	ἡμῖν	G1473	hēmin	us	us
24:3	17	λέγοντες	G3004	legontes	they said	they said
24:3	18	πότε	G4219	pote	when {will}	when {will}
24:3	19	ταῦτα	G3778	tauta	these things	these things
24:3	20	ἔσται	G1510	estai	happen	happen
24:3	21	καὶ	G2532	kai	and	and
24:3	22	τί	G5101	ti	what [will be]	what [will be]
24:3	23	τὸ	G3588	to	the	the
24:3	24	σημεῖον	G4592	sēmeion	sign	sign
24:3	25	σῆς	G4674	sēs	of Your	of Your
24:3	26	τῆς	G3588	tēs	-	-
24:3	27	παρουσίας	G3952	parousias	coming	coming
24:3	28	καὶ	G2532	kai	and	and
24:3	29	συντελείας	G4930	synteleias	of the end	of the end
24:3	30	τοῦ	G3588	tou	of the	of the
24:3	31	αἰῶνος	G165	aiōnos	age	age
24:4	1	Καὶ	G2532	Kai	-	-
24:4	2	ὁ	G3588	ho	-	-
24:4	3	Ἰησοῦς	G2424	Iēsous	Jesus	Jesus
24:4	4	ἀποκριθεὶς	G611	apokritheis	answered	answered
24:4	5	εἶπεν	G2036	eipen	. . .	. . .
24:4	6	αὐτοῖς	G846	autois	. . .	. . .
24:4	7	Βλέπετε	G991	Blepete	See to it	See to it
24:4	8	μή	G3361	mē	that no one	that no one
24:4	9	τις	G5100	tis	. . .	. . .
24:4	10	πλανήσῃ	G4105	planēsē	deceives	deceives
24:4	11	ὑμᾶς	G4771	hymas	you	you
24:5	1	γὰρ	G1063	gar	For	For
24:5	2	πολλοὶ	G4183	polloi	many	many
24:5	3	ἐλεύσονται	G2064	eleusontai	will come	will come
24:5	4	ἐπὶ	G1909	epi	in	in
24:5	5	μου	G1473	mou	My	My
24:5	6	τῷ	G3588	tō	-	-
24:5	7	ὀνόματί	G3686	onomati	name	name
24:5	8	λέγοντες	G3004	legontes	claiming	claiming
24:5	9	Ἐγώ	G1473	Egō	I	I
24:5	10	εἰμι	G1510	eimi	am	am
24:5	11	ὁ	G3588	ho	the	the
24:5	12	Χριστός	G5547	Christos	Christ	Christ
24:5	13	καὶ	G2532	kai	and	and
24:5	14	πλανήσουσιν	G4105	planēsousin	will deceive many	will deceive many
24:5	15	πολλοὺς	G4183	pollous	. . .	. . .
24:6	1	δὲ	G1161	de	-	-
24:6	2	μελλήσετε	G3195	mellēsete	You will	You will
24:6	3	ἀκούειν	G191	akouein	hear of	hear of
24:6	4	πολέμους	G4171	polemous	wars	wars
24:6	5	καὶ	G2532	kai	and	and
24:6	6	ἀκοὰς	G189	akoas	rumors	rumors
24:6	7	πολέμων	G4171	polemōn	of wars	of wars
24:6	8	ὁρᾶτε	G3708	horate	but see to it	but see to it
24:6	9	μὴ	G3361	mē	vvv	vvv
24:6	10	θροεῖσθε	G2360	throeisthe	that you are not alarmed	that you are not alarmed
24:6	11	γὰρ	G1063	gar	[These things]	[These things]
24:6	12	δεῖ	G1163	dei	must	must
24:6	13	γενέσθαι	G1096	genesthai	happen	happen
24:6	14	ἀλλ’	G235	all’	but	but
24:6	15	τὸ	G3588	to	the	the
24:6	16	τέλος	G5056	telos	end	end
24:6	17	ἐστὶν	G1510	estin	is	is
24:6	18	οὔπω	G3768	oupō	still to come	still to come
24:7	1	γὰρ	G1063	gar	-	-
24:7	2	ἔθνος	G1484	ethnos	Nation	Nation
24:7	3	ἐγερθήσεται	G1453	egerthēsetai	will rise	will rise
24:7	4	ἐπὶ	G1909	epi	against	against
24:7	5	ἔθνος	G1484	ethnos	nation	nation
24:7	6	καὶ	G2532	kai	and	and
24:7	7	βασιλεία	G932	basileia	kingdom	kingdom
24:7	8	ἐπὶ	G1909	epi	against	against
24:7	9	βασιλείαν	G932	basileian	kingdom	kingdom
24:7	10	καὶ	G2532	kai	-	-
24:7	11	ἔσονται	G1510	esontai	There will be	There will be
24:7	12	λιμοὶ	G3042	limoi	famines	famines
24:7	13	καὶ	G2532	kai	and	and
24:7	14	σεισμοὶ	G4578	seismoi	earthquakes	earthquakes
24:7	15	κατὰ	G2596	kata	in	in
24:7	16	τόπους	G5117	topous	[various] places	[various] places
24:8	1	δὲ	G1161	de	-	-
24:8	2	πάντα	G3956	panta	All	All
24:8	3	ταῦτα	G3778	tauta	these [are]	these [are]
24:8	4	ἀρχὴ	G746	archē	[the] beginning	[the] beginning
24:8	5	ὠδίνων	G5604	ōdinōn	of birth pains	of birth pains
24:9	1	Τότε	G5119	Tote	Then	Then
24:9	2	παραδώσουσιν	G3860	paradōsousin	they will deliver	they will deliver
24:9	3	ὑμᾶς	G4771	hymas	you	you
24:9	4	εἰς	G1519	eis	over to	over to
24:9	5	θλῖψιν	G2347	thlipsin	be persecuted	be persecuted
24:9	6	καὶ	G2532	kai	and	and
24:9	7	ἀποκτενοῦσιν	G615	apoktenousin	killed	killed
24:9	8	ὑμᾶς	G4771	hymas	. . .	. . .
24:9	9	καὶ	G2532	kai	and	and
24:9	10	ἔσεσθε	G1510	esesthe	you will be	you will be
24:9	11	μισούμενοι	G3404	misoumenoi	hated	hated
24:9	12	ὑπὸ	G5259	hypo	by	by
24:9	13	πάντων	G3956	pantōn	all	all
24:9	14	τῶν	G3588	tōn	-	-
24:9	15	ἐθνῶν	G1484	ethnōn	nations	nations
24:9	16	διὰ	G1223	dia	because of	because of
24:9	17	μου	G1473	mou	My	My
24:9	18	τὸ	G3588	to	-	-
24:9	19	ὄνομά	G3686	onoma	name	name
24:10	1	καὶ	G2532	kai	-	-
24:10	2	τότε	G5119	tote	At that time	At that time
24:10	3	πολλοὶ	G4183	polloi	many	many
24:10	4	σκανδαλισθήσονται	G4624	skandalisthēsontai	will fall away	will fall away
24:10	5	καὶ	G2532	kai	and	and
24:10	6	παραδώσουσιν	G3860	paradōsousin	will betray	will betray
24:10	7	ἀλλήλους	G240	allēlous	-	-
24:10	8	καὶ	G2532	kai	and	and
24:10	9	μισήσουσιν	G3404	misēsousin	hate	hate
24:10	10	ἀλλήλους	G240	allēlous	one another	one another
24:11	1	καὶ	G2532	kai	and	and
24:11	2	πολλοὶ	G4183	polloi	many	many
24:11	3	ψευδοπροφῆται	G5578	pseudoprophētai	false prophets	false prophets
24:11	4	ἐγερθήσονται	G1453	egerthēsontai	will arise	will arise
24:11	5	καὶ	G2532	kai	and	and
24:11	6	πλανήσουσιν	G4105	planēsousin	deceive	deceive
24:11	7	πολλούς	G4183	pollous	many	many
24:12	1	Καὶ	G2532	Kai	-	-
24:12	2	διὰ	G1223	dia	Because of	Because of
24:12	3	τὸ	G3588	to	-	-
24:12	4	πληθυνθῆναι	G4129	plēthynthēnai	the multiplication	the multiplication
24:12	5	τὴν	G3588	tēn	-	-
24:12	6	ἀνομίαν	G458	anomian	of wickedness	of wickedness
24:12	7	ἡ	G3588	hē	the	the
24:12	8	ἀγάπη	G26	agapē	love	love
24:12	9	τῶν	G3588	tōn	of	of
24:12	10	πολλῶν	G4183	pollōn	most	most
24:12	11	ψυγήσεται	G5594	psygēsetai	will grow cold	will grow cold
24:13	1	δὲ	G1161	de	But	But
24:13	2	ὁ	G3588	ho	the [one who]	the [one who]
24:13	3	ὑπομείνας	G5278	hypomeinas	perseveres	perseveres
24:13	4	εἰς	G1519	eis	to	to
24:13	5	τέλος	G5056	telos	[the] end	[the] end
24:13	6	οὗτος	G3778	houtos	-	-
24:13	7	σωθήσεται	G4982	sōthēsetai	will be saved	will be saved
24:14	1	Καὶ	G2532	Kai	And	And
24:14	2	τοῦτο	G3778	touto	this	this
24:14	3	τὸ	G3588	to	-	-
24:14	4	εὐαγγέλιον	G2098	euangelion	gospel	gospel
24:14	5	τῆς	G3588	tēs	of the	of the
24:14	6	βασιλείας	G932	basileias	kingdom	kingdom
24:14	7	κηρυχθήσεται	G2784	kērychthēsetai	will be preached	will be preached
24:14	8	ἐν	G1722	en	in	in
24:14	9	ὅλῃ	G3650	holē	all	all
24:14	10	τῇ	G3588	tē	the	the
24:14	11	οἰκουμένῃ	G3625	oikoumenē	world	world
24:14	12	εἰς	G1519	eis	as	as
24:14	13	μαρτύριον	G3142	martyrion	a testimony	a testimony
24:14	14	πᾶσιν	G3956	pasin	to all	to all
24:14	15	τοῖς	G3588	tois	-	-
24:14	16	ἔθνεσιν	G1484	ethnesin	nations	nations
24:14	17	καὶ	G2532	kai	and	and
24:14	18	τότε	G5119	tote	then	then
24:14	19	τὸ	G3588	to	the	the
24:14	20	τέλος	G5056	telos	end	end
24:14	21	ἥξει	G2240	hēxei	will come	will come
24:15	1	οὖν	G3767	oun	So	So
24:15	2	Ὅταν	G3752	Hotan	when	when
24:15	3	ἴδητε	G3708	idēte	you see	you see
24:15	4	ἑστὸς	G2476	hestos	standing	standing
24:15	5	ἐν	G1722	en	in	in
24:15	6	ἁγίῳ	G40	hagiō	[the] holy	[the] holy
24:15	7	τόπῳ	G5117	topō	place	place
24:15	8	Τὸ	G3588	To	the	the
24:15	9	βδέλυγμα	G946	bdelygma	abomination	abomination
24:15	10	τῆς	G3588	tēs	-	-
24:15	11	ἐρημώσεως	G2050	erēmōseōs	of desolation	of desolation
24:15	12	τὸ	G3588	to	-	-
24:15	13	ῥηθὲν	G2046	rhēthen	spoken of	spoken of
24:15	14	διὰ	G1223	dia	by	by
24:15	15	τοῦ	G3588	tou	the	the
24:15	16	προφήτου	G4396	prophētou	prophet	prophet
24:15	17	Δανιὴλ	G1158	Daniēl	Daniel	Daniel
24:15	18	ὁ	G3588	ho	({let} the	({let} the
24:15	19	ἀναγινώσκων	G314	anaginōskōn	reader	reader
24:15	20	νοείτω	G3539	noeitō	understand)	understand)
24:16	1	τότε	G5119	tote	then {let}	then {let}
24:16	2	οἱ	G3588	hoi	those who are	those who are
24:16	3	ἐν	G1722	en	in	in
24:16	4	τῇ	G3588	tē	-	-
24:16	5	Ἰουδαίᾳ	G2449	Ioudaia	Judea	Judea
24:16	6	φευγέτωσαν	G5343	pheugetōsan	flee	flee
24:16	7	εἰς	G1519	eis	to	to
24:16	8	τὰ	G3588	ta	the	the
24:16	9	ὄρη	G3735	orē	mountains	mountains
24:17	1	ὁ	G3588	ho	[Let no one]	[Let no one]
24:17	2	ἐπὶ	G1909	epi	on	on
24:17	3	τοῦ	G3588	tou	the	the
24:17	4	δώματος	G1430	dōmatos	housetop	housetop
24:17	5	μὴ	G3361	mē	-	-
24:17	6	καταβάτω	G2597	katabatō	come down	come down
24:17	7	ἆραι	G142	arai	to retrieve	to retrieve
24:17	8	τὰ	G3588	ta	anything	anything
24:17	9	ἐκ	G1537	ek	from	from
24:17	10	αὐτοῦ	G846	autou	his	his
24:17	11	τῆς	G3588	tēs	-	-
24:17	12	οἰκίας	G3614	oikias	house	house
24:18	1	καὶ	G2532	kai	And	And
24:18	2	ὁ	G3588	ho	[let no one]	[let no one]
24:18	3	ἐν	G1722	en	in	in
24:18	4	τῷ	G3588	tō	the	the
24:18	5	ἀγρῷ	G68	agrō	field	field
24:18	6	μὴ	G3361	mē	-	-
24:18	7	ἐπιστρεψάτω	G1994	epistrepsatō	return	return
24:18	8	ὀπίσω	G3694	opisō	. . .	. . .
24:18	9	ἆραι	G142	arai	for	for
24:18	10	αὐτοῦ	G846	autou	his	his
24:18	11	τὸ	G3588	to	-	-
24:18	12	ἱμάτιον	G2440	himation	cloak	cloak
24:19	1	δὲ	G1161	de	How	How
24:19	2	Οὐαὶ	G3759	Ouai	miserable	miserable
24:19	3	ἐν	G1722	en	-	-
24:19	4	ἐκείναις	G1565	ekeinais	those	those
24:19	5	ταῖς	G3588	tais	-	-
24:19	6	ἡμέραις	G2250	hēmerais	days [will be]	days [will be]
24:19	7	ταῖς	G3588	tais	for	for
24:19	8	ἐχούσαις	G2192	echousais	pregnant	pregnant
24:19	9	ἐν	G1722	en	. . .	. . .
24:19	10	γαστρὶ	G1064	gastri	. . .	. . .
24:19	11	καὶ	G2532	kai	and	and
24:19	12	ταῖς	G3588	tais	-	-
24:19	13	θηλαζούσαις	G2337	thēlazousais	nursing [mothers]	nursing [mothers]
24:20	1	δὲ	G1161	de	-	-
24:20	2	προσεύχεσθε	G4336	proseuchesthe	Pray	Pray
24:20	3	ἵνα	G2443	hina	that	that
24:20	4	ὑμῶν	G4771	hymōn	your	your
24:20	5	ἡ	G3588	hē	-	-
24:20	6	φυγὴ	G5437	phygē	flight	flight
24:20	7	μὴ	G3361	mē	vvv	vvv
24:20	8	γένηται	G1096	genētai	will not occur	will not occur
24:20	9	χειμῶνος	G5494	cheimōnos	in the winter	in the winter
24:20	10	μηδὲ	G3366	mēde	[or]	[or]
24:20	11	σαββάτῳ	G4521	sabbatō	on the Sabbath	on the Sabbath
24:21	1	γὰρ	G1063	gar	For	For
24:21	2	τότε	G5119	tote	at that time	at that time
24:21	3	ἔσται	G1510	estai	there will be	there will be
24:21	4	μεγάλη	G3173	megalē	great	great
24:21	5	θλῖψις	G2347	thlipsis	tribulation	tribulation
24:21	6	οἵα	G3634	hoia	unseen	unseen
24:21	7	οὐ	G3756	ou	. . .	. . .
24:21	8	γέγονεν	G1096	gegonen	. . .	. . .
24:21	9	ἀπ’	G575	ap’	from	from
24:21	10	ἀρχῆς	G746	archēs	[the] beginning	[the] beginning
24:21	11	κόσμου	G2889	kosmou	of [the] world	of [the] world
24:21	12	ἕως	G2193	heōs	until	until
24:21	13	τοῦ	G3588	tou	-	-
24:21	14	νῦν	G3568	nyn	now	now
24:21	15	οὐδ’	G3761	oud’	[and]	[and]
24:21	16	μὴ	G3361	mē	vvv	vvv
24:21	17	οὐ	G3756	ou	never	never
24:21	18	γένηται	G1096	genētai	to be [seen again]	to be [seen again]
24:22	1	καὶ	G2532	kai	-	-
24:22	2	εἰ	G1487	ei	If	If
24:22	3	μὴ	G3361	mē	. . .	. . .
24:22	4	ἐκεῖναι	G1565	ekeinai	those	those
24:22	5	αἱ	G3588	hai	-	-
24:22	6	ἡμέραι	G2250	hēmerai	days	days
24:22	7	ἐκολοβώθησαν	G2856	ekolobōthēsan	had not been cut short	had not been cut short
24:22	8	οὐκ	G3756	ouk	. . .	. . .
24:22	9	πᾶσα	G3956	pasa	nobody	nobody
24:22	10	σάρξ	G4561	sarx	. . .	. . .
24:22	11	ἂν	G302	an	vvv	vvv
24:22	12	ἐσώθη	G4982	esōthē	would be saved	would be saved
24:22	13	δὲ	G1161	de	But	But
24:22	14	διὰ	G1223	dia	for the sake of	for the sake of
24:22	15	τοὺς	G3588	tous	the	the
24:22	16	ἐκλεκτοὺς	G1588	eklektous	elect	elect
24:22	17	ἐκεῖναι	G1565	ekeinai	those	those
24:22	18	αἱ	G3588	hai	-	-
24:22	19	ἡμέραι	G2250	hēmerai	days	days
24:22	20	κολοβωθήσονται	G2856	kolobōthēsontai	will be cut short	will be cut short
24:23	1	Τότε	G5119	Tote	At that time	At that time
24:23	2	ἐάν	G1437	ean	if	if
24:23	3	τις	G5100	tis	anyone	anyone
24:23	4	εἴπῃ	G2036	eipē	says	says
24:23	5	ὑμῖν	G4771	hymin	to you	to you
24:23	6	Ἰδοὺ	G2400	Idou	Look	Look
24:23	7	ὧδε	G5602	hōde	here [is]	here [is]
24:23	8	ὁ	G3588	ho	the	the
24:23	9	Χριστός	G5547	Christos	Christ	Christ
24:23	10	ἤ	G2228	ē	or	or
24:23	11	Ὧδε	G5602	Hōde	There [He is]	There [He is]
24:23	12	μὴ	G3361	mē	{do} not	{do} not
24:23	13	πιστεύσητε	G4100	pisteusēte	believe [it]	believe [it]
24:24	1	γὰρ	G1063	gar	For	For
24:24	2	ψευδόχριστοι	G5580	pseudochristoi	false Christs	false Christs
24:24	3	καὶ	G2532	kai	and	and
24:24	4	ψευδοπροφῆται	G5578	pseudoprophētai	false prophets	false prophets
24:24	5	ἐγερθήσονται	G1453	egerthēsontai	will appear	will appear
24:24	6	καὶ	G2532	kai	and	and
24:24	7	δώσουσιν	G1325	dōsousin	perform	perform
24:24	8	μεγάλα	G3173	megala	great	great
24:24	9	σημεῖα	G4592	sēmeia	signs	signs
24:24	10	καὶ	G2532	kai	and	and
24:24	11	τέρατα	G5059	terata	wonders	wonders
24:24	12	ὥστε	G5620	hōste	to	to
24:24	13	πλανῆσαι	G4105	planēsai	deceive	deceive
24:24	14	καὶ	G2532	kai	even	even
24:24	15	τοὺς	G3588	tous	the	the
24:24	16	ἐκλεκτούς	G1588	eklektous	elect	elect
24:24	17	εἰ	G1487	ei	if	if
24:24	18	δυνατὸν	G1415	dynaton	that were possible	that were possible
24:25	1	ἰδοὺ	G2400	idou	See	See
24:25	2	προείρηκα	G4302	proeirēka	I have told you in advance	I have told you in advance
24:25	3	ὑμῖν	G4771	hymin	. . .	. . .
24:26	1	οὖν	G3767	oun	So	So
24:26	2	Ἐὰν	G1437	Ean	if	if
24:26	3	εἴπωσιν	G2036	eipōsin	they tell	they tell
24:26	4	ὑμῖν	G4771	hymin	you	you
24:26	5	Ἰδοὺ	G2400	Idou	There	There
24:26	6	ἐστίν	G1510	estin	He is	He is
24:26	7	ἐν	G1722	en	in	in
24:26	8	τῇ	G3588	tē	the	the
24:26	9	ἐρήμῳ	G2048	erēmō	wilderness	wilderness
24:26	10	μὴ	G3361	mē	{do} not	{do} not
24:26	11	ἐξέλθητε	G1831	exelthēte	go out	go out
24:26	12	Ἰδοὺ	G2400	Idou	[or], ‘Here	[or], ‘Here
24:26	13	ἐν	G1722	en	[He is,] in	[He is,] in
24:26	14	τοῖς	G3588	tois	the	the
24:26	15	ταμείοις	G5009	tameiois	inner rooms	inner rooms
24:26	16	μὴ	G3361	mē	{do} not	{do} not
24:26	17	πιστεύσητε	G4100	pisteusēte	believe [it]	believe [it]
24:27	1	γὰρ	G1063	gar	For	For
24:27	2	ὥσπερ	G5618	hōsper	just as	just as
24:27	3	ἡ	G3588	hē	the	the
24:27	4	ἀστραπὴ	G796	astrapē	lightning	lightning
24:27	5	ἐξέρχεται	G1831	exerchetai	comes	comes
24:27	6	ἀπὸ	G575	apo	from	from
24:27	7	ἀνατολῶν	G395	anatolōn	[the] east	[the] east
24:27	8	καὶ	G2532	kai	and	and
24:27	9	φαίνεται	G5316	phainetai	flashes	flashes
24:27	10	ἕως	G2193	heōs	as far as	as far as
24:27	11	δυσμῶν	G1424	dysmōn	[the] west	[the] west
24:27	12	οὕτως	G3779	houtōs	so	so
24:27	13	ἔσται	G1510	estai	will be	will be
24:27	14	ἡ	G3588	hē	the	the
24:27	15	παρουσία	G3952	parousia	coming	coming
24:27	16	τοῦ	G3588	tou	of the	of the
24:27	17	Υἱοῦ	G5207	Huiou	Son	Son
24:27	18	τοῦ	G3588	tou	-	-
24:27	19	ἀνθρώπου	G444	anthrōpou	of Man	of Man
24:28	1	ὅπου	G3699	hopou	Wherever	Wherever
24:28	2	ἐὰν	G1437	ean	. . .	. . .
24:28	3	ᾖ	G1510	ē	there is	there is
24:28	4	τὸ	G3588	to	-	-
24:28	5	πτῶμα	G4430	ptōma	a carcass	a carcass
24:28	6	ἐκεῖ	G1563	ekei	there	there
24:28	7	οἱ	G3588	hoi	the	the
24:28	8	ἀετοί	G105	aetoi	vultures	vultures
24:28	9	συναχθήσονται	G4863	synachthēsontai	will gather	will gather
24:29	1	δὲ	G1161	de	-	-
24:29	2	Εὐθέως	G2112	Eutheōs	Immediately	Immediately
24:29	3	μετὰ	G3326	meta	after	after
24:29	4	τὴν	G3588	tēn	the	the
24:29	5	θλῖψιν	G2347	thlipsin	tribulation	tribulation
24:29	6	ἐκείνων	G1565	ekeinōn	of those	of those
24:29	7	τῶν	G3588	tōn	-	-
24:29	8	ἡμερῶν	G2250	hēmerōn	days	days
24:29	9	Ὁ	G3588	Ho	The	The
24:29	10	ἥλιος	G2246	hēlios	sun	sun
24:29	11	σκοτισθήσεται	G4654	skotisthēsetai	will be darkened	will be darkened
24:29	12	Καὶ	G2532	Kai	and	and
24:29	13	ἡ	G3588	hē	the	the
24:29	14	σελήνη	G4582	selēnē	moon	moon
24:29	15	οὐ	G3756	ou	vvv	vvv
24:29	16	δώσει	G1325	dōsei	will not give	will not give
24:29	17	αὐτῆς	G846	autēs	its	its
24:29	18	τὸ	G3588	to	-	-
24:29	19	φέγγος	G5338	phengos	light	light
24:29	20	Καὶ	G2532	Kai	-	-
24:29	21	οἱ	G3588	hoi	the	the
24:29	22	ἀστέρες	G792	asteres	stars	stars
24:29	23	πεσοῦνται	G4098	pesountai	will fall	will fall
24:29	24	ἀπὸ	G575	apo	from	from
24:29	25	τοῦ	G3588	tou	the	the
24:29	26	οὐρανοῦ	G3772	ouranou	sky	sky
24:29	27	Καὶ	G2532	Kai	and	and
24:29	28	αἱ	G3588	hai	the	the
24:29	29	δυνάμεις	G1411	dynameis	powers	powers
24:29	30	τῶν	G3588	tōn	of the	of the
24:29	31	οὐρανῶν	G3772	ouranōn	heavens	heavens
24:29	32	σαλευθήσονται	G4531	saleuthēsontai	will be shaken	will be shaken
24:30	1	Καὶ	G2532	Kai	vvv	vvv
24:30	2	τότε	G5119	tote	At that time	At that time
24:30	3	τὸ	G3588	to	the	the
24:30	4	σημεῖον	G4592	sēmeion	sign	sign
24:30	5	τοῦ	G3588	tou	of the	of the
24:30	6	Υἱοῦ	G5207	Huiou	Son	Son
24:30	7	τοῦ	G3588	tou	-	-
24:30	8	ἀνθρώπου	G444	anthrōpou	of Man	of Man
24:30	9	φανήσεται	G5316	phanēsetai	will appear	will appear
24:30	10	ἐν	G1722	en	in	in
24:30	11	τῷ	G3588	tō	-	-
24:30	12	οὐρανῷ	G3772	ouranō	heaven	heaven
24:30	13	καὶ	G2532	kai	and	and
24:30	14	τότε	G5119	tote	. . .	. . .
24:30	15	πᾶσαι	G3956	pasai	all	all
24:30	16	αἱ	G3588	hai	the	the
24:30	17	φυλαὶ	G5443	phylai	tribes	tribes
24:30	18	τῆς	G3588	tēs	of the	of the
24:30	19	γῆς	G1093	gēs	earth	earth
24:30	20	κόψονται	G2875	kopsontai	will mourn	will mourn
24:30	21	καὶ	G2532	kai	-	-
24:30	22	ὄψονται	G3708	opsontai	They will see	They will see
24:30	23	τὸν	G3588	ton	the	the
24:30	24	Υἱὸν	G5207	Huion	Son	Son
24:30	25	τοῦ	G3588	tou	-	-
24:30	26	ἀνθρώπου	G444	anthrōpou	of Man	of Man
24:30	27	ἐρχόμενον	G2064	erchomenon	coming	coming
24:30	28	ἐπὶ	G1909	epi	on	on
24:30	29	τῶν	G3588	tōn	the	the
24:30	30	νεφελῶν	G3507	nephelōn	clouds	clouds
24:30	31	τοῦ	G3588	tou	-	-
24:30	32	οὐρανοῦ	G3772	ouranou	of heaven	of heaven
24:30	33	μετὰ	G3326	meta	with	with
24:30	34	δυνάμεως	G1411	dynameōs	power	power
24:30	35	καὶ	G2532	kai	and	and
24:30	36	πολλῆς	G4183	pollēs	great	great
24:30	37	δόξης	G1391	doxēs	glory	glory
24:31	1	καὶ	G2532	kai	And	And
24:31	2	ἀποστελεῖ	G649	apostelei	He will send out	He will send out
24:31	3	αὐτοῦ	G846	autou	His	His
24:31	4	τοὺς	G3588	tous	-	-
24:31	5	ἀγγέλους	G32	angelous	angels	angels
24:31	6	μετὰ	G3326	meta	with	with
24:31	7	μεγάλης	G3173	megalēs	a loud	a loud
24:31	8	σάλπιγγος	G4536	salpingos	trumpet call	trumpet call
24:31	9	καὶ	G2532	kai	and	and
24:31	10	ἐπισυνάξουσιν	G1996	episynaxousin	they will gather	they will gather
24:31	11	αὐτοῦ	G846	autou	His	His
24:31	12	τοὺς	G3588	tous	-	-
24:31	13	ἐκλεκτοὺς	G1588	eklektous	elect	elect
24:31	14	ἐκ	G1537	ek	from	from
24:31	15	τῶν	G3588	tōn	the	the
24:31	16	τεσσάρων	G5064	tessarōn	four	four
24:31	17	ἀνέμων	G417	anemōn	winds	winds
24:31	18	ἀπ’	G575	ap’	from	from
24:31	19	ἄκρων	G206	akrōn	one end	one end
24:31	20	οὐρανῶν	G3772	ouranōn	of the heavens	of the heavens
24:31	21	ἕως	G2193	heōs	to	to
24:31	22	αὐτῶν	G846	autōn	-	-
24:31	23	τῶν	G3588	tōn	the	the
24:31	24	ἄκρων	G206	akrōn	[other]	[other]
24:32	1	δὲ	G1161	de	Now	Now
24:32	2	μάθετε	G3129	mathete	learn	learn
24:32	3	τὴν	G3588	tēn	this	this
24:32	4	παραβολήν	G3850	parabolēn	lesson	lesson
24:32	5	Ἀπὸ	G575	Apo	from	from
24:32	6	τῆς	G3588	tēs	the	the
24:32	7	συκῆς	G4808	sykēs	fig tree	fig tree
24:32	8	ὅταν	G3752	hotan	As soon as	As soon as
24:32	9	ἤδη	G2235	ēdē	. . .	. . .
24:32	10	αὐτῆς	G846	autēs	its	its
24:32	11	ὁ	G3588	ho	-	-
24:32	12	κλάδος	G2798	klados	branches	branches
24:32	13	γένηται	G1096	genētai	become	become
24:32	14	ἁπαλὸς	G527	hapalos	tender	tender
24:32	15	καὶ	G2532	kai	and	and
24:32	16	ἐκφύῃ	G1631	ekphyē	sprout	sprout
24:32	17	τὰ	G3588	ta	-	-
24:32	18	φύλλα	G5444	phylla	leaves	leaves
24:32	19	γινώσκετε	G1097	ginōskete	you know	you know
24:32	20	ὅτι	G3754	hoti	that	that
24:32	21	τὸ	G3588	to	-	-
24:32	22	θέρος	G2330	theros	summer	summer
24:32	23	ἐγγὺς	G1451	engys	[is] near	[is] near
24:33	1	οὕτως	G3779	houtōs	So	So
24:33	2	καὶ	G2532	kai	also	also
24:33	3	ὅταν	G3752	hotan	when	when
24:33	4	ἴδητε	G3708	idēte	you see	you see
24:33	5	πάντα	G3956	panta	all	all
24:33	6	ταῦτα	G3778	tauta	these things	these things
24:33	7	ὑμεῖς	G4771	hymeis	you	you
24:33	8	γινώσκετε	G1097	ginōskete	will know	will know
24:33	9	ὅτι	G3754	hoti	that	that
24:33	10	ἐστιν	G1510	estin	He is	He is
24:33	11	ἐγγύς	G1451	engys	near	near
24:33	12	ἐπὶ	G1909	epi	right at	right at
24:33	13	θύραις	G2374	thyrais	[the] door	[the] door
24:34	1	ἀμὴν	G281	amēn	Truly	Truly
24:34	2	λέγω	G3004	legō	I tell	I tell
24:34	3	ὑμῖν	G4771	hymin	you	you
24:34	4	ὅτι	G3754	hoti	-	-
24:34	5	αὕτη	G3778	hautē	this	this
24:34	6	ἡ	G3588	hē	-	-
24:34	7	γενεὰ	G1074	genea	generation	generation
24:34	8	οὐ	G3756	ou	{will} not	{will} not
24:34	9	μὴ	G3361	mē	. . .	. . .
24:34	10	παρέλθῃ	G3928	parelthē	pass away	pass away
24:34	11	ἕως	G2193	heōs	until	until
24:34	12	ἂν	G302	an	. . .	. . .
24:34	13	πάντα	G3956	panta	all	all
24:34	14	ταῦτα	G3778	tauta	these things	these things
24:34	15	γένηται	G1096	genētai	have happened	have happened
24:35	1	ὁ	G3588	ho	-	-
24:35	2	οὐρανὸς	G3772	ouranos	Heaven	Heaven
24:35	3	καὶ	G2532	kai	and	and
24:35	4	ἡ	G3588	hē	-	-
24:35	5	γῆ	G1093	gē	earth	earth
24:35	6	παρελεύσεται	G3928	pareleusetai	will pass away	will pass away
24:35	7	δὲ	G1161	de	but	but
24:35	8	μου	G1473	mou	My	My
24:35	9	οἱ	G3588	hoi	-	-
24:35	10	λόγοι	G3056	logoi	words	words
24:35	11	οὐ	G3756	ou	{will} never	{will} never
24:35	12	μὴ	G3361	mē	. . .	. . .
24:35	13	παρέλθωσιν	G3928	parelthōsin	pass away	pass away
24:36	1	δὲ	G1161	de	-	-
24:36	2	οὐδεὶς	G3762	oudeis	No one	No one
24:36	3	οἶδεν	G1492	oiden	knows	knows
24:36	4	Περὶ	G4012	Peri	about	about
24:36	5	ἐκείνης	G1565	ekeinēs	that	that
24:36	6	τῆς	G3588	tēs	-	-
24:36	7	ἡμέρας	G2250	hēmeras	day	day
24:36	8	καὶ	G2532	kai	[or]	[or]
24:36	9	ὥρας	G5610	hōras	hour	hour
24:36	10	οὐδὲ	G3761	oude	not even	not even
24:36	11	οἱ	G3588	hoi	the	the
24:36	12	ἄγγελοι	G32	angeloi	angels	angels
24:36	13	τῶν	G3588	tōn	-	-
24:36	14	οὐρανῶν	G3772	ouranōn	in heaven	in heaven
24:36	15	οὐδὲ	G3761	oude	nor	nor
24:36	16	ὁ	G3588	ho	the	the
24:36	17	Υἱός	G5207	Huios	Son	Son
24:36	18	εἰ	G1487	ei	but	but
24:36	19	μὴ	G3361	mē	. . .	. . .
24:36	20	μόνος	G3441	monos	only	only
24:36	21	ὁ	G3588	ho	the	the
24:36	22	Πατὴρ	G3962	Patēr	Father	Father
24:37	1	γὰρ	G1063	gar	-	-
24:37	2	ὥσπερ	G5618	hōsper	As [it was]	As [it was]
24:37	3	αἱ	G3588	hai	in the	in the
24:37	4	ἡμέραι	G2250	hēmerai	days	days
24:37	5	τοῦ	G3588	tou	of	of
24:37	6	Νῶε	G3575	Nōe	Noah	Noah
24:37	7	οὕτως	G3779	houtōs	so	so
24:37	8	ἔσται	G1510	estai	will it be	will it be
24:37	9	ἡ	G3588	hē	at the	at the
24:37	10	παρουσία	G3952	parousia	coming	coming
24:37	11	τοῦ	G3588	tou	of the	of the
24:37	12	Υἱοῦ	G5207	Huiou	Son	Son
24:37	13	τοῦ	G3588	tou	-	-
24:37	14	ἀνθρώπου	G444	anthrōpou	of Man	of Man
24:38	1	γὰρ	G1063	gar	For	For
24:38	2	ὡς	G5613	hōs	-	-
24:38	3	ἐν	G1722	en	in	in
24:38	4	ἐκείναις	G1565	ekeinais	-	-
24:38	5	ταῖς	G3588	tais	the	the
24:38	6	ἡμέραις	G2250	hēmerais	days	days
24:38	7	πρὸ	G4253	pro	before	before
24:38	8	ταῖς	G3588	tais	-	-
24:38	9	τοῦ	G3588	tou	the	the
24:38	10	κατακλυσμοῦ	G2627	kataklysmou	flood	flood
24:38	11	ἦσαν	G1510	ēsan	[people] were	[people] were
24:38	12	τρώγοντες	G5176	trōgontes	eating	eating
24:38	13	καὶ	G2532	kai	and	and
24:38	14	πίνοντες	G4095	pinontes	drinking	drinking
24:38	15	γαμοῦντες	G1060	gamountes	marrying	marrying
24:38	16	καὶ	G2532	kai	and	and
24:38	17	γαμίζοντες	G1061	gamizontes	giving in marriage	giving in marriage
24:38	18	ἄχρι	G891	achri	up to	up to
24:38	19	ἧς	G3739	hēs	the	the
24:38	20	ἡμέρας	G2250	hēmeras	day	day
24:38	21	Νῶε	G3575	Nōe	Noah	Noah
24:38	22	εἰσῆλθεν	G1525	eisēlthen	entered	entered
24:38	23	εἰς	G1519	eis	. . .	. . .
24:38	24	τὴν	G3588	tēn	the	the
24:38	25	κιβωτόν	G2787	kibōton	ark	ark
24:39	1	καὶ	G2532	kai	And	And
24:39	2	οὐκ	G3756	ouk	vvv	vvv
24:39	3	ἔγνωσαν	G1097	egnōsan	they were oblivious	they were oblivious
24:39	4	ἕως	G2193	heōs	until	until
24:39	5	ὁ	G3588	ho	the	the
24:39	6	κατακλυσμὸς	G2627	kataklysmos	flood	flood
24:39	7	ἦλθεν	G2064	ēlthen	came	came
24:39	8	καὶ	G2532	kai	and	and
24:39	9	ἦρεν	G142	ēren	swept them all away	swept them all away
24:39	10	ἅπαντας	G537	hapantas	. . .	. . .
24:39	11	καὶ	G2532	kai	-	-
24:39	12	οὕτως	G3779	houtōs	So	So
24:39	13	ἔσται	G1510	estai	will it be	will it be
24:39	14	ἡ	G3588	hē	[at] the	[at] the
24:39	15	παρουσία	G3952	parousia	coming	coming
24:39	16	τοῦ	G3588	tou	of the	of the
24:39	17	Υἱοῦ	G5207	Huiou	Son	Son
24:39	18	τοῦ	G3588	tou	-	-
24:39	19	ἀνθρώπου	G444	anthrōpou	of Man	of Man
24:40	1	τότε	G5119	tote	-	-
24:40	2	δύο	G1417	dyo	Two [men]	Two [men]
24:40	3	ἔσονται	G1510	esontai	will be	will be
24:40	4	ἐν	G1722	en	in	in
24:40	5	τῷ	G3588	tō	the	the
24:40	6	ἀγρῷ	G68	agrō	field	field
24:40	7	εἷς	G1520	heis	one	one
24:40	8	παραλαμβάνεται	G3880	paralambanetai	will be taken	will be taken
24:40	9	καὶ	G2532	kai	and	and
24:40	10	εἷς	G1520	heis	[the other]	[the other]
24:40	11	ἀφίεται	G863	aphietai	left	left
24:41	1	δύο	G1417	dyo	Two [women]	Two [women]
24:41	2	ἀλήθουσαι	G229	alēthousai	will be grinding	will be grinding
24:41	3	ἐν	G1722	en	at	at
24:41	4	τῷ	G3588	tō	the	the
24:41	5	μύλῳ	G3458	mylō	mill	mill
24:41	6	μία	G1520	mia	one	one
24:41	7	παραλαμβάνεται	G3880	paralambanetai	will be taken	will be taken
24:41	8	καὶ	G2532	kai	and	and
24:41	9	μία	G1520	mia	[the other]	[the other]
24:41	10	ἀφίεται	G863	aphietai	left	left
24:42	1	οὖν	G3767	oun	Therefore	Therefore
24:42	2	Γρηγορεῖτε	G1127	Grēgoreite	keep watch	keep watch
24:42	3	ὅτι	G3754	hoti	because	because
24:42	4	οὐκ	G3756	ouk	vvv	vvv
24:42	5	οἴδατε	G1492	oidate	you do not know	you do not know
24:42	6	ἡμέρᾳ	G2250	hēmera	[the] day	[the] day
24:42	7	ποίᾳ	G4169	poia	on which	on which
24:42	8	ὑμῶν	G4771	hymōn	your	your
24:42	9	ὁ	G3588	ho	-	-
24:42	10	κύριος	G2962	kyrios	Lord	Lord
24:42	11	ἔρχεται	G2064	erchetai	will come	will come
24:43	1	δὲ	G1161	de	But	But
24:43	2	γινώσκετε	G1097	ginōskete	understand	understand
24:43	3	ἐκεῖνο	G1565	ekeino	this	this
24:43	4	ὅτι	G3754	hoti	-	-
24:43	5	εἰ	G1487	ei	If	If
24:43	6	ὁ	G3588	ho	the	the
24:43	7	οἰκοδεσπότης	G3617	oikodespotēs	homeowner	homeowner
24:43	8	ᾔδει	G1492	ēdei	had known	had known
24:43	9	ποίᾳ	G4169	poia	in which	in which
24:43	10	φυλακῇ	G5438	phylakē	watch of the night	watch of the night
24:43	11	ὁ	G3588	ho	the	the
24:43	12	κλέπτης	G2812	kleptēs	thief	thief
24:43	13	ἔρχεται	G2064	erchetai	was coming	was coming
24:43	14	ἂν	G302	an	vvv	vvv
24:43	15	ἐγρηγόρησεν	G1127	egrēgorēsen	he would have kept watch	he would have kept watch
24:43	16	καὶ	G2532	kai	and	and
24:43	17	ἂν	G302	an	vvv	vvv
24:43	18	οὐκ	G3756	ouk	{would} not	{would} not
24:43	19	εἴασεν	G1439	eiasen	have let	have let
24:43	20	αὐτοῦ	G846	autou	his	his
24:43	21	τὴν	G3588	tēn	-	-
24:43	22	οἰκίαν	G3614	oikian	house	house
24:43	23	διορυχθῆναι	G1358	diorychthēnai	be broken into	be broken into
24:44	1	διὰ	G1223	dia	For this reason	For this reason
24:44	2	τοῦτο	G3778	touto	. . .	. . .
24:44	3	ὑμεῖς	G4771	hymeis	you	you
24:44	4	καὶ	G2532	kai	also	also
24:44	5	γίνεσθε	G1096	ginesthe	must be	must be
24:44	6	ἕτοιμοι	G2092	hetoimoi	ready	ready
24:44	7	ὅτι	G3754	hoti	because	because
24:44	8	ὁ	G3588	ho	the	the
24:44	9	Υἱὸς	G5207	Huios	Son	Son
24:44	10	τοῦ	G3588	tou	-	-
24:44	11	ἀνθρώπου	G444	anthrōpou	of Man	of Man
24:44	12	ἔρχεται	G2064	erchetai	will come	will come
24:44	13	ᾗ	G3739	hē	at an	at an
24:44	14	ὥρᾳ	G5610	hōra	hour	hour
24:44	15	οὐ	G3756	ou	vvv	vvv
24:44	16	δοκεῖτε	G1380	dokeite	you do not expect	you do not expect
24:45	1	Τίς	G5101	Tis	Who	Who
24:45	2	ἄρα	G686	ara	then	then
24:45	3	ἐστὶν	G1510	estin	is	is
24:45	4	ὁ	G3588	ho	the	the
24:45	5	πιστὸς	G4103	pistos	faithful	faithful
24:45	6	καὶ	G2532	kai	and	and
24:45	7	φρόνιμος	G5429	phronimos	wise	wise
24:45	8	δοῦλος	G1401	doulos	servant	servant
24:45	9	ὃν	G3739	hon	whom	whom
24:45	10	ὁ	G3588	ho	the	the
24:45	11	κύριος	G2962	kyrios	master	master
24:45	12	κατέστησεν	G2525	katestēsen	has put in charge	has put in charge
24:45	13	ἐπὶ	G1909	epi	of	of
24:45	14	αὐτοῦ	G846	autou	his	his
24:45	15	τῆς	G3588	tēs	-	-
24:45	16	οἰκετείας	G3610	oiketeias	household	household
24:45	17	τοῦ	G3588	tou	-	-
24:45	18	δοῦναι	G1325	dounai	to give	to give
24:45	19	αὐτοῖς	G846	autois	[the others]	[the others]
24:45	20	τὴν	G3588	tēn	[their]	[their]
24:45	21	τροφὴν	G5160	trophēn	food	food
24:45	22	ἐν	G1722	en	at	at
24:45	23	καιρῷ	G2540	kairō	the proper time	the proper time
24:46	1	μακάριος	G3107	makarios	Blessed [is]	Blessed [is]
24:46	2	ἐκεῖνος	G1565	ekeinos	that	that
24:46	3	ὁ	G3588	ho	-	-
24:46	4	δοῦλος	G1401	doulos	servant	servant
24:46	5	ὃν	G3739	hon	whose	whose
24:46	6	αὐτοῦ	G846	autou	. . .	. . .
24:46	7	ὁ	G3588	ho	-	-
24:46	8	κύριος	G2962	kyrios	master	master
24:46	9	εὑρήσει	G2147	heurēsei	finds	finds
24:46	10	ποιοῦντα	G4160	poiounta	him doing	him doing
24:46	11	οὕτως	G3779	houtōs	so	so
24:46	12	ἐλθὼν	G2064	elthōn	when he returns	when he returns
24:47	1	ἀμὴν	G281	amēn	Truly	Truly
24:47	2	λέγω	G3004	legō	I tell	I tell
24:47	3	ὑμῖν	G4771	hymin	you	you
24:47	4	ὅτι	G3754	hoti	-	-
24:47	5	καταστήσει	G2525	katastēsei	he will put him in charge	he will put him in charge
24:47	6	αὐτόν	G846	auton	. . .	. . .
24:47	7	ἐπὶ	G1909	epi	of	of
24:47	8	πᾶσιν	G3956	pasin	all	all
24:47	9	αὐτοῦ	G846	autou	his	his
24:47	10	τοῖς	G3588	tois	-	-
24:47	11	ὑπάρχουσιν	G5225	hyparchousin	possessions	possessions
24:48	1	δὲ	G1161	de	But	But
24:48	2	Ἐὰν	G1437	Ean	suppose	suppose
24:48	3	ἐκεῖνος	G1565	ekeinos	that	that
24:48	4	ὁ	G3588	ho	-	-
24:48	5	δοῦλος	G1401	doulos	servant	servant
24:48	6	κακὸς	G2556	kakos	[is] wicked	[is] wicked
24:48	7	εἴπῃ	G2036	eipē	[and] says	[and] says
24:48	8	ἐν	G1722	en	in	in
24:48	9	αὐτοῦ	G846	autou	his	his
24:48	10	τῇ	G3588	tē	-	-
24:48	11	καρδίᾳ	G2588	kardia	heart	heart
24:48	12	μου	G1473	mou	My	My
24:48	13	ὁ	G3588	ho	-	-
24:48	14	κύριος	G2962	kyrios	master	master
24:48	15	Χρονίζει	G5549	Chronizei	will be away a long time	will be away a long time
24:49	1	καὶ	G2532	kai	And	And
24:49	2	ἄρξηται	G756	arxētai	he begins	he begins
24:49	3	τύπτειν	G5180	typtein	to beat	to beat
24:49	4	αὐτοῦ	G846	autou	his	his
24:49	5	τοὺς	G3588	tous	-	-
24:49	6	συνδούλους	G4889	syndoulous	fellow servants	fellow servants
24:49	7	δὲ	G1161	de	and	and
24:49	8	ἐσθίῃ	G2068	esthiē	to eat	to eat
24:49	9	καὶ	G2532	kai	and	and
24:49	10	πίνῃ	G4095	pinē	drink	drink
24:49	11	μετὰ	G3326	meta	with	with
24:49	12	τῶν	G3588	tōn	-	-
24:49	13	μεθυόντων	G3184	methyontōn	drunkards	drunkards
24:50	1	ὁ	G3588	ho	The	The
24:50	2	κύριος	G2962	kyrios	master	master
24:50	3	ἐκείνου	G1565	ekeinou	of that	of that
24:50	4	τοῦ	G3588	tou	-	-
24:50	5	δούλου	G1401	doulou	servant	servant
24:50	6	ἥξει	G2240	hēxei	will come	will come
24:50	7	ἐν	G1722	en	on	on
24:50	8	ἡμέρᾳ	G2250	hēmera	a day	a day
24:50	9	ᾗ	G3739	hē	vvv	vvv
24:50	10	οὐ	G3756	ou	vvv	vvv
24:50	11	προσδοκᾷ	G4328	prosdoka	he does not expect	he does not expect
24:50	12	καὶ	G2532	kai	and	and
24:50	13	ἐν	G1722	en	at	at
24:50	14	ὥρᾳ	G5610	hōra	an hour	an hour
24:50	15	ᾗ	G3739	hē	vvv	vvv
24:50	16	οὐ	G3756	ou	vvv	vvv
24:50	17	γινώσκει	G1097	ginōskei	he does not anticipate	he does not anticipate
24:51	1	καὶ	G2532	kai	Then	Then
24:51	2	διχοτομήσει	G1371	dichotomēsei	he will cut him to pieces	he will cut him to pieces
24:51	3	αὐτὸν	G846	auton	. . .	. . .
24:51	4	καὶ	G2532	kai	and	and
24:51	5	θήσει	G5087	thēsei	assign	assign
24:51	6	αὐτοῦ	G846	autou	him	him
24:51	7	τὸ	G3588	to	-	-
24:51	8	μέρος	G3313	meros	a place	a place
24:51	9	μετὰ	G3326	meta	with	with
24:51	10	τῶν	G3588	tōn	the	the
24:51	11	ὑποκριτῶν	G5273	hypokritōn	hypocrites	hypocrites
24:51	12	ἐκεῖ	G1563	ekei	[where] there	[where] there
24:51	13	ἔσται	G1510	estai	will be	will be
24:51	14	ὁ	G3588	ho	-	-
24:51	15	κλαυθμὸς	G2805	klauthmos	weeping	weeping
24:51	16	καὶ	G2532	kai	and	and
24:51	17	ὁ	G3588	ho	-	-
24:51	18	βρυγμὸς	G1030	brygmos	gnashing	gnashing
24:51	19	τῶν	G3588	tōn	of	of
24:51	20	ὀδόντων	G3599	odontōn	teeth	teeth
25:1	1	Τότε	G5119	Tote	At that time	At that time
25:1	2	ἡ	G3588	hē	the	the
25:1	3	βασιλεία	G932	basileia	kingdom	kingdom
25:1	4	τῶν	G3588	tōn	of	of
25:1	5	οὐρανῶν	G3772	ouranōn	heaven	heaven
25:1	6	ὁμοιωθήσεται	G3666	homoiōthēsetai	will be like	will be like
25:1	7	δέκα	G1176	deka	ten	ten
25:1	8	παρθένοις	G3933	parthenois	virgins	virgins
25:1	9	αἵτινες	G3748	haitines	who	who
25:1	10	λαβοῦσαι	G2983	labousai	took	took
25:1	11	ἑαυτῶν	G1438	heautōn	their	their
25:1	12	τὰς	G3588	tas	-	-
25:1	13	λαμπάδας	G2985	lampadas	lamps	lamps
25:1	14	ἐξῆλθον	G1831	exēlthon	[and] went out	[and] went out
25:1	15	εἰς	G1519	eis	to	to
25:1	16	ὑπάντησιν	G5222	hypantēsin	meet	meet
25:1	17	τοῦ	G3588	tou	the	the
25:1	18	νυμφίου	G3566	nymphiou	bridegroom	bridegroom
25:2	1	δὲ	G1161	de	-	-
25:2	2	πέντε	G4002	pente	Five	Five
25:2	3	ἐξ	G1537	ex	of	of
25:2	4	αὐτῶν	G846	autōn	them	them
25:2	5	ἦσαν	G1510	ēsan	were	were
25:2	6	μωραὶ	G3474	mōrai	foolish	foolish
25:2	7	καὶ	G2532	kai	and	and
25:2	8	πέντε	G4002	pente	five [were]	five [were]
25:2	9	φρόνιμοι	G5429	phronimoi	wise	wise
25:3	1	γὰρ	G1063	gar	-	-
25:3	2	αἱ	G3588	hai	The	The
25:3	3	μωραὶ	G3474	mōrai	foolish [ones]	foolish [ones]
25:3	4	λαβοῦσαι	G2983	labousai	took	took
25:3	5	αὐτῶν	G846	autōn	their	their
25:3	6	τὰς	G3588	tas	-	-
25:3	7	λαμπάδας	G2985	lampadas	lamps	lamps
25:3	8	ἔλαβον	G2983	elabon	[but did not] take along	[but did not] take along
25:3	9	μεθ’	G3326	meth’	. . .	. . .
25:3	10	ἑαυτῶν	G1438	heautōn	. . .	. . .
25:3	11	οὐκ	G3756	ouk	[any extra]	[any extra]
25:3	12	ἔλαιον	G1637	elaion	oil	oil
25:4	1	δὲ	G1161	de	But	But
25:4	2	αἱ	G3588	hai	the	the
25:4	3	φρόνιμοι	G5429	phronimoi	wise [ones]	wise [ones]
25:4	4	ἔλαβον	G2983	elabon	took	took
25:4	5	ἔλαιον	G1637	elaion	oil	oil
25:4	6	ἐν	G1722	en	in	in
25:4	7	τοῖς	G3588	tois	-	-
25:4	8	ἀγγείοις	G30	angeiois	flasks	flasks
25:4	9	μετὰ	G3326	meta	along with	along with
25:4	10	ἑαυτῶν	G1438	heautōn	their	their
25:4	11	τῶν	G3588	tōn	-	-
25:4	12	λαμπάδων	G2985	lampadōn	lamps	lamps
25:5	1	δὲ	G1161	de	[When]	[When]
25:5	2	τοῦ	G3588	tou	the	the
25:5	3	νυμφίου	G3566	nymphiou	bridegroom	bridegroom
25:5	4	χρονίζοντος	G5549	chronizontos	was delayed	was delayed
25:5	5	πᾶσαι	G3956	pasai	vvv	vvv
25:5	6	ἐνύσταξαν	G3573	enystaxan	they all became drowsy	they all became drowsy
25:5	7	καὶ	G2532	kai	and	and
25:5	8	ἐκάθευδον	G2518	ekatheudon	fell asleep	fell asleep
25:6	1	δὲ	G1161	de	-	-
25:6	2	Μέσης	G3319	Mesēs	At midnight	At midnight
25:6	3	νυκτὸς	G3571	nyktos	. . .	. . .
25:6	4	κραυγὴ	G2906	kraugē	the cry	the cry
25:6	5	γέγονεν	G1096	gegonen	rang out	rang out
25:6	6	Ἰδοὺ	G2400	Idou	Here is	Here is
25:6	7	ὁ	G3588	ho	the	the
25:6	8	νυμφίος	G3566	nymphios	bridegroom	bridegroom
25:6	9	ἐξέρχεσθε	G1831	exerchesthe	Come out	Come out
25:6	10	εἰς	G1519	eis	to	to
25:6	11	ἀπάντησιν	G529	apantēsin	meet	meet
25:6	12	αὐτοῦ	G846	autou	him	him
25:7	1	Τότε	G5119	Tote	Then	Then
25:7	2	πᾶσαι	G3956	pasai	all	all
25:7	3	ἐκεῖναι	G1565	ekeinai	-	-
25:7	4	αἱ	G3588	hai	the	the
25:7	5	παρθένοι	G3933	parthenoi	virgins	virgins
25:7	6	ἠγέρθησαν	G1453	ēgerthēsan	woke up	woke up
25:7	7	καὶ	G2532	kai	and	and
25:7	8	ἐκόσμησαν	G2885	ekosmēsan	trimmed	trimmed
25:7	9	ἑαυτῶν	G1438	heautōn	their	their
25:7	10	τὰς	G3588	tas	-	-
25:7	11	λαμπάδας	G2985	lampadas	lamps	lamps
25:8	1	δὲ	G1161	de	-	-
25:8	2	αἱ	G3588	hai	The	The
25:8	3	μωραὶ	G3474	mōrai	foolish ones	foolish ones
25:8	4	εἶπαν	G2036	eipan	said	said
25:8	5	ταῖς	G3588	tais	to the	to the
25:8	6	φρονίμοις	G5429	phronimois	wise	wise
25:8	7	Δότε	G1325	Dote	Give	Give
25:8	8	ἡμῖν	G1473	hēmin	us	us
25:8	9	ἐκ	G1537	ek	some of	some of
25:8	10	ὑμῶν	G4771	hymōn	your	your
25:8	11	τοῦ	G3588	tou	-	-
25:8	12	ἐλαίου	G1637	elaiou	oil	oil
25:8	13	ὅτι	G3754	hoti	-	-
25:8	14	ἡμῶν	G1473	hēmōn	our	our
25:8	15	αἱ	G3588	hai	-	-
25:8	16	λαμπάδες	G2985	lampades	lamps	lamps
25:8	17	σβέννυνται	G4570	sbennyntai	are going out	are going out
25:9	1	οὐ	G3756	ou	No	No
25:9	2	δὲ	G1161	de	-	-
25:9	3	Ἀπεκρίθησαν	G611	Apekrithēsan	said	said
25:9	4	αἱ	G3588	hai	the	the
25:9	5	φρόνιμοι	G5429	phronimoi	wise [ones]	wise [ones]
25:9	6	λέγουσαι	G3004	legousai	. . .	. . .
25:9	7	Μή¦Ποτε	G3379	Mē¦Pote	or	or
25:9	8	μὴ	G3361	mē	vvv	vvv
25:9	9	ἀρκέσῃ	G714	arkesē	there may not be enough	there may not be enough
25:9	10	ἡμῖν	G1473	hēmin	for [both] us	for [both] us
25:9	11	καὶ	G2532	kai	and	and
25:9	12	ὑμῖν	G4771	hymin	you	you
25:9	13	μᾶλλον	G3123	mallon	Instead	Instead
25:9	14	πορεύεσθε	G4198	poreuesthe	go	go
25:9	15	πρὸς	G4314	pros	to	to
25:9	16	τοὺς	G3588	tous	those who	those who
25:9	17	πωλοῦντας	G4453	pōlountas	sell [oil]	sell [oil]
25:9	18	καὶ	G2532	kai	and	and
25:9	19	ἀγοράσατε	G59	agorasate	buy [some]	buy [some]
25:9	20	ἑαυταῖς	G1438	heautais	for yourselves	for yourselves
25:10	1	δὲ	G1161	de	But	But
25:10	2	αὐτῶν	G846	autōn	[while] they	[while] they
25:10	3	Ἀπερχομένων	G565	Aperchomenōn	were on their way	were on their way
25:10	4	ἀγοράσαι	G59	agorasai	to buy [it]	to buy [it]
25:10	5	ὁ	G3588	ho	the	the
25:10	6	νυμφίος	G3566	nymphios	bridegroom	bridegroom
25:10	7	ἦλθεν	G2064	ēlthen	arrived	arrived
25:10	8	καὶ	G2532	kai	-	-
25:10	9	αἱ	G3588	hai	Those who	Those who
25:10	10	ἕτοιμοι	G2092	hetoimoi	were ready	were ready
25:10	11	εἰσῆλθον	G1525	eisēlthon	went in	went in
25:10	12	μετ’	G3326	met’	with	with
25:10	13	αὐτοῦ	G846	autou	him	him
25:10	14	εἰς	G1519	eis	to	to
25:10	15	τοὺς	G3588	tous	the	the
25:10	16	γάμους	G1062	gamous	wedding banquet	wedding banquet
25:10	17	καὶ	G2532	kai	and	and
25:10	18	ἡ	G3588	hē	the	the
25:10	19	θύρα	G2374	thyra	door	door
25:10	20	ἐκλείσθη	G2808	ekleisthē	was shut	was shut
25:11	1	Ὕστερον	G5305	Hysteron	Later	Later
25:11	2	δὲ	G1161	de	vvv	vvv
25:11	3	αἱ	G3588	hai	the	the
25:11	4	λοιπαὶ	G3062	loipai	other	other
25:11	5	παρθένοι	G3933	parthenoi	virgins	virgins
25:11	6	ἔρχονται	G2064	erchontai	arrived	arrived
25:11	7	καὶ	G2532	kai	and	and
25:11	8	λέγουσαι	G3004	legousai	said	said
25:11	9	Κύριε	G2962	Kyrie	Lord	Lord
25:11	10	κύριε	G2962	kyrie	lord	lord
25:11	11	ἄνοιξον	G455	anoixon	open [the door]	open [the door]
25:11	12	ἡμῖν	G1473	hēmin	for us	for us
25:12	1	δὲ	G1161	de	But	But
25:12	2	Ὁ	G3588	Ho	-	-
25:12	3	ἀποκριθεὶς	G611	apokritheis	he replied	he replied
25:12	4	εἶπεν	G2036	eipen	. . .	. . .
25:12	5	Ἀμὴν	G281	Amēn	Truly	Truly
25:12	6	λέγω	G3004	legō	I tell	I tell
25:12	7	ὑμῖν	G4771	hymin	you	you
25:12	8	οὐκ	G3756	ouk	vvv	vvv
25:12	9	οἶδα	G1492	oida	I do not know	I do not know
25:12	10	ὑμᾶς	G4771	hymas	you	you
25:13	1	οὖν	G3767	oun	Therefore	Therefore
25:13	2	Γρηγορεῖτε	G1127	Grēgoreite	keep watch	keep watch
25:13	3	ὅτι	G3754	hoti	because	because
25:13	4	οὐκ	G3756	ouk	vvv	vvv
25:13	5	οἴδατε	G1492	oidate	you do not know	you do not know
25:13	6	τὴν	G3588	tēn	the	the
25:13	7	ἡμέραν	G2250	hēmeran	day	day
25:13	8	οὐδὲ	G3761	oude	[or]	[or]
25:13	9	τὴν	G3588	tēn	the	the
25:13	10	ὥραν	G5610	hōran	hour	hour
25:14	1	γὰρ	G1063	gar	For	For
25:14	2	Ὥσπερ	G5618	Hōsper	[it] is just like	[it] is just like
25:14	3	ἄνθρωπος	G444	anthrōpos	a man	a man
25:14	4	ἀποδημῶν	G589	apodēmōn	going on a journey	going on a journey
25:14	5	ἐκάλεσεν	G2564	ekalesen	who called	who called
25:14	6	ἰδίους	G2398	idious	his	his
25:14	7	τοὺς	G3588	tous	-	-
25:14	8	δούλους	G1401	doulous	servants	servants
25:14	9	καὶ	G2532	kai	and	and
25:14	10	παρέδωκεν	G3860	paredōken	entrusted	entrusted
25:14	11	αὐτοῖς	G846	autois	them	them
25:14	12	αὐτοῦ	G846	autou	with his	with his
25:14	13	τὰ	G3588	ta	-	-
25:14	14	ὑπάρχοντα	G5225	hyparchonta	possessions	possessions
25:15	1	καὶ	G2532	kai	-	-
25:15	2	μὲν	G3303	men	-	-
25:15	3	ᾧ	G3739	hō	To one	To one
25:15	4	ἔδωκεν	G1325	edōken	he gave	he gave
25:15	5	πέντε	G4002	pente	five	five
25:15	6	τάλαντα	G5007	talanta	talents	talents
25:15	7	δὲ	G1161	de	-	-
25:15	8	ᾧ	G3739	hō	to [another]	to [another]
25:15	9	δύο	G1417	dyo	two [talents]	two [talents]
25:15	10	δὲ	G1161	de	and	and
25:15	11	ᾧ	G3739	hō	to [another]	to [another]
25:15	12	ἕν	G1520	hen	one [talent]	one [talent]
25:15	13	ἑκάστῳ	G1538	hekastō	each	each
25:15	14	κατὰ	G2596	kata	according to	according to
25:15	15	ἰδίαν	G2398	idian	his own	his own
25:15	16	τὴν	G3588	tēn	-	-
25:15	17	δύναμιν	G1411	dynamin	ability	ability
25:15	18	καὶ	G2532	kai	And	And
25:15	19	ἀπεδήμησεν	G589	apedēmēsen	he went on his journey	he went on his journey
25:16	1	ὁ	G3588	ho	The [servant]	The [servant]
25:16	2	λαβὼν	G2983	labōn	who had received	who had received
25:16	3	τὰ	G3588	ta	the	the
25:16	4	πέντε	G4002	pente	five	five
25:16	5	τάλαντα	G5007	talanta	talents	talents
25:16	6	Πορευθεὶς	G4198	Poreutheis	went	went
25:16	7	Εὐθέως	G2112	Eutheōs	at once	at once
25:16	8	ἠργάσατο	G2038	ērgasato	[and] put them to work	[and] put them to work
25:16	9	ἐν	G1722	en	. . .	. . .
25:16	10	αὐτοῖς	G846	autois	. . .	. . .
25:16	11	καὶ	G2532	kai	and	and
25:16	12	ἐκέρδησεν	G2770	ekerdēsen	gained	gained
25:16	13	πέντε	G4002	pente	five	five
25:16	14	ἄλλα	G243	alla	more	more
25:17	1	ὡσαύτως	G5615	hōsautōs	Likewise	Likewise
25:17	2	ὁ	G3588	ho	the [one with]	the [one with]
25:17	3	τὰ	G3588	ta	the	the
25:17	4	δύο	G1417	dyo	two [talents]	two [talents]
25:17	5	ἐκέρδησεν	G2770	ekerdēsen	gained	gained
25:17	6	δύο	G1417	dyo	two	two
25:17	7	ἄλλα	G243	alla	more	more
25:18	1	δὲ	G1161	de	But	But
25:18	2	ὁ	G3588	ho	the [servant]	the [servant]
25:18	3	λαβὼν	G2983	labōn	who had received	who had received
25:18	4	τὸ	G3588	to	the	the
25:18	5	ἓν	G1520	hen	one [talent]	one [talent]
25:18	6	ἀπελθὼν	G565	apelthōn	went off	went off
25:18	7	ὤρυξεν	G3736	ōryxen	dug a hole	dug a hole
25:18	8	γῆν	G1093	gēn	in the ground	in the ground
25:18	9	καὶ	G2532	kai	and	and
25:18	10	ἔκρυψεν	G2928	ekrypsen	hid	hid
25:18	11	αὐτοῦ	G846	autou	his	his
25:18	12	τοῦ	G3588	tou	-	-
25:18	13	κυρίου	G2962	kyriou	master’s	master’s
25:18	14	τὸ	G3588	to	-	-
25:18	15	ἀργύριον	G694	argyrion	money	money
25:19	1	δὲ	G1161	de	vvv	vvv
25:19	2	Μετὰ	G3326	Meta	After	After
25:19	3	πολὺν	G4183	polyn	a long	a long
25:19	4	χρόνον	G5550	chronon	time	time
25:19	5	ὁ	G3588	ho	the	the
25:19	6	κύριος	G2962	kyrios	master	master
25:19	7	ἐκείνων	G1565	ekeinōn	of those	of those
25:19	8	τῶν	G3588	tōn	-	-
25:19	9	δούλων	G1401	doulōn	servants	servants
25:19	10	ἔρχεται	G2064	erchetai	returned	returned
25:19	11	καὶ	G2532	kai	and	and
25:19	12	συναίρει	G4868	synairei	settled	settled
25:19	13	λόγον	G3056	logon	accounts	accounts
25:19	14	μετ’	G3326	met’	with	with
25:19	15	αὐτῶν	G846	autōn	them	them
25:20	1	καὶ	G2532	kai	-	-
25:20	2	ὁ	G3588	ho	The [servant]	The [servant]
25:20	3	λαβὼν	G2983	labōn	who had received	who had received
25:20	4	τὰ	G3588	ta	the	the
25:20	5	πέντε	G4002	pente	five	five
25:20	6	τάλαντα	G5007	talanta	talents	talents
25:20	7	προσελθὼν	G4334	proselthōn	came	came
25:20	8	προσήνεγκεν	G4374	prosēnenken	[and] presented	[and] presented
25:20	9	πέντε	G4002	pente	five	five
25:20	10	ἄλλα	G243	alla	more	more
25:20	11	τάλαντα	G5007	talanta	-	-
25:20	12	Κύριε	G2962	Kyrie	Master	Master
25:20	13	λέγων	G3004	legōn	he said	he said
25:20	14	παρέδωκας	G3860	paredōkas	you entrusted	you entrusted
25:20	15	μοι	G1473	moi	me	me
25:20	16	πέντε	G4002	pente	{with} five	{with} five
25:20	17	τάλαντά	G5007	talanta	talents	talents
25:20	18	ἴδε	G2400	ide	See	See
25:20	19	ἐκέρδησα	G2770	ekerdēsa	I have gained	I have gained
25:20	20	πέντε	G4002	pente	five	five
25:20	21	τάλαντα	G5007	talanta	-	-
25:20	22	ἄλλα	G243	alla	more	more
25:21	1	αὐτοῦ	G846	autou	His	His
25:21	2	ὁ	G3588	ho	-	-
25:21	3	κύριος	G2962	kyrios	master	master
25:21	4	Ἔφη	G5346	Ephē	replied	replied
25:21	5	αὐτῷ	G846	autō	-	-
25:21	6	Εὖ	G2095	Eu	Well done	Well done
25:21	7	ἀγαθὲ	G18	agathe	good	good
25:21	8	καὶ	G2532	kai	and	and
25:21	9	πιστέ	G4103	piste	faithful	faithful
25:21	10	δοῦλε	G1401	doule	servant	servant
25:21	11	ἦς	G1510	ēs	You have been	You have been
25:21	12	πιστός	G4103	pistos	faithful	faithful
25:21	13	ἐπὶ	G1909	epi	with	with
25:21	14	ὀλίγα	G3641	oliga	a few things	a few things
25:21	15	καταστήσω	G2525	katastēsō	I will put	I will put
25:21	16	σε	G4771	se	you {in charge}	you {in charge}
25:21	17	ἐπὶ	G1909	epi	of	of
25:21	18	πολλῶν	G4183	pollōn	many things	many things
25:21	19	εἴσελθε	G1525	eiselthe	Enter	Enter
25:21	20	εἰς	G1519	eis	into	into
25:21	21	τὴν	G3588	tēn	the	the
25:21	22	χαρὰν	G5479	charan	joy	joy
25:21	23	τοῦ	G3588	tou	of	of
25:21	24	σου	G4771	sou	your	your
25:21	25	κυρίου	G2962	kyriou	master	master
25:22	1	δὲ	G1161	de	-	-
25:22	2	ὁ	G3588	ho	The [servant]	The [servant]
25:22	3	τὰ	G3588	ta	[who had received] the	[who had received] the
25:22	4	δύο	G1417	dyo	two	two
25:22	5	τάλαντα	G5007	talanta	talents	talents
25:22	6	καὶ	G2532	kai	also	also
25:22	7	Προσελθὼν	G4334	Proselthōn	came	came
25:22	8	εἶπεν	G2036	eipen	[and] said	[and] said
25:22	9	Κύριε	G2962	Kyrie	Master	Master
25:22	10	παρέδωκας	G3860	paredōkas	you entrusted	you entrusted
25:22	11	μοι	G1473	moi	me	me
25:22	12	δύο	G1417	dyo	{with} two	{with} two
25:22	13	τάλαντά	G5007	talanta	talents	talents
25:22	14	ἴδε	G2400	ide	See	See
25:22	15	ἐκέρδησα	G2770	ekerdēsa	I have gained	I have gained
25:22	16	δύο	G1417	dyo	two	two
25:22	17	τάλαντα	G5007	talanta	-	-
25:22	18	ἄλλα	G243	alla	more	more
25:23	1	αὐτοῦ	G846	autou	His	His
25:23	2	ὁ	G3588	ho	-	-
25:23	3	κύριος	G2962	kyrios	master	master
25:23	4	Ἔφη	G5346	Ephē	replied	replied
25:23	5	αὐτῷ	G846	autō	-	-
25:23	6	Εὖ	G2095	Eu	Well done	Well done
25:23	7	ἀγαθὲ	G18	agathe	good	good
25:23	8	καὶ	G2532	kai	and	and
25:23	9	πιστέ	G4103	piste	faithful	faithful
25:23	10	δοῦλε	G1401	doule	servant	servant
25:23	11	ἦς	G1510	ēs	You have been	You have been
25:23	12	πιστός	G4103	pistos	faithful	faithful
25:23	13	ἐπὶ	G1909	epi	with	with
25:23	14	ὀλίγα	G3641	oliga	a few things	a few things
25:23	15	καταστήσω	G2525	katastēsō	I will put	I will put
25:23	16	σε	G4771	se	you {in charge}	you {in charge}
25:23	17	ἐπὶ	G1909	epi	of	of
25:23	18	πολλῶν	G4183	pollōn	many things	many things
25:23	19	εἴσελθε	G1525	eiselthe	Enter	Enter
25:23	20	εἰς	G1519	eis	into	into
25:23	21	τὴν	G3588	tēn	the	the
25:23	22	χαρὰν	G5479	charan	joy	joy
25:23	23	τοῦ	G3588	tou	of	of
25:23	24	σου	G4771	sou	your	your
25:23	25	κυρίου	G2962	kyriou	master	master
25:24	1	δὲ	G1161	de	Finally	Finally
25:24	2	ὁ	G3588	ho	the [servant]	the [servant]
25:24	3	εἰληφὼς	G2983	eilēphōs	who had received	who had received
25:24	4	τὸ	G3588	to	the	the
25:24	5	ἓν	G1520	hen	one	one
25:24	6	τάλαντον	G5007	talanton	talent	talent
25:24	7	Προσελθὼν	G4334	Proselthōn	came	came
25:24	8	καὶ	G2532	kai	and	and
25:24	9	εἶπεν	G2036	eipen	said	said
25:24	10	Κύριε	G2962	Kyrie	Master	Master
25:24	11	ἔγνων	G1097	egnōn	I knew	I knew
25:24	12	σε	G4771	se	-	-
25:24	13	ὅτι	G3754	hoti	that	that
25:24	14	εἶ	G1510	ei	you are	you are
25:24	15	σκληρὸς	G4642	sklēros	a hard	a hard
25:24	16	ἄνθρωπος	G444	anthrōpos	man	man
25:24	17	θερίζων	G2325	therizōn	reaping	reaping
25:24	18	ὅπου	G3699	hopou	where	where
25:24	19	οὐκ	G3756	ouk	vvv	vvv
25:24	20	ἔσπειρας	G4687	espeiras	you have not sown	you have not sown
25:24	21	καὶ	G2532	kai	and	and
25:24	22	συνάγων	G4863	synagōn	gathering	gathering
25:24	23	ὅθεν	G3606	hothen	where	where
25:24	24	οὐ	G3756	ou	vvv	vvv
25:24	25	διεσκόρπισας	G1287	dieskorpisas	you have not scattered seed	you have not scattered seed
25:25	1	καὶ	G2532	kai	So	So
25:25	2	φοβηθεὶς	G5399	phobētheis	I was afraid	I was afraid
25:25	3	ἀπελθὼν	G565	apelthōn	and went out [and]	and went out [and]
25:25	4	ἔκρυψα	G2928	ekrypsa	hid	hid
25:25	5	σου	G4771	sou	your	your
25:25	6	τὸ	G3588	to	-	-
25:25	7	τάλαντόν	G5007	talanton	talent	talent
25:25	8	ἐν	G1722	en	in	in
25:25	9	τῇ	G3588	tē	the	the
25:25	10	γῇ	G1093	gē	ground	ground
25:25	11	ἴδε	G2400	ide	See	See
25:25	12	ἔχεις	G2192	echeis	you have	you have
25:25	13	τὸ	G3588	to	what [belongs]	what [belongs]
25:25	14	σόν	G4674	son	to you	to you
25:26	1	Πονηρὲ	G4190	Ponēre	You wicked	You wicked
25:26	2	καὶ	G2532	kai	-	-
25:26	3	ὀκνηρέ	G3636	oknēre	lazy	lazy
25:26	4	δοῦλε	G1401	doule	servant	servant
25:26	5	δὲ	G1161	de	-	-
25:26	6	Ἀποκριθεὶς	G611	Apokritheis	replied	replied
25:26	7	εἶπεν	G2036	eipen	. . .	. . .
25:26	8	αὐτῷ	G846	autō	. . .	. . .
25:26	9	αὐτοῦ	G846	autou	his	his
25:26	10	ὁ	G3588	ho	-	-
25:26	11	κύριος	G2962	kyrios	master	master
25:26	12	ᾔδεις	G1492	ēdeis	You knew	You knew
25:26	13	ὅτι	G3754	hoti	that	that
25:26	14	θερίζω	G2325	therizō	I reap	I reap
25:26	15	ὅπου	G3699	hopou	where	where
25:26	16	οὐκ	G3756	ouk	vvv	vvv
25:26	17	ἔσπειρα	G4687	espeira	I have not sown	I have not sown
25:26	18	καὶ	G2532	kai	and	and
25:26	19	συνάγω	G4863	synagō	gather	gather
25:26	20	ὅθεν	G3606	hothen	where	where
25:26	21	οὐ	G3756	ou	. . .	. . .
25:26	22	διεσκόρπισα	G1287	dieskorpisa	I have not scattered seed	I have not scattered seed
25:27	1	οὖν	G3767	oun	Then	Then
25:27	2	σε	G4771	se	you	you
25:27	3	ἔδει	G1163	edei	should	should
25:27	4	βαλεῖν	G906	balein	have deposited	have deposited
25:27	5	μου	G1473	mou	my	my
25:27	6	τὰ	G3588	ta	-	-
25:27	7	ἀργύριά	G694	argyria	money	money
25:27	8	τοῖς	G3588	tois	with the	with the
25:27	9	τραπεζίταις	G5133	trapezitais	bankers	bankers
25:27	10	καὶ	G2532	kai	and	and
25:27	11	ἐγὼ	G1473	egō	vvv	vvv
25:27	12	ἐλθὼν	G2064	elthōn	on my return	on my return
25:27	13	ἂν	G302	an	vvv	vvv
25:27	14	ἐκομισάμην	G2865	ekomisamēn	I would have received	I would have received
25:27	15	τὸ	G3588	to	-	-
25:27	16	ἐμὸν	G1699	emon	it {back}	it {back}
25:27	17	σὺν	G4862	syn	with	with
25:27	18	τόκῳ	G5110	tokō	interest	interest
25:28	1	οὖν	G3767	oun	Therefore	Therefore
25:28	2	Ἄρατε	G142	Arate	take	take
25:28	3	τὸ	G3588	to	the	the
25:28	4	τάλαντον	G5007	talanton	talent	talent
25:28	5	ἀπ’	G575	ap’	from	from
25:28	6	αὐτοῦ	G846	autou	him	him
25:28	7	καὶ	G2532	kai	and	and
25:28	8	δότε	G1325	dote	give [it]	give [it]
25:28	9	τῷ	G3588	tō	to the [one]	to the [one]
25:28	10	ἔχοντι	G2192	echonti	who has	who has
25:28	11	τὰ	G3588	ta	-	-
25:28	12	δέκα	G1176	deka	ten	ten
25:28	13	τάλαντα	G5007	talanta	talents	talents
25:29	1	γὰρ	G1063	gar	For	For
25:29	2	τῷ	G3588	tō	-	-
25:29	3	παντὶ	G3956	panti	everyone	everyone
25:29	4	ἔχοντι	G2192	echonti	who has	who has
25:29	5	δοθήσεται	G1325	dothēsetai	will be given [more]	will be given [more]
25:29	6	καὶ	G2532	kai	and [he]	and [he]
25:29	7	περισσευθήσεται	G4052	perisseuthēsetai	will have an abundance	will have an abundance
25:29	8	δὲ	G1161	de	But	But
25:29	9	τοῦ	G3588	tou	the [one who]	the [one who]
25:29	10	μὴ	G3361	mē	{does} not	{does} not
25:29	11	ἔχοντος	G2192	echontos	have	have
25:29	12	καὶ	G2532	kai	even	even
25:29	13	ὃ	G3739	ho	what	what
25:29	14	ἔχει	G2192	echei	he has	he has
25:29	15	ἀρθήσεται	G142	arthēsetai	will be taken away	will be taken away
25:29	16	ἀπ’	G575	ap’	from	from
25:29	17	αὐτοῦ	G846	autou	him	him
25:30	1	καὶ	G2532	kai	And	And
25:30	2	ἐκβάλετε	G1544	ekbalete	throw	throw
25:30	3	τὸν	G3588	ton	that	that
25:30	4	ἀχρεῖον	G888	achreion	worthless	worthless
25:30	5	δοῦλον	G1401	doulon	servant	servant
25:30	6	εἰς	G1519	eis	into	into
25:30	7	τὸ	G3588	to	the	the
25:30	8	τὸ	G3588	to	-	-
25:30	9	ἐξώτερον	G1857	exōteron	outer	outer
25:30	10	σκότος	G4655	skotos	darkness	darkness
25:30	11	ἐκεῖ	G1563	ekei	[where] there	[where] there
25:30	12	ἔσται	G1510	estai	will be	will be
25:30	13	ὁ	G3588	ho	-	-
25:30	14	κλαυθμὸς	G2805	klauthmos	weeping	weeping
25:30	15	καὶ	G2532	kai	and	and
25:30	16	ὁ	G3588	ho	-	-
25:30	17	βρυγμὸς	G1030	brygmos	gnashing	gnashing
25:30	18	τῶν	G3588	tōn	of	of
25:30	19	ὀδόντων	G3599	odontōn	teeth	teeth
25:31	1	δὲ	G1161	de	-	-
25:31	2	Ὅταν	G3752	Hotan	When	When
25:31	3	ὁ	G3588	ho	the	the
25:31	4	υἱὸς	G5207	huios	Son	Son
25:31	5	τοῦ	G3588	tou	-	-
25:31	6	ἀνθρώπου	G444	anthrōpou	of Man	of Man
25:31	7	ἔλθῃ	G2064	elthē	comes	comes
25:31	8	ἐν	G1722	en	in	in
25:31	9	αὐτοῦ	G846	autou	His	His
25:31	10	τῇ	G3588	tē	-	-
25:31	11	δόξῃ	G1391	doxē	glory	glory
25:31	12	καὶ	G2532	kai	and	and
25:31	13	πάντες	G3956	pantes	all	all
25:31	14	οἱ	G3588	hoi	the	the
25:31	15	ἄγγελοι	G32	angeloi	angels	angels
25:31	16	μετ’	G3326	met’	with	with
25:31	17	αὐτοῦ	G846	autou	Him	Him
25:31	18	τότε	G5119	tote	-	-
25:31	19	καθίσει	G2523	kathisei	He will sit	He will sit
25:31	20	ἐπὶ	G1909	epi	on	on
25:31	21	αὐτοῦ	G846	autou	His	His
25:31	22	δόξης	G1391	doxēs	glorious	glorious
25:31	23	θρόνου	G2362	thronou	throne	throne
25:32	1	καὶ	G2532	kai	-	-
25:32	2	πάντα	G3956	panta	All	All
25:32	3	τὰ	G3588	ta	the	the
25:32	4	ἔθνη	G1484	ethnē	nations	nations
25:32	5	συναχθήσονται	G4863	synachthēsontai	will be gathered	will be gathered
25:32	6	ἔμπροσθεν	G1715	emprosthen	before	before
25:32	7	αὐτοῦ	G846	autou	Him	Him
25:32	8	καὶ	G2532	kai	and	and
25:32	9	ἀφορίσει	G873	aphorisei	He will separate	He will separate
25:32	10	αὐτοὺς	G846	autous	[the people]	[the people]
25:32	11	ἀπ’	G575	ap’	vvv	vvv
25:32	12	ἀλλήλων	G240	allēlōn	one from another	one from another
25:32	13	ὥσπερ	G5618	hōsper	as	as
25:32	14	ὁ	G3588	ho	-	-
25:32	15	ποιμὴν	G4166	poimēn	a shepherd	a shepherd
25:32	16	ἀφορίζει	G873	aphorizei	separates	separates
25:32	17	τὰ	G3588	ta	the	the
25:32	18	πρόβατα	G4263	probata	sheep	sheep
25:32	19	ἀπὸ	G575	apo	from	from
25:32	20	τῶν	G3588	tōn	the	the
25:32	21	ἐρίφων	G2056	eriphōn	goats	goats
25:33	1	καὶ	G2532	kai	-	-
25:33	2	μὲν	G3303	men	-	-
25:33	3	στήσει	G2476	stēsei	He will place	He will place
25:33	4	τὰ	G3588	ta	the	the
25:33	5	πρόβατα	G4263	probata	sheep	sheep
25:33	6	ἐκ	G1537	ek	on	on
25:33	7	αὐτοῦ	G846	autou	His	His
25:33	8	δεξιῶν	G1188	dexiōn	right	right
25:33	9	δὲ	G1161	de	and	and
25:33	10	τὰ	G3588	ta	the	the
25:33	11	ἐρίφια	G2055	eriphia	goats	goats
25:33	12	ἐξ	G1537	ex	on	on
25:33	13	εὐωνύμων	G2176	euōnymōn	[His] left	[His] left
25:34	1	Τότε	G5119	Tote	Then	Then
25:34	2	ὁ	G3588	ho	the	the
25:34	3	Βασιλεὺς	G935	Basileus	King	King
25:34	4	ἐρεῖ	G2046	erei	will say	will say
25:34	5	τοῖς	G3588	tois	to those	to those
25:34	6	ἐκ	G1537	ek	on	on
25:34	7	αὐτοῦ	G846	autou	His	His
25:34	8	δεξιῶν	G1188	dexiōn	right	right
25:34	9	Δεῦτε	G1205	Deute	Come	Come
25:34	10	οἱ	G3588	hoi	you who are	you who are
25:34	11	εὐλογημένοι	G2127	eulogēmenoi	blessed	blessed
25:34	12	τοῦ	G3588	tou	by	by
25:34	13	μου	G1473	mou	My	My
25:34	14	Πατρός	G3962	Patros	Father	Father
25:34	15	κληρονομήσατε	G2816	klēronomēsate	inherit	inherit
25:34	16	τὴν	G3588	tēn	the	the
25:34	17	βασιλείαν	G932	basileian	kingdom	kingdom
25:34	18	ἡτοιμασμένην	G2090	hētoimasmenēn	prepared	prepared
25:34	19	ὑμῖν	G4771	hymin	for you	for you
25:34	20	ἀπὸ	G575	apo	from	from
25:34	21	καταβολῆς	G2602	katabolēs	[the] foundation	[the] foundation
25:34	22	κόσμου	G2889	kosmou	of [the] world	of [the] world
25:35	1	γὰρ	G1063	gar	For	For
25:35	2	ἐπείνασα	G3983	epeinasa	I was hungry	I was hungry
25:35	3	καὶ	G2532	kai	and	and
25:35	4	ἐδώκατέ	G1325	edōkate	you gave	you gave
25:35	5	μοι	G1473	moi	Me	Me
25:35	6	φαγεῖν	G5315	phagein	[something] to eat	[something] to eat
25:35	7	ἐδίψησα	G1372	edipsēsa	I was thirsty	I was thirsty
25:35	8	καὶ	G2532	kai	and	and
25:35	9	με	G1473	me	vvv	vvv
25:35	10	ἐποτίσατέ	G4222	epotisate	you gave Me [something] to drink	you gave Me [something] to drink
25:35	11	ἤμην	G1510	ēmēn	I was	I was
25:35	12	ξένος	G3581	xenos	a stranger	a stranger
25:35	13	καὶ	G2532	kai	and	and
25:35	14	συνηγάγετέ	G4863	synēgagete	you took Me in	you took Me in
25:35	15	με	G1473	me	. . .	. . .
25:36	1	γυμνὸς	G1131	gymnos	[I was] naked	[I was] naked
25:36	2	καὶ	G2532	kai	and	and
25:36	3	περιεβάλετέ	G4016	periebalete	you clothed	you clothed
25:36	4	με	G1473	me	Me	Me
25:36	5	ἠσθένησα	G770	ēsthenēsa	I was sick	I was sick
25:36	6	καὶ	G2532	kai	and	and
25:36	7	ἐπεσκέψασθέ	G1980	epeskepsasthe	you looked after	you looked after
25:36	8	με	G1473	me	Me	Me
25:36	9	ἤμην	G1510	ēmēn	I was	I was
25:36	10	ἐν	G1722	en	in	in
25:36	11	φυλακῇ	G5438	phylakē	prison	prison
25:36	12	καὶ	G2532	kai	and	and
25:36	13	ἤλθατε	G2064	ēlthate	you visited	you visited
25:36	14	πρός	G4314	pros	. . .	. . .
25:36	15	με	G1473	me	Me	Me
25:37	1	Τότε	G5119	Tote	Then	Then
25:37	2	οἱ	G3588	hoi	the	the
25:37	3	δίκαιοι	G1342	dikaioi	righteous	righteous
25:37	4	ἀποκριθήσονται	G611	apokrithēsontai	will answer	will answer
25:37	5	αὐτῷ	G846	autō	Him	Him
25:37	6	λέγοντες	G3004	legontes	-	-
25:37	7	Κύριε	G2962	Kyrie	Lord	Lord
25:37	8	πότε	G4219	pote	when	when
25:37	9	εἴδομεν	G3708	eidomen	did we see	did we see
25:37	10	σε	G4771	se	You	You
25:37	11	πεινῶντα	G3983	peinōnta	hungry	hungry
25:37	12	καὶ	G2532	kai	and	and
25:37	13	ἐθρέψαμεν	G5142	ethrepsamen	feed [You]	feed [You]
25:37	14	ἢ	G2228	ē	or	or
25:37	15	διψῶντα	G1372	dipsōnta	thirsty	thirsty
25:37	16	καὶ	G2532	kai	and	and
25:37	17	ἐποτίσαμεν	G4222	epotisamen	give [You] something to drink	give [You] something to drink
25:38	1	δέ	G1161	de	-	-
25:38	2	πότε	G4219	pote	When	When
25:38	3	εἴδομεν	G3708	eidomen	did we see	did we see
25:38	4	σε	G4771	se	You	You
25:38	5	ξένον	G3581	xenon	a stranger	a stranger
25:38	6	καὶ	G2532	kai	and	and
25:38	7	συνηγάγομεν	G4863	synēgagomen	take [You] in	take [You] in
25:38	8	ἢ	G2228	ē	or	or
25:38	9	γυμνὸν	G1131	gymnon	naked	naked
25:38	10	καὶ	G2532	kai	and	and
25:38	11	περιεβάλομεν	G4016	periebalomen	clothe [You]	clothe [You]
25:39	1	δέ	G1161	de	-	-
25:39	2	πότε	G4219	pote	When	When
25:39	3	εἴδομεν	G3708	eidomen	did we see	did we see
25:39	4	σε	G4771	se	You	You
25:39	5	ἀσθενοῦντα	G770	asthenounta	sick	sick
25:39	6	ἢ	G2228	ē	or	or
25:39	7	ἐν	G1722	en	in	in
25:39	8	φυλακῇ	G5438	phylakē	prison	prison
25:39	9	καὶ	G2532	kai	and	and
25:39	10	ἤλθομεν	G2064	ēlthomen	visit	visit
25:39	11	πρός	G4314	pros	. . .	. . .
25:39	12	σε	G4771	se	You	You
25:40	1	Καὶ	G2532	Kai	And	And
25:40	2	ὁ	G3588	ho	the	the
25:40	3	Βασιλεὺς	G935	Basileus	King	King
25:40	4	ἀποκριθεὶς	G611	apokritheis	vvv	vvv
25:40	5	ἐρεῖ	G2046	erei	will reply	will reply
25:40	6	αὐτοῖς	G846	autois	. . .	. . .
25:40	7	Ἀμὴν	G281	Amēn	Truly	Truly
25:40	8	λέγω	G3004	legō	I tell	I tell
25:40	9	ὑμῖν	G4771	hymin	you	you
25:40	10	ἐφ’	G1909	eph’	whatever	whatever
25:40	11	ὅσον	G3745	hoson	. . .	. . .
25:40	12	ἐποιήσατε	G4160	epoiēsate	you did	you did
25:40	13	ἑνὶ	G1520	heni	for one	for one
25:40	14	τῶν	G3588	tōn	of the	of the
25:40	15	ἐλαχίστων	G1646	elachistōn	least	least
25:40	16	τούτων	G3778	toutōn	of these	of these
25:40	17	τῶν	G3588	tōn	-	-
25:40	18	ἀδελφῶν	G80	adelphōn	brothers	brothers
25:40	19	μου	G1473	mou	of Mine	of Mine
25:40	20	ἐποιήσατε	G4160	epoiēsate	you did	you did
25:40	21	ἐμοὶ	G1473	emoi	for Me	for Me
25:41	1	Τότε	G5119	Tote	Then	Then
25:41	2	καὶ	G2532	kai	-	-
25:41	3	ἐρεῖ	G2046	erei	He will say	He will say
25:41	4	τοῖς	G3588	tois	to those	to those
25:41	5	ἐξ	G1537	ex	on	on
25:41	6	εὐωνύμων	G2176	euōnymōn	[His] left	[His] left
25:41	7	Πορεύεσθε	G4198	Poreuesthe	Depart	Depart
25:41	8	ἀπ’	G575	ap’	from	from
25:41	9	ἐμοῦ	G1473	emou	Me	Me
25:41	10	οἱ	G3588	hoi	[you] who	[you] who
25:41	11	κατηραμένοι	G2672	katēramenoi	are cursed	are cursed
25:41	12	εἰς	G1519	eis	into	into
25:41	13	τὸ	G3588	to	the	the
25:41	14	τὸ	G3588	to	-	-
25:41	15	αἰώνιον	G166	aiōnion	eternal	eternal
25:41	16	πῦρ	G4442	pyr	fire	fire
25:41	17	τὸ	G3588	to	-	-
25:41	18	ἡτοιμασμένον	G2090	hētoimasmenon	prepared	prepared
25:41	19	τῷ	G3588	tō	for the	for the
25:41	20	διαβόλῳ	G1228	diabolō	devil	devil
25:41	21	καὶ	G2532	kai	and	and
25:41	22	αὐτοῦ	G846	autou	his	his
25:41	23	τοῖς	G3588	tois	-	-
25:41	24	ἀγγέλοις	G32	angelois	angels	angels
25:42	1	γὰρ	G1063	gar	For	For
25:42	2	ἐπείνασα	G3983	epeinasa	I was hungry	I was hungry
25:42	3	καὶ	G2532	kai	and	and
25:42	4	ἐδώκατέ	G1325	edōkate	you gave	you gave
25:42	5	μοι	G1473	moi	Me	Me
25:42	6	οὐκ	G3756	ouk	nothing	nothing
25:42	7	φαγεῖν	G5315	phagein	to eat	to eat
25:42	8	καὶ	G2532	kai	-	-
25:42	9	ἐδίψησα	G1372	edipsēsa	I was thirsty	I was thirsty
25:42	10	καὶ	G2532	kai	and	and
25:42	11	ἐποτίσατέ	G4222	epotisate	you gave Me nothing to drink	you gave Me nothing to drink
25:42	12	οὐκ	G3756	ouk	. . .	. . .
25:42	13	με	G1473	me	. . .	. . .
25:43	1	ἤμην	G1510	ēmēn	I was	I was
25:43	2	ξένος	G3581	xenos	a stranger	a stranger
25:43	3	καὶ	G2532	kai	and	and
25:43	4	οὐ	G3756	ou	vvv	vvv
25:43	5	συνηγάγετέ	G4863	synēgagete	you did not take Me in	you did not take Me in
25:43	6	με	G1473	me	. . .	. . .
25:43	7	γυμνὸς	G1131	gymnos	[I was] naked	[I was] naked
25:43	8	καὶ	G2532	kai	and	and
25:43	9	οὐ	G3756	ou	vvv	vvv
25:43	10	περιεβάλετέ	G4016	periebalete	you did not clothe	you did not clothe
25:43	11	με	G1473	me	Me	Me
25:43	12	ἀσθενὴς	G772	asthenēs	[I was] sick	[I was] sick
25:43	13	καὶ	G2532	kai	and	and
25:43	14	ἐν	G1722	en	in	in
25:43	15	φυλακῇ	G5438	phylakē	prison	prison
25:43	16	καὶ	G2532	kai	and	and
25:43	17	οὐκ	G3756	ouk	vvv	vvv
25:43	18	ἐπεσκέψασθέ	G1980	epeskepsasthe	you did not look after	you did not look after
25:43	19	με	G1473	me	Me	Me
25:44	1	Τότε	G5119	Tote	And	And
25:44	2	αὐτοὶ	G846	autoi	they	they
25:44	3	καὶ	G2532	kai	too	too
25:44	4	ἀποκριθήσονται	G611	apokrithēsontai	will reply	will reply
25:44	5	λέγοντες	G3004	legontes	-	-
25:44	6	Κύριε	G2962	Kyrie	Lord	Lord
25:44	7	πότε	G4219	pote	when	when
25:44	8	εἴδομεν	G3708	eidomen	did we see	did we see
25:44	9	σε	G4771	se	You	You
25:44	10	πεινῶντα	G3983	peinōnta	hungry	hungry
25:44	11	ἢ	G2228	ē	or	or
25:44	12	διψῶντα	G1372	dipsōnta	thirsty	thirsty
25:44	13	ἢ	G2228	ē	or	or
25:44	14	ξένον	G3581	xenon	a stranger	a stranger
25:44	15	ἢ	G2228	ē	or	or
25:44	16	γυμνὸν	G1131	gymnon	naked	naked
25:44	17	ἢ	G2228	ē	or	or
25:44	18	ἀσθενῆ	G772	asthenē	sick	sick
25:44	19	ἢ	G2228	ē	or	or
25:44	20	ἐν	G1722	en	in	in
25:44	21	φυλακῇ	G5438	phylakē	prison	prison
25:44	22	καὶ	G2532	kai	and	and
25:44	23	οὐ	G3756	ou	vvv	vvv
25:44	24	διηκονήσαμέν	G1247	diēkonēsamen	did not minister	did not minister
25:44	25	σοι	G4771	soi	to You	to You
25:45	1	Τότε	G5119	Tote	Then	Then
25:45	2	ἀποκριθήσεται	G611	apokrithēsetai	[the King] will answer	[the King] will answer
25:45	3	αὐτοῖς	G846	autois	. . .	. . .
25:45	4	λέγων	G3004	legōn	-	-
25:45	5	Ἀμὴν	G281	Amēn	Truly	Truly
25:45	6	λέγω	G3004	legō	I tell	I tell
25:45	7	ὑμῖν	G4771	hymin	you	you
25:45	8	ἐφ’	G1909	eph’	whatever	whatever
25:45	9	ὅσον	G3745	hoson	. . .	. . .
25:45	10	οὐκ	G3756	ouk	vvv	vvv
25:45	11	ἐποιήσατε	G4160	epoiēsate	you did not do	you did not do
25:45	12	ἑνὶ	G1520	heni	for one	for one
25:45	13	τῶν	G3588	tōn	of the	of the
25:45	14	ἐλαχίστων	G1646	elachistōn	least	least
25:45	15	τούτων	G3778	toutōn	of these	of these
25:45	16	οὐδὲ	G3761	oude	vvv	vvv
25:45	17	ἐποιήσατε	G4160	epoiēsate	you did not do	you did not do
25:45	18	ἐμοὶ	G1473	emoi	for Me	for Me
25:46	1	Καὶ	G2532	Kai	And	And
25:46	2	οὗτοι	G3778	houtoi	they	they
25:46	3	ἀπελεύσονται	G565	apeleusontai	will go away	will go away
25:46	4	εἰς	G1519	eis	into	into
25:46	5	αἰώνιον	G166	aiōnion	eternal	eternal
25:46	6	κόλασιν	G2851	kolasin	punishment	punishment
25:46	7	δὲ	G1161	de	but	but
25:46	8	οἱ	G3588	hoi	the	the
25:46	9	δίκαιοι	G1342	dikaioi	righteous	righteous
25:46	10	εἰς	G1519	eis	into	into
25:46	11	αἰώνιον	G166	aiōnion	eternal	eternal
25:46	12	ζωὴν	G2222	zōēn	life	life
26:1	1	Καὶ	G2532	Kai	vvv	vvv
26:1	2	ἐγένετο	G1096	egeneto	vvv	vvv
26:1	3	ὅτε	G3753	hote	When	When
26:1	4	ὁ	G3588	ho	-	-
26:1	5	Ἰησοῦς	G2424	Iēsous	Jesus	Jesus
26:1	6	ἐτέλεσεν	G5055	etelesen	had finished {saying}	had finished {saying}
26:1	7	πάντας	G3956	pantas	all	all
26:1	8	τούτους	G3778	toutous	these	these
26:1	9	τοὺς	G3588	tous	-	-
26:1	10	λόγους	G3056	logous	things	things
26:1	11	εἶπεν	G2036	eipen	He told	He told
26:1	12	τοῖς	G3588	tois	. . .	. . .
26:1	13	αὐτοῦ	G846	autou	His	His
26:1	14	μαθηταῖς	G3101	mathētais	disciples	disciples
26:2	1	Οἴδατε	G1492	Oidate	You know	You know
26:2	2	ὅτι	G3754	hoti	that	that
26:2	3	τὸ	G3588	to	the	the
26:2	4	πάσχα	G3957	pascha	Passover	Passover
26:2	5	γίνεται	G1096	ginetai	is	is
26:2	6	δύο	G1417	dyo	two	two
26:2	7	ἡμέρας	G2250	hēmeras	days	days
26:2	8	μετὰ	G3326	meta	away	away
26:2	9	καὶ	G2532	kai	and	and
26:2	10	ὁ	G3588	ho	the	the
26:2	11	Υἱὸς	G5207	Huios	Son	Son
26:2	12	τοῦ	G3588	tou	-	-
26:2	13	ἀνθρώπου	G444	anthrōpou	of Man	of Man
26:2	14	παραδίδοται	G3860	paradidotai	will be handed	will be handed
26:2	15	εἰς	G1519	eis	over	over
26:2	16	τὸ	G3588	to	-	-
26:2	17	σταυρωθῆναι	G4717	staurōthēnai	to be crucified	to be crucified
26:3	1	Τότε	G5119	Tote	At that time	At that time
26:3	2	οἱ	G3588	hoi	the	the
26:3	3	ἀρχιερεῖς	G749	archiereis	chief priests	chief priests
26:3	4	καὶ	G2532	kai	and	and
26:3	5	οἱ	G3588	hoi	-	-
26:3	6	πρεσβύτεροι	G4245	presbyteroi	elders	elders
26:3	7	τοῦ	G3588	tou	of the	of the
26:3	8	λαοῦ	G2992	laou	people	people
26:3	9	συνήχθησαν	G4863	synēchthēsan	assembled	assembled
26:3	10	εἰς	G1519	eis	in	in
26:3	11	τὴν	G3588	tēn	the	the
26:3	12	αὐλὴν	G833	aulēn	courtyard	courtyard
26:3	13	τοῦ	G3588	tou	of the	of the
26:3	14	ἀρχιερέως	G749	archiereōs	high priest	high priest
26:3	15	τοῦ	G3588	tou	whose	whose
26:3	16	λεγομένου	G3004	legomenou	name was	name was
26:3	17	Καϊάφα	G2533	Kaiapha	Caiaphas	Caiaphas
26:4	1	καὶ	G2532	kai	and	and
26:4	2	συνεβουλεύσαντο	G4823	synebouleusanto	they conspired	they conspired
26:4	3	ἵνα	G2443	hina	to	to
26:4	4	κρατήσωσιν	G2902	kratēsōsin	arrest	arrest
26:4	5	τὸν	G3588	ton	-	-
26:4	6	Ἰησοῦν	G2424	Iēsoun	Jesus	Jesus
26:4	7	δόλῳ	G1388	dolō	covertly	covertly
26:4	8	καὶ	G2532	kai	and	and
26:4	9	ἀποκτείνωσιν	G615	apokteinōsin	kill [Him]	kill [Him]
26:5	1	δέ	G1161	de	But	But
26:5	2	Μὴ	G3361	Mē	not	not
26:5	3	ἐν	G1722	en	during	during
26:5	4	τῇ	G3588	tē	the	the
26:5	5	ἑορτῇ	G1859	heortē	feast	feast
26:5	6	ἔλεγον	G2036	elegon	they said	they said
26:5	7	ἵνα	G2443	hina	or	or
26:5	8	μὴ	G3361	mē	. . .	. . .
26:5	9	γένηται	G1096	genētai	there may be	there may be
26:5	10	θόρυβος	G2351	thorybos	a riot	a riot
26:5	11	ἐν	G1722	en	among	among
26:5	12	τῷ	G3588	tō	the	the
26:5	13	λαῷ	G2992	laō	people	people
26:6	1	δὲ	G1161	de	While	While
26:6	2	Τοῦ	G3588	Tou	-	-
26:6	3	Ἰησοῦ	G2424	Iēsou	Jesus	Jesus
26:6	4	γενομένου	G1096	genomenou	was	was
26:6	5	ἐν	G1722	en	in	in
26:6	6	Βηθανίᾳ	G963	Bēthania	Bethany	Bethany
26:6	7	ἐν	G1722	en	in	in
26:6	8	οἰκίᾳ	G3614	oikia	[the] home	[the] home
26:6	9	Σίμωνος	G4613	Simōnos	of Simon	of Simon
26:6	10	τοῦ	G3588	tou	the	the
26:6	11	λεπροῦ	G3015	leprou	Leper	Leper
26:7	1	γυνὴ	G1135	gynē	a woman	a woman
26:7	2	προσῆλθεν	G4334	prosēlthen	came	came
26:7	3	αὐτῷ	G846	autō	to Him	to Him
26:7	4	ἔχουσα	G2192	echousa	with	with
26:7	5	ἀλάβαστρον	G211	alabastron	an alabaster jar	an alabaster jar
26:7	6	βαρυτίμου	G927	barytimou	of expensive	of expensive
26:7	7	μύρου	G3464	myrou	perfume	perfume
26:7	8	καὶ	G2532	kai	-	-
26:7	9	κατέχεεν	G2708	katecheen	which she poured	which she poured
26:7	10	ἐπὶ	G1909	epi	on	on
26:7	11	αὐτοῦ	G846	autou	His	His
26:7	12	τῆς	G3588	tēs	-	-
26:7	13	κεφαλῆς	G2776	kephalēs	head	head
26:7	14	ἀνακειμένου	G345	anakeimenou	as He reclined at the table	as He reclined at the table
26:8	1	δὲ	G1161	de	When	When
26:8	2	οἱ	G3588	hoi	the	the
26:8	3	μαθηταὶ	G3101	mathētai	disciples	disciples
26:8	4	Ἰδόντες	G3708	Idontes	saw this	saw this
26:8	5	ἠγανάκτησαν	G23	ēganaktēsan	they were indignant	they were indignant
26:8	6	λέγοντες	G3004	legontes	and asked	and asked
26:8	7	Εἰς	G1519	Eis	Why	Why
26:8	8	τί	G5101	ti	. . .	. . .
26:8	9	αὕτη	G3778	hautē	this	this
26:8	10	ἡ	G3588	hē	-	-
26:8	11	ἀπώλεια	G684	apōleia	waste	waste
26:9	1	γὰρ	G1063	gar	-	-
26:9	2	τοῦτο	G3778	touto	This [perfume]	This [perfume]
26:9	3	ἐδύνατο	G1410	edynato	could	could
26:9	4	πραθῆναι	G4097	prathēnai	have been sold	have been sold
26:9	5	πολλοῦ	G4183	pollou	at a high price	at a high price
26:9	6	καὶ	G2532	kai	and	and
26:9	7	δοθῆναι	G1325	dothēnai	[the money] given	[the money] given
26:9	8	πτωχοῖς	G4434	ptōchois	to [the] poor	to [the] poor
26:10	1	δὲ	G1161	de	-	-
26:10	2	Γνοὺς	G1097	Gnous	Aware of this	Aware of this
26:10	3	ὁ	G3588	ho	-	-
26:10	4	Ἰησοῦς	G2424	Iēsous	Jesus	Jesus
26:10	5	εἶπεν	G2036	eipen	asked	asked
26:10	6	αὐτοῖς	G846	autois	-	-
26:10	7	Τί	G5101	Ti	Why	Why
26:10	8	παρέχετε	G3930	parechete	are you bothering	are you bothering
26:10	9	κόπους	G2873	kopous	. . .	. . .
26:10	10	τῇ	G3588	tē	[this]	[this]
26:10	11	γυναικί	G1135	gynaiki	woman	woman
26:10	12	γὰρ	G1063	gar	-	-
26:10	13	ἠργάσατο	G2038	ērgasato	She has done	She has done
26:10	14	καλὸν	G2570	kalon	a beautiful	a beautiful
26:10	15	ἔργον	G2041	ergon	deed	deed
26:10	16	εἰς	G1519	eis	to	to
26:10	17	ἐμέ	G1473	eme	Me	Me
26:11	1	γὰρ	G1063	gar	-	-
26:11	2	τοὺς	G3588	tous	The	The
26:11	3	πτωχοὺς	G4434	ptōchous	poor	poor
26:11	4	πάντοτε	G3842	pantote	vvv	vvv
26:11	5	ἔχετε	G2192	echete	you will always have	you will always have
26:11	6	μεθ’	G3326	meth’	with	with
26:11	7	ἑαυτῶν	G1438	heautōn	you	you
26:11	8	δὲ	G1161	de	but	but
26:11	9	οὐ	G3756	ou	{you will} not	{you will} not
26:11	10	πάντοτε	G3842	pantote	always	always
26:11	11	ἔχετε	G2192	echete	have	have
26:11	12	ἐμὲ	G1473	eme	Me	Me
26:12	1	γὰρ	G1063	gar	-	-
26:12	2	βαλοῦσα	G906	balousa	By pouring	By pouring
26:12	3	αὕτη	G3778	hautē	-	-
26:12	4	τοῦτο	G3778	touto	this	this
26:12	5	τὸ	G3588	to	-	-
26:12	6	μύρον	G3464	myron	perfume	perfume
26:12	7	ἐπὶ	G1909	epi	on	on
26:12	8	με	G1473	me	Me	Me
26:12	9	ἐποίησεν	G4160	epoiēsen	she has prepared	she has prepared
26:12	10	μου	G1473	mou	My	My
26:12	11	τοῦ	G3588	tou	. . .	. . .
26:12	12	σώματός	G4983	sōmatos	body	body
26:12	13	τὸ	G3588	to	-	-
26:12	14	πρὸς	G4314	pros	for	for
26:12	15	ἐνταφιάσαι	G1779	entaphiasai	burial	burial
26:13	1	ἀμὴν	G281	amēn	Truly	Truly
26:13	2	λέγω	G3004	legō	I tell	I tell
26:13	3	ὑμῖν	G4771	hymin	you	you
26:13	4	ὅπου	G3699	hopou	wherever	wherever
26:13	5	ἐὰν	G1437	ean	. . .	. . .
26:13	6	τοῦτο	G3778	touto	this	this
26:13	7	τὸ	G3588	to	-	-
26:13	8	εὐαγγέλιον	G2098	euangelion	gospel	gospel
26:13	9	κηρυχθῇ	G2784	kērychthē	is preached	is preached
26:13	10	ἐν	G1722	en	in	in
26:13	11	ὅλῳ	G3650	holō	all	all
26:13	12	τῷ	G3588	tō	the	the
26:13	13	κόσμῳ	G2889	kosmō	world	world
26:13	14	ὃ	G3739	ho	what	what
26:13	15	αὕτη	G3778	hautē	she	she
26:13	16	ἐποίησεν	G4160	epoiēsen	has done	has done
26:13	17	καὶ	G2532	kai	vvv	vvv
26:13	18	λαληθήσεται	G2980	lalēthēsetai	will also be told	will also be told
26:13	19	εἰς	G1519	eis	in	in
26:13	20	μνημόσυνον	G3422	mnēmosynon	memory of	memory of
26:13	21	αὐτῆς	G846	autēs	her	her
26:14	1	Τότε	G5119	Tote	Then	Then
26:14	2	εἷς	G1520	heis	one	one
26:14	3	τῶν	G3588	tōn	of the	of the
26:14	4	δώδεκα	G1427	dōdeka	Twelve	Twelve
26:14	5	ὁ	G3588	ho	the [one]	the [one]
26:14	6	λεγόμενος	G3004	legomenos	called	called
26:14	7	Ἰούδας	G2455	Ioudas	Judas	Judas
26:14	8	Ἰσκαριώτης	G2469	Iskariōtēs	Iscariot	Iscariot
26:14	9	πορευθεὶς	G4198	poreutheis	went	went
26:14	10	πρὸς	G4314	pros	to	to
26:14	11	τοὺς	G3588	tous	the	the
26:14	12	ἀρχιερεῖς	G749	archiereis	chief priests	chief priests
26:15	1	εἶπεν	G2036	eipen	[and] asked	[and] asked
26:15	2	Τί	G5101	Ti	What	What
26:15	3	θέλετέ	G2309	thelete	are you willing	are you willing
26:15	4	δοῦναι	G1325	dounai	to give	to give
26:15	5	μοι	G1473	moi	me	me
26:15	6	κἀγὼ	G2504	kagō	if I	if I
26:15	7	παραδώσω	G3860	paradōsō	hand	hand
26:15	8	αὐτόν	G846	auton	Him {over}	Him {over}
26:15	9	ὑμῖν	G4771	hymin	to you	to you
26:15	10	δὲ	G1161	de	And	And
26:15	11	οἱ	G3588	hoi	-	-
26:15	12	ἔστησαν	G2476	estēsan	they set out	they set out
26:15	13	αὐτῷ	G846	autō	for him	for him
26:15	14	τριάκοντα	G5144	triakonta	thirty	thirty
26:15	15	ἀργύρια	G694	argyria	pieces of silver	pieces of silver
26:16	1	καὶ	G2532	kai	So	So
26:16	2	ἀπὸ	G575	apo	from	from
26:16	3	τότε	G5119	tote	then on	then on
26:16	4	ἐζήτει	G2212	ezētei	[Judas] looked for	[Judas] looked for
26:16	5	εὐκαιρίαν	G2120	eukairian	an opportunity	an opportunity
26:16	6	ἵνα	G2443	hina	to	to
26:16	7	παραδῷ	G3860	paradō	betray	betray
26:16	8	αὐτὸν	G846	auton	[Jesus]	[Jesus]
26:17	1	δὲ	G1161	de	-	-
26:17	2	Τῇ	G3588	Tē	On the	On the
26:17	3	πρώτῃ	G4413	prōtē	first [day]	first [day]
26:17	4	τῶν	G3588	tōn	of the	of the
26:17	5	ἀζύμων	G106	azymōn	Feast of Unleavened [Bread]	Feast of Unleavened [Bread]
26:17	6	οἱ	G3588	hoi	the	the
26:17	7	μαθηταὶ	G3101	mathētai	disciples	disciples
26:17	8	προσῆλθον	G4334	prosēlthon	came	came
26:17	9	τῷ	G3588	tō	-	-
26:17	10	Ἰησοῦ	G2424	Iēsou	to Jesus	to Jesus
26:17	11	λέγοντες	G3004	legontes	[and] asked	[and] asked
26:17	12	Ποῦ	G4226	Pou	Where	Where
26:17	13	θέλεις	G2309	theleis	do You want	do You want
26:17	14	ἑτοιμάσωμέν	G2090	hetoimasōmen	us to prepare	us to prepare
26:17	15	σοι	G4771	soi	for You	for You
26:17	16	φαγεῖν	G5315	phagein	to eat	to eat
26:17	17	τὸ	G3588	to	the	the
26:17	18	πάσχα	G3957	pascha	Passover	Passover
26:18	1	δὲ	G1161	de	-	-
26:18	2	Ὁ	G3588	Ho	-	-
26:18	3	εἶπεν	G2036	eipen	He answered	He answered
26:18	4	Ὑπάγετε	G5217	Hypagete	Go	Go
26:18	5	εἰς	G1519	eis	into	into
26:18	6	τὴν	G3588	tēn	the	the
26:18	7	πόλιν	G4172	polin	city	city
26:18	8	πρὸς	G4314	pros	to	to
26:18	9	τὸν	G3588	ton	a	a
26:18	10	δεῖνα	G1170	deina	certain man	certain man
26:18	11	καὶ	G2532	kai	and	and
26:18	12	εἴπατε	G2036	eipate	tell	tell
26:18	13	αὐτῷ	G846	autō	him [that]	him [that]
26:18	14	Ὁ	G3588	HO	the	the
26:18	15	Διδάσκαλος	G1320	Didaskalos	Teacher	Teacher
26:18	16	λέγει	G3004	legei	says	says
26:18	17	μου	G1473	mou	My	My
26:18	18	Ὁ	G3588	Ho	-	-
26:18	19	καιρός	G2540	kairos	time	time
26:18	20	ἐστιν	G1510	estin	is	is
26:18	21	ἐγγύς	G1451	engys	near	near
26:18	22	ποιῶ	G4160	poiō	I will keep	I will keep
26:18	23	τὸ	G3588	to	the	the
26:18	24	πάσχα	G3957	pascha	Passover	Passover
26:18	25	μετὰ	G3326	meta	with	with
26:18	26	μου	G1473	mou	My	My
26:18	27	τῶν	G3588	tōn	-	-
26:18	28	μαθητῶν	G3101	mathētōn	disciples	disciples
26:18	29	πρὸς	G4314	pros	at	at
26:18	30	σὲ	G4771	se	your [house]	your [house]
26:19	1	καὶ	G2532	kai	So	So
26:19	2	οἱ	G3588	hoi	the	the
26:19	3	μαθηταὶ	G3101	mathētai	disciples	disciples
26:19	4	ἐποίησαν	G4160	epoiēsan	did	did
26:19	5	ὡς	G5613	hōs	as	as
26:19	6	ὁ	G3588	ho	-	-
26:19	7	Ἰησοῦς	G2424	Iēsous	Jesus	Jesus
26:19	8	συνέταξεν	G4929	synetaxen	had directed	had directed
26:19	9	αὐτοῖς	G846	autois	them	them
26:19	10	καὶ	G2532	kai	and	and
26:19	11	ἡτοίμασαν	G2090	hētoimasan	prepared	prepared
26:19	12	τὸ	G3588	to	the	the
26:19	13	πάσχα	G3957	pascha	Passover	Passover
26:20	1	δὲ	G1161	de	When	When
26:20	2	Ὀψίας	G3798	Opsias	evening	evening
26:20	3	γενομένης	G1096	genomenēs	came	came
26:20	4	ἀνέκειτο	G345	anekeito	[Jesus] was reclining	[Jesus] was reclining
26:20	5	μετὰ	G3326	meta	with	with
26:20	6	τῶν	G3588	tōn	the	the
26:20	7	δώδεκα	G1427	dōdeka	twelve	twelve
26:20	8	μαθητῶν	G3101	mathētōn	disciples	disciples
26:21	1	καὶ	G2532	kai	And while	And while
26:21	2	ἐσθιόντων	G2068	esthiontōn	they were eating	they were eating
26:21	3	εἶπεν	G2036	eipen	He said	He said
26:21	4	αὐτῶν	G846	autōn	to them	to them
26:21	5	Ἀμὴν	G281	Amēn	Truly	Truly
26:21	6	λέγω	G3004	legō	I tell	I tell
26:21	7	ὑμῖν	G4771	hymin	you	you
26:21	8	ὅτι	G3754	hoti	-	-
26:21	9	εἷς	G1520	heis	one	one
26:21	10	ἐξ	G1537	ex	of	of
26:21	11	ὑμῶν	G4771	hymōn	you	you
26:21	12	παραδώσει	G3860	paradōsei	will betray	will betray
26:21	13	με	G1473	me	Me	Me
26:22	1	Καὶ	G2532	Kai	-	-
26:22	2	λυπούμενοι	G3076	lypoumenoi	They were deeply grieved	They were deeply grieved
26:22	3	σφόδρα	G4970	sphodra	. . .	. . .
26:22	4	ἤρξαντο	G756	ērxanto	[and] began	[and] began
26:22	5	λέγειν	G3004	legein	to ask	to ask
26:22	6	αὐτῷ	G846	autō	Him	Him
26:22	7	εἷς	G1520	heis	one	one
26:22	8	ἕκαστος	G1538	hekastos	after another	after another
26:22	9	εἰμι	G1510	eimi	Surely not	Surely not
26:22	10	Μήτι	G3385	Mēti	. . .	. . .
26:22	11	ἐγώ	G1473	egō	I	I
26:22	12	Κύριε	G2962	Kyrie	Lord	Lord
26:23	1	δὲ	G1161	de	-	-
26:23	2	Ὁ	G3588	Ho	-	-
26:23	3	ἀποκριθεὶς	G611	apokritheis	[Jesus] answered	[Jesus] answered
26:23	4	εἶπεν	G2036	eipen	. . .	. . .
26:23	5	Ὁ	G3588	Ho	The [one]	The [one]
26:23	6	ἐμβάψας	G1686	embapsas	who has dipped	who has dipped
26:23	7	τὴν	G3588	tēn	[his]	[his]
26:23	8	χεῖρα	G5495	cheira	hand	hand
26:23	9	ἐν	G1722	en	into	into
26:23	10	τῷ	G3588	tō	the	the
26:23	11	τρυβλίῳ	G5165	trybliō	bowl	bowl
26:23	12	μετ’	G3326	met’	with	with
26:23	13	ἐμοῦ	G1473	emou	Me	Me
26:23	14	οὗτός	G3778	houtos	-	-
26:23	15	παραδώσει	G3860	paradōsei	will betray	will betray
26:23	16	με	G1473	me	Me	Me
26:24	1	μὲν	G3303	men	-	-
26:24	2	ὁ	G3588	ho	The	The
26:24	3	Υἱὸς	G5207	Huios	Son	Son
26:24	4	τοῦ	G3588	tou	-	-
26:24	5	ἀνθρώπου	G444	anthrōpou	of Man	of Man
26:24	6	ὑπάγει	G5217	hypagei	will go	will go
26:24	7	καθὼς	G2531	kathōs	just as	just as
26:24	8	γέγραπται	G1125	gegraptai	it is written	it is written
26:24	9	περὶ	G4012	peri	about	about
26:24	10	αὐτοῦ	G846	autou	Him	Him
26:24	11	δὲ	G1161	de	but	but
26:24	12	οὐαὶ	G3759	ouai	woe	woe
26:24	13	ἐκείνῳ	G1565	ekeinō	to that	to that
26:24	14	τῷ	G3588	tō	-	-
26:24	15	ἀνθρώπῳ	G444	anthrōpō	man	man
26:24	16	δι’	G1223	di’	by	by
26:24	17	οὗ	G3739	hou	whom	whom
26:24	18	ὁ	G3588	ho	[He]	[He]
26:24	19	Υἱὸς	G5207	Huios	. . .	. . .
26:24	20	τοῦ	G3588	tou	. . .	. . .
26:24	21	ἀνθρώπου	G444	anthrōpou	. . .	. . .
26:24	22	παραδίδοται	G3860	paradidotai	is betrayed	is betrayed
26:24	23	ἦν	G1510	ēn	It would be	It would be
26:24	24	καλὸν	G2570	kalon	better	better
26:24	25	αὐτῷ	G846	autō	for him	for him
26:24	26	εἰ	G1487	ei	if	if
26:24	27	ἐκεῖνος	G1565	ekeinos	[he]	[he]
26:24	28	ὁ	G3588	ho	. . .	. . .
26:24	29	ἄνθρωπος	G444	anthrōpos	. . .	. . .
26:24	30	οὐκ	G3756	ouk	vvv	vvv
26:24	31	ἐγεννήθη	G1080	egennēthē	had not been born	had not been born
26:25	1	δὲ	G1161	de	Then	Then
26:25	2	Ἰούδας	G2455	Ioudas	Judas	Judas
26:25	3	ὁ	G3588	ho	who	who
26:25	4	παραδιδοὺς	G3860	paradidous	would betray	would betray
26:25	5	αὐτὸν	G846	auton	Him	Him
26:25	6	Ἀποκριθεὶς	G611	Apokritheis	said	said
26:25	7	εἶπεν	G2036	eipen	. . .	. . .
26:25	8	εἰμι	G1510	eimi	Surely	Surely
26:25	9	Μήτι	G3385	Mēti	not	not
26:25	10	ἐγώ	G1473	egō	I	I
26:25	11	ῥαββί	G4461	rhabbi	Rabbi	Rabbi
26:25	12	Λέγει	G3004	Legei	[Jesus] answered	[Jesus] answered
26:25	13	αὐτῷ	G846	autō	. . .	. . .
26:25	14	Σὺ	G4771	Sy	You	You
26:25	15	εἶπας	G2036	eipas	have said [it] yourself	have said [it] yourself
26:26	1	δὲ	G1161	de	While	While
26:26	2	αὐτῶν	G846	autōn	they	they
26:26	3	Ἐσθιόντων	G2068	Esthiontōn	were eating	were eating
26:26	4	ὁ	G3588	ho	-	-
26:26	5	Ἰησοῦς	G2424	Iēsous	Jesus	Jesus
26:26	6	λαβὼν	G2983	labōn	took	took
26:26	7	ἄρτον	G740	arton	bread	bread
26:26	8	καὶ	G2532	kai	-	-
26:26	9	εὐλογήσας	G2127	eulogēsas	spoke a blessing	spoke a blessing
26:26	10	ἔκλασεν	G2806	eklasen	[and] broke [it]	[and] broke [it]
26:26	11	καὶ	G2532	kai	and	and
26:26	12	δοὺς	G1325	dous	gave [it]	gave [it]
26:26	13	τοῖς	G3588	tois	to the	to the
26:26	14	μαθηταῖς	G3101	mathētais	disciples	disciples
26:26	15	εἶπεν	G2036	eipen	saying	saying
26:26	16	Λάβετε	G2983	Labete	Take	Take
26:26	17	φάγετε	G5315	phagete	[and] eat	[and] eat
26:26	18	τοῦτό	G3778	touto	this	this
26:26	19	ἐστιν	G1510	estin	is	is
26:26	20	μου	G1473	mou	My	My
26:26	21	τὸ	G3588	to	-	-
26:26	22	σῶμά	G4983	sōma	body	body
26:27	1	Καὶ	G2532	Kai	Then	Then
26:27	2	λαβὼν	G2983	labōn	He took	He took
26:27	3	ποτήριον	G4221	potērion	[the] cup	[the] cup
26:27	4	καὶ	G2532	kai	-	-
26:27	5	εὐχαριστήσας	G2168	eucharistēsas	gave thanks	gave thanks
26:27	6	ἔδωκεν	G1325	edōken	[and] gave [it]	[and] gave [it]
26:27	7	αὐτοῖς	G846	autois	to them	to them
26:27	8	λέγων	G3004	legōn	saying	saying
26:27	9	Πίετε	G4095	Piete	Drink	Drink
26:27	10	ἐξ	G1537	ex	from	from
26:27	11	αὐτοῦ	G846	autou	it	it
26:27	12	πάντες	G3956	pantes	all of you	all of you
26:28	1	γάρ	G1063	gar	-	-
26:28	2	τοῦτο	G3778	touto	This	This
26:28	3	ἐστιν	G1510	estin	is	is
26:28	4	μου	G1473	mou	My	My
26:28	5	τὸ	G3588	to	-	-
26:28	6	αἷμά	G129	haima	blood	blood
26:28	7	τῆς	G3588	tēs	of the	of the
26:28	8	διαθήκης	G1242	diathēkēs	covenant	covenant
26:28	9	τὸ	G3588	to	which	which
26:28	10	ἐκχυννόμενον	G1632	ekchynnomenon	is poured out	is poured out
26:28	11	περὶ	G4012	peri	for	for
26:28	12	πολλῶν	G4183	pollōn	many	many
26:28	13	εἰς	G1519	eis	for	for
26:28	14	ἄφεσιν	G859	aphesin	[the] forgiveness	[the] forgiveness
26:28	15	ἁμαρτιῶν	G266	hamartiōn	of sins	of sins
26:29	1	δὲ	G1161	de	-	-
26:29	2	λέγω	G3004	legō	I tell	I tell
26:29	3	ὑμῖν	G4771	hymin	you	you
26:29	4	οὐ	G3756	ou	vvv	vvv
26:29	5	μὴ	G3361	mē	vvv	vvv
26:29	6	πίω	G4095	piō	I will not drink	I will not drink
26:29	7	ἐκ	G1537	ek	of	of
26:29	8	τούτου	G3778	toutou	this	this
26:29	9	τοῦ	G3588	tou	-	-
26:29	10	γενήματος	G1081	genēmatos	fruit	fruit
26:29	11	τῆς	G3588	tēs	of the	of the
26:29	12	ἀμπέλου	G288	ampelou	vine	vine
26:29	13	ἀπ’	G575	ap’	from	from
26:29	14	ἄρτι	G737	arti	now on	now on
26:29	15	ἕως	G2193	heōs	until	until
26:29	16	ἐκείνης	G1565	ekeinēs	that	that
26:29	17	τῆς	G3588	tēs	-	-
26:29	18	ἡμέρας	G2250	hēmeras	day	day
26:29	19	ὅταν	G3752	hotan	when	when
26:29	20	πίνω	G4095	pinō	I drink	I drink
26:29	21	αὐτὸ	G846	auto	it	it
26:29	22	καινὸν	G2537	kainon	anew	anew
26:29	23	μεθ’	G3326	meth’	with	with
26:29	24	ὑμῶν	G4771	hymōn	you	you
26:29	25	ἐν	G1722	en	in	in
26:29	26	μου	G1473	mou	My	My
26:29	27	τοῦ	G3588	tou	-	-
26:29	28	Πατρός	G3962	Patros	Father’s	Father’s
26:29	29	τῇ	G3588	tē	-	-
26:29	30	βασιλείᾳ	G932	basileia	kingdom	kingdom
26:30	1	Καὶ	G2532	Kai	And [when]	And [when]
26:30	2	ὑμνήσαντες	G5214	hymnēsantes	they had sung a hymn	they had sung a hymn
26:30	3	ἐξῆλθον	G1831	exēlthon	they went out	they went out
26:30	4	εἰς	G1519	eis	to	to
26:30	5	τὸ	G3588	to	the	the
26:30	6	ὄρος	G3735	oros	Mount	Mount
26:30	7	τῶν	G3588	tōn	-	-
26:30	8	Ἐλαιῶν	G1636	Elaiōn	of Olives	of Olives
26:31	1	Τότε	G5119	Tote	Then	Then
26:31	2	ὁ	G3588	ho	-	-
26:31	3	Ἰησοῦς	G2424	Iēsous	Jesus	Jesus
26:31	4	λέγει	G3004	legei	said	said
26:31	5	αὐτοῖς	G846	autois	to them	to them
26:31	6	ἐν	G1722	en	-	-
26:31	7	ταύτῃ	G3778	tautē	This	This
26:31	8	τῇ	G3588	tē	very	very
26:31	9	νυκτὶ	G3571	nykti	night	night
26:31	10	ὑμεῖς	G4771	hymeis	you	you
26:31	11	Πάντες	G3956	Pantes	vvv	vvv
26:31	12	σκανδαλισθήσεσθε	G4624	skandalisthēsesthe	will all fall away	will all fall away
26:31	13	ἐν	G1722	en	on account of	on account of
26:31	14	ἐμοὶ	G1473	emoi	Me	Me
26:31	15	γάρ	G1063	gar	For	For
26:31	16	γέγραπται	G1125	gegraptai	it is written	it is written
26:31	17	Πατάξω	G3960	Pataxō	I will strike	I will strike
26:31	18	τὸν	G3588	ton	the	the
26:31	19	ποιμένα	G4166	poimena	Shepherd	Shepherd
26:31	20	Καὶ	G2532	Kai	and	and
26:31	21	τὰ	G3588	ta	the	the
26:31	22	πρόβατα	G4263	probata	sheep	sheep
26:31	23	τῆς	G3588	tēs	of the	of the
26:31	24	ποίμνης	G4167	poimnēs	flock	flock
26:31	25	διασκορπισθήσονται	G1287	diaskorpisthēsontai	will be scattered	will be scattered
26:32	1	δὲ	G1161	de	But	But
26:32	2	Μετὰ	G3326	Meta	after	after
26:32	3	τὸ	G3588	to	-	-
26:32	4	ἐγερθῆναί	G1453	egerthēnai	I have risen	I have risen
26:32	5	με	G1473	me	I	I
26:32	6	προάξω	G4254	proaxō	will go ahead of	will go ahead of
26:32	7	ὑμᾶς	G4771	hymas	you	you
26:32	8	εἰς	G1519	eis	into	into
26:32	9	τὴν	G3588	tēn	-	-
26:32	10	Γαλιλαίαν	G1056	Galilaian	Galilee	Galilee
26:33	1	δὲ	G1161	de	-	-
26:33	2	ὁ	G3588	ho	-	-
26:33	3	Πέτρος	G4074	Petros	Peter	Peter
26:33	4	Ἀποκριθεὶς	G611	Apokritheis	-	-
26:33	5	εἶπεν	G2036	eipen	said	said
26:33	6	αὐτῷ	G846	autō	to Him	to Him
26:33	7	Εἰ	G1487	Ei	Even if	Even if
26:33	8	πάντες	G3956	pantes	all	all
26:33	9	σκανδαλισθήσονται	G4624	skandalisthēsontai	fall away	fall away
26:33	10	ἐν	G1722	en	on account of	on account of
26:33	11	σοί	G4771	soi	You	You
26:33	12	ἐγὼ	G1473	egō	I	I
26:33	13	οὐδέποτε	G3763	oudepote	never	never
26:33	14	σκανδαλισθήσομαι	G4624	skandalisthēsomai	will	will
26:34	1	Ἀμὴν	G281	Amēn	Truly	Truly
26:34	2	λέγω	G3004	legō	I tell	I tell
26:34	3	σοι	G4771	soi	you	you
26:34	4	ὁ	G3588	ho	-	-
26:34	5	Ἰησοῦς	G2424	Iēsous	Jesus	Jesus
26:34	6	Ἔφη	G5346	Ephē	declared	declared
26:34	7	αὐτῷ	G846	autō	-	-
26:34	8	ὅτι	G3754	hoti	-	-
26:34	9	ἐν	G1722	en	-	-
26:34	10	ταύτῃ	G3778	tautē	this	this
26:34	11	τῇ	G3588	tē	very	very
26:34	12	νυκτὶ	G3571	nykti	night	night
26:34	13	πρὶν	G4250	prin	before	before
26:34	14	ἀλέκτορα	G220	alektora	[the] rooster	[the] rooster
26:34	15	φωνῆσαι	G5455	phōnēsai	crows	crows
26:34	16	ἀπαρνήσῃ	G533	aparnēsē	you will deny	you will deny
26:34	17	με	G1473	me	Me	Me
26:34	18	τρὶς	G5151	tris	three times	three times
26:35	1	ὁ	G3588	ho	-	-
26:35	2	Πέτρος	G4074	Petros	Peter	Peter
26:35	3	Λέγει	G3004	Legei	replied	replied
26:35	4	αὐτῷ	G846	autō	-	-
26:35	5	Κἂν	G2579	Kan	Even if	Even if
26:35	6	δέῃ	G1163	deē	I have to	I have to
26:35	7	με	G1473	me	. . .	. . .
26:35	8	ἀποθανεῖν	G599	apothanein	die	die
26:35	9	σὺν	G4862	syn	with	with
26:35	10	σοὶ	G4771	soi	You	You
26:35	11	οὐ	G3756	ou	vvv	vvv
26:35	12	μή	G3361	mē	vvv	vvv
26:35	13	ἀπαρνήσομαι	G533	aparnēsomai	I will never deny	I will never deny
26:35	14	σε	G4771	se	You	You
26:35	15	καὶ	G2532	kai	And	And
26:35	16	πάντες	G3956	pantes	all	all
26:35	17	οἱ	G3588	hoi	the other	the other
26:35	18	μαθηταὶ	G3101	mathētai	disciples	disciples
26:35	19	εἶπαν	G2036	eipan	said	said
26:35	20	ὁμοίως	G3668	homoiōs	the same thing	the same thing
26:36	1	Τότε	G5119	Tote	Then	Then
26:36	2	ὁ	G3588	ho	-	-
26:36	3	Ἰησοῦς	G2424	Iēsous	Jesus	Jesus
26:36	4	ἔρχεται	G2064	erchetai	went	went
26:36	5	μετ’	G3326	met’	with	with
26:36	6	αὐτῶν	G846	autōn	[His disciples]	[His disciples]
26:36	7	εἰς	G1519	eis	to	to
26:36	8	χωρίον	G5564	chōrion	a place	a place
26:36	9	λεγόμενον	G3004	legomenon	called	called
26:36	10	Γεθσημανὶ	G1068	Gethsēmani	Gethsemane	Gethsemane
26:36	11	καὶ	G2532	kai	and	and
26:36	12	λέγει	G3004	legei	He told	He told
26:36	13	τοῖς	G3588	tois	-	-
26:36	14	μαθηταῖς	G3101	mathētais	[them]	[them]
26:36	15	Καθίσατε	G2523	Kathisate	Sit	Sit
26:36	16	αὐτοῦ	G847	autou	here	here
26:36	17	ἕως	G2193	heōs	while	while
26:36	18	οὗ	G3739	hou	. . .	. . .
26:36	19	ἀπελθὼν	G565	apelthōn	I go	I go
26:36	20	ἐκεῖ	G1563	ekei	over there	over there
26:36	21	προσεύξωμαι	G4336	proseuxōmai	[and] pray	[and] pray
26:37	1	Καὶ	G2532	Kai	-	-
26:37	2	παραλαβὼν	G3880	paralabōn	He took with Him	He took with Him
26:37	3	τὸν	G3588	ton	-	-
26:37	4	Πέτρον	G4074	Petron	Peter	Peter
26:37	5	καὶ	G2532	kai	and	and
26:37	6	τοὺς	G3588	tous	the	the
26:37	7	δύο	G1417	dyo	two	two
26:37	8	υἱοὺς	G5207	huious	sons	sons
26:37	9	Ζεβεδαίου	G2199	Zebedaiou	of Zebedee	of Zebedee
26:37	10	ἤρξατο	G756	ērxato	[and] began	[and] began
26:37	11	λυπεῖσθαι	G3076	lypeisthai	to be sorrowful	to be sorrowful
26:37	12	καὶ	G2532	kai	and	and
26:37	13	ἀδημονεῖν	G85	adēmonein	deeply distressed	deeply distressed
26:38	1	τότε	G5119	tote	Then	Then
26:38	2	λέγει	G3004	legei	He said	He said
26:38	3	αὐτοῖς	G846	autois	to them	to them
26:38	4	μου	G1473	mou	My	My
26:38	5	ἡ	G3588	hē	-	-
26:38	6	ψυχή	G5590	psychē	soul	soul
26:38	7	ἐστιν	G1510	estin	is	is
26:38	8	Περίλυπός	G4036	Perilypos	consumed with sorrow	consumed with sorrow
26:38	9	ἕως	G2193	heōs	to the point	to the point
26:38	10	θανάτου	G2288	thanatou	of death	of death
26:38	11	μείνατε	G3306	meinate	Stay	Stay
26:38	12	ὧδε	G5602	hōde	here	here
26:38	13	καὶ	G2532	kai	and	and
26:38	14	γρηγορεῖτε	G1127	grēgoreite	keep watch	keep watch
26:38	15	μετ’	G3326	met’	with	with
26:38	16	ἐμοῦ	G1473	emou	Me	Me
26:39	1	Καὶ	G2532	Kai	-	-
26:39	2	προελθὼν	G4281	proelthōn	Going	Going
26:39	3	μικρὸν	G3398	mikron	a little {farther}	a little {farther}
26:39	4	ἔπεσεν	G4098	epesen	He fell	He fell
26:39	5	ἐπὶ	G1909	epi	vvv	vvv
26:39	6	αὐτοῦ	G846	autou	vvv	vvv
26:39	7	πρόσωπον	G4383	prosōpon	facedown	facedown
26:39	8	προσευχόμενος	G4336	proseuchomenos	[and] prayed	[and] prayed
26:39	9	καὶ	G2532	kai	-	-
26:39	10	λέγων	G3004	legōn	-	-
26:39	11	μου	G1473	mou	My	My
26:39	12	Πάτερ	G3962	Pater	Father	Father
26:39	13	εἰ	G1487	ei	if	if
26:39	14	ἐστιν	G1510	estin	it is	it is
26:39	15	δυνατόν	G1415	dynaton	possible	possible
26:39	16	τοῦτο	G3778	touto	{let} this	{let} this
26:39	17	τὸ	G3588	to	-	-
26:39	18	ποτήριον	G4221	potērion	cup	cup
26:39	19	παρελθάτω	G3928	parelthatō	pass	pass
26:39	20	ἀπ’	G575	ap’	from	from
26:39	21	ἐμοῦ	G1473	emou	Me	Me
26:39	22	πλὴν	G4133	plēn	Yet	Yet
26:39	23	οὐχ	G3756	ouch	not	not
26:39	24	ὡς	G5613	hōs	as	as
26:39	25	ἐγὼ	G1473	egō	I	I
26:39	26	θέλω	G2309	thelō	will	will
26:39	27	ἀλλ’	G235	all’	but	but
26:39	28	ὡς	G5613	hōs	as	as
26:39	29	σύ	G4771	sy	You [will]	You [will]
26:40	1	Καὶ	G2532	Kai	Then	Then
26:40	2	ἔρχεται	G2064	erchetai	[Jesus] returned	[Jesus] returned
26:40	3	πρὸς	G4314	pros	to	to
26:40	4	τοὺς	G3588	tous	the	the
26:40	5	μαθητὰς	G3101	mathētas	disciples	disciples
26:40	6	καὶ	G2532	kai	and	and
26:40	7	εὑρίσκει	G2147	heuriskei	found	found
26:40	8	αὐτοὺς	G846	autous	them	them
26:40	9	καθεύδοντας	G2518	katheudontas	sleeping	sleeping
26:40	10	Οὕτως	G3779	Houtōs	-	-
26:40	11	οὐκ	G3756	ouk	vvv	vvv
26:40	12	ἰσχύσατε	G2480	ischysate	Were you not able	Were you not able
26:40	13	γρηγορῆσαι	G1127	grēgorēsai	to keep watch	to keep watch
26:40	14	μετ’	G3326	met’	with	with
26:40	15	ἐμοῦ	G1473	emou	Me	Me
26:40	16	μίαν	G1520	mian	[for] one	[for] one
26:40	17	ὥραν	G5610	hōran	hour	hour
26:40	18	καὶ	G2532	kai	-	-
26:40	19	λέγει	G3004	legei	He asked	He asked
26:40	20	τῷ	G3588	tō	-	-
26:40	21	Πέτρῳ	G4074	Petrō	Peter	Peter
26:41	1	γρηγορεῖτε	G1127	grēgoreite	Watch	Watch
26:41	2	καὶ	G2532	kai	and	and
26:41	3	προσεύχεσθε	G4336	proseuchesthe	pray	pray
26:41	4	ἵνα	G2443	hina	so that	so that
26:41	5	μὴ	G3361	mē	vvv	vvv
26:41	6	εἰσέλθητε	G1525	eiselthēte	you will not enter	you will not enter
26:41	7	εἰς	G1519	eis	into	into
26:41	8	πειρασμόν	G3986	peirasmon	temptation	temptation
26:41	9	μὲν	G3303	men	For	For
26:41	10	τὸ	G3588	to	the	the
26:41	11	πνεῦμα	G4151	pneuma	spirit	spirit
26:41	12	πρόθυμον	G4289	prothymon	[is] willing	[is] willing
26:41	13	δὲ	G1161	de	but	but
26:41	14	ἡ	G3588	hē	the	the
26:41	15	σὰρξ	G4561	sarx	body	body
26:41	16	ἀσθενής	G772	asthenēs	[is] weak	[is] weak
26:42	1	Πάλιν	G3825	Palin	vvv	vvv
26:42	2	ἐκ	G1537	ek	vvv	vvv
26:42	3	δευτέρου	G1208	deuterou	A second time	A second time
26:42	4	ἀπελθὼν	G565	apelthōn	He went away	He went away
26:42	5	προσηύξατο	G4336	prosēuxato	[and] prayed	[and] prayed
26:42	6	λέγων	G3004	legōn	-	-
26:42	7	μου	G1473	mou	My	My
26:42	8	Πάτερ	G3962	Pater	Father	Father
26:42	9	εἰ	G1487	ei	if	if
26:42	10	τοῦτο	G3778	touto	this [cup]	this [cup]
26:42	11	οὐ	G3756	ou	vvv	vvv
26:42	12	δύναται	G1410	dynatai	cannot	cannot
26:42	13	παρελθεῖν	G3928	parelthein	pass	pass
26:42	14	ἐὰν	G1437	ean	unless	unless
26:42	15	μὴ	G3361	mē	. . .	. . .
26:42	16	πίω	G4095	piō	I drink	I drink
26:42	17	αὐτὸ	G846	auto	it	it
26:42	18	σου	G4771	sou	{may} Your	{may} Your
26:42	19	τὸ	G3588	to	-	-
26:42	20	θέλημά	G2307	thelēma	will	will
26:42	21	γενηθήτω	G1096	genēthētō	be done	be done
26:43	1	καὶ	G2532	kai	And	And
26:43	2	πάλιν	G3825	palin	again	again
26:43	3	ἐλθὼν	G2064	elthōn	[Jesus] returned	[Jesus] returned
26:43	4	εὗρεν	G2147	heuren	[and] found	[and] found
26:43	5	αὐτοὺς	G846	autous	them	them
26:43	6	καθεύδοντας	G2518	katheudontas	sleeping	sleeping
26:43	7	γὰρ	G1063	gar	for	for
26:43	8	αὐτῶν	G846	autōn	their	their
26:43	9	οἱ	G3588	hoi	-	-
26:43	10	ὀφθαλμοὶ	G3788	ophthalmoi	eyes	eyes
26:43	11	ἦσαν	G1510	ēsan	were	were
26:43	12	βεβαρημένοι	G916	bebarēmenoi	heavy	heavy
26:44	1	Καὶ	G2532	Kai	So	So
26:44	2	ἀφεὶς	G863	apheis	He left	He left
26:44	3	αὐτοὺς	G846	autous	them	them
26:44	4	ἀπελθὼν	G565	apelthōn	[and] went away	[and] went away
26:44	5	πάλιν	G3825	palin	once more	once more
26:44	6	προσηύξατο	G4336	prosēuxato	[and] prayed	[and] prayed
26:44	7	ἐκ	G1537	ek	-	-
26:44	8	τρίτου	G5154	tritou	[a] third time	[a] third time
26:44	9	εἰπὼν	G2036	eipōn	saying	saying
26:44	10	τὸν	G3588	ton	the	the
26:44	11	αὐτὸν	G846	auton	same	same
26:44	12	λόγον	G3056	logon	thing	thing
26:44	13	πάλιν	G3825	palin	-	-
26:45	1	τότε	G5119	tote	Then	Then
26:45	2	ἔρχεται	G2064	erchetai	He returned	He returned
26:45	3	πρὸς	G4314	pros	to	to
26:45	4	τοὺς	G3588	tous	the	the
26:45	5	μαθητὰς	G3101	mathētas	disciples	disciples
26:45	6	καὶ	G2532	kai	and	and
26:45	7	λέγει	G3004	legei	said	said
26:45	8	αὐτοῖς	G846	autois	-	-
26:45	9	Καθεύδετε	G2518	Katheudete	Are you still sleeping	Are you still sleeping
26:45	10	τὸ	G3588	to	. . .	. . .
26:45	11	λοιπὸν	G3063	loipon	. . .	. . .
26:45	12	καὶ	G2532	kai	and	and
26:45	13	ἀναπαύεσθε	G373	anapauesthe	resting	resting
26:45	14	ἰδοὺ	G2400	idou	Look	Look
26:45	15	ἡ	G3588	hē	the	the
26:45	16	ὥρα	G5610	hōra	hour	hour
26:45	17	ἤγγικεν	G1448	ēngiken	is near	is near
26:45	18	καὶ	G2532	kai	and	and
26:45	19	ὁ	G3588	ho	the	the
26:45	20	Υἱὸς	G5207	Huios	Son	Son
26:45	21	τοῦ	G3588	tou	-	-
26:45	22	ἀνθρώπου	G444	anthrōpou	of Man	of Man
26:45	23	παραδίδοται	G3860	paradidotai	is betrayed	is betrayed
26:45	24	εἰς	G1519	eis	into	into
26:45	25	χεῖρας	G5495	cheiras	[the] hands	[the] hands
26:45	26	ἁμαρτωλῶν	G268	hamartōlōn	of sinners	of sinners
26:46	1	ἐγείρεσθε	G1453	egeiresthe	Rise	Rise
26:46	2	ἄγωμεν	G71	agōmen	let us go	let us go
26:46	3	ἰδοὺ	G2400	idou	See	See
26:46	4	με	G1473	me	My	My
26:46	5	ὁ	G3588	ho	-	-
26:46	6	παραδιδούς	G3860	paradidous	betrayer	betrayer
26:46	7	ἤγγικεν	G1448	ēngiken	is approaching	is approaching
26:47	1	Καὶ	G2532	Kai	While	While
26:47	2	αὐτοῦ	G846	autou	[Jesus]	[Jesus]
26:47	3	ἔτι	G2089	eti	vvv	vvv
26:47	4	λαλοῦντος	G2980	lalountos	was still speaking	was still speaking
26:47	5	ἰδοὺ	G2400	idou	-	-
26:47	6	Ἰούδας	G2455	Ioudas	Judas	Judas
26:47	7	εἷς	G1520	heis	one	one
26:47	8	τῶν	G3588	tōn	of the	of the
26:47	9	δώδεκα	G1427	dōdeka	Twelve	Twelve
26:47	10	ἦλθεν	G2064	ēlthen	arrived	arrived
26:47	11	καὶ	G2532	kai	-	-
26:47	12	μετ’	G3326	met’	accompanied by	accompanied by
26:47	13	αὐτοῦ	G846	autou	. . .	. . .
26:47	14	πολὺς	G4183	polys	a large	a large
26:47	15	ὄχλος	G3793	ochlos	crowd	crowd
26:47	16	μετὰ	G3326	meta	[armed] with	[armed] with
26:47	17	μαχαιρῶν	G3162	machairōn	swords	swords
26:47	18	καὶ	G2532	kai	and	and
26:47	19	ξύλων	G3586	xylōn	clubs	clubs
26:47	20	ἀπὸ	G575	apo	[sent] from	[sent] from
26:47	21	τῶν	G3588	tōn	the	the
26:47	22	ἀρχιερέων	G749	archiereōn	chief priests	chief priests
26:47	23	καὶ	G2532	kai	and	and
26:47	24	πρεσβυτέρων	G4245	presbyterōn	elders	elders
26:47	25	τοῦ	G3588	tou	of the	of the
26:47	26	λαοῦ	G2992	laou	people	people
26:48	1	δὲ	G1161	de	Now	Now
26:48	2	Ὁ	G3588	Ho	the	the
26:48	3	παραδιδοὺς	G3860	paradidous	betrayer	betrayer
26:48	4	αὐτὸν	G846	auton	. . .	. . .
26:48	5	ἔδωκεν	G1325	edōken	had arranged	had arranged
26:48	6	σημεῖον	G4592	sēmeion	a signal	a signal
26:48	7	αὐτοῖς	G846	autois	with them	with them
26:48	8	λέγων	G3004	legōn	-	-
26:48	9	Ὃν	G3739	Hon	The One	The One
26:48	10	ἂν	G302	an	-	-
26:48	11	φιλήσω	G5368	philēsō	I kiss	I kiss
26:48	12	ἐστιν	G1510	estin	is	is
26:48	13	αὐτός	G846	autos	[the man]	[the man]
26:48	14	κρατήσατε	G2902	kratēsate	arrest	arrest
26:48	15	αὐτόν	G846	auton	Him	Him
26:49	1	καὶ	G2532	kai	-	-
26:49	2	προσελθὼν	G4334	proselthōn	Going	Going
26:49	3	εὐθέως	G2112	eutheōs	directly	directly
26:49	4	τῷ	G3588	tō	-	-
26:49	5	Ἰησοῦ	G2424	Iēsou	to Jesus	to Jesus
26:49	6	εἶπεν	G2036	eipen	he said	he said
26:49	7	Χαῖρε	G5463	Chaire	Greetings	Greetings
26:49	8	ῥαββί	G4461	rhabbi	Rabbi	Rabbi
26:49	9	καὶ	G2532	kai	and	and
26:49	10	κατεφίλησεν	G2705	katephilēsen	kissed	kissed
26:49	11	αὐτόν	G846	auton	Him	Him
26:50	1	Ἑταῖρε	G2083	Hetaire	Friend	Friend
26:50	2	δὲ	G1161	de	-	-
26:50	3	Ὁ	G3588	Ho	-	-
26:50	4	Ἰησοῦς	G2424	Iēsous	Jesus	Jesus
26:50	5	εἶπεν	G2036	eipen	replied	replied
26:50	6	αὐτῷ	G846	autō	-	-
26:50	7	ὃ	G3739	ho	[do] what	[do] what
26:50	8	πάρει	G3918	parei	you came	you came
26:50	9	ἐφ’	G1909	eph’	for	for
26:50	10	Τότε	G5119	Tote	Then	Then
26:50	11	προσελθόντες	G4334	proselthontes	[the men] stepped forward	[the men] stepped forward
26:50	12	ἐπέβαλον	G1911	epebalon	seized	seized
26:50	13	τὰς	G3588	tas	. . .	. . .
26:50	14	χεῖρας	G5495	cheiras	. . .	. . .
26:50	15	ἐπὶ	G1909	epi	. . .	. . .
26:50	16	τὸν	G3588	ton	-	-
26:50	17	Ἰησοῦν	G2424	Iēsoun	Jesus	Jesus
26:50	18	καὶ	G2532	kai	and	and
26:50	19	ἐκράτησαν	G2902	ekratēsan	arrested	arrested
26:50	20	αὐτόν	G846	auton	Him	Him
26:51	1	καὶ	G2532	kai	At this	At this
26:51	2	ἰδοὺ	G2400	idou	. . .	. . .
26:51	3	εἷς	G1520	heis	one	one
26:51	4	τῶν	G3588	tōn	of	of
26:51	5	Ἰησοῦ	G2424	Iēsou	Jesus’	Jesus’
26:51	6	μετὰ	G3326	meta	companions	companions
26:51	7	ἐκτείνας	G1614	ekteinas	vvv	vvv
26:51	8	τὴν	G3588	tēn	vvv	vvv
26:51	9	χεῖρα	G5495	cheira	vvv	vvv
26:51	10	ἀπέσπασεν	G645	apespasen	drew	drew
26:51	11	αὐτοῦ	G846	autou	his	his
26:51	12	τὴν	G3588	tēn	-	-
26:51	13	μάχαιραν	G3162	machairan	sword	sword
26:51	14	καὶ	G2532	kai	and	and
26:51	15	πατάξας	G3960	pataxas	struck	struck
26:51	16	τὸν	G3588	ton	the	the
26:51	17	δοῦλον	G1401	doulon	servant	servant
26:51	18	τοῦ	G3588	tou	of the	of the
26:51	19	ἀρχιερέως	G749	archiereōs	high priest	high priest
26:51	20	ἀφεῖλεν	G851	apheilen	cutting off	cutting off
26:51	21	αὐτοῦ	G846	autou	his	his
26:51	22	τὸ	G3588	to	-	-
26:51	23	ὠτίον	G5621	ōtion	ear	ear
26:52	1	Ἀπόστρεψον	G654	Apostrepson	Put	Put
26:52	2	σου	G4771	sou	your	your
26:52	3	τὴν	G3588	tēn	-	-
26:52	4	μάχαιράν	G3162	machairan	sword	sword
26:52	5	εἰς	G1519	eis	back in	back in
26:52	6	αὐτῆς	G846	autēs	its	its
26:52	7	τὸν	G3588	ton	-	-
26:52	8	τόπον	G5117	topon	place	place
26:52	9	Τότε	G5119	Tote	-	-
26:52	10	Ἰησοῦς	G2424	Iēsous	Jesus	Jesus
26:52	11	αὐτῷ	G846	autō	-	-
26:52	12	λέγει	G3004	legei	said	said
26:52	13	ὁ	G3588	ho	to him	to him
26:52	14	γὰρ	G1063	gar	For	For
26:52	15	πάντες	G3956	pantes	all	all
26:52	16	οἱ	G3588	hoi	who	who
26:52	17	λαβόντες	G2983	labontes	draw	draw
26:52	18	μάχαιραν	G3162	machairan	[the] sword	[the] sword
26:52	19	ἀπολοῦνται	G622	apolountai	will die	will die
26:52	20	ἐν	G1722	en	by	by
26:52	21	μαχαίρῃ	G3162	machairē	[the] sword	[the] sword
26:53	1	ἢ	G2228	ē	-	-
26:53	2	οὐ	G3756	ou	vvv	vvv
26:53	3	δοκεῖς	G1380	dokeis	Are you not aware	Are you not aware
26:53	4	ὅτι	G3754	hoti	that	that
26:53	5	δύναμαι	G1410	dynamai	I can	I can
26:53	6	παρακαλέσαι	G3870	parakalesai	call on	call on
26:53	7	μου	G1473	mou	My	My
26:53	8	τὸν	G3588	ton	-	-
26:53	9	Πατέρα	G3962	Patera	Father	Father
26:53	10	καὶ	G2532	kai	and	and
26:53	11	παραστήσει	G3936	parastēsei	He will at once put at My disposal	He will at once put at My disposal
26:53	12	ἄρτι	G737	arti	. . .	. . .
26:53	13	μοι	G1473	moi	. . .	. . .
26:53	14	πλείω	G4119	pleiō	more than	more than
26:53	15	δώδεκα	G1427	dōdeka	twelve	twelve
26:53	16	λεγιῶνας	G3003	legiōnas	legions	legions
26:53	17	ἀγγέλων	G32	angelōn	of angels	of angels
26:54	1	πῶς	G4459	pōs	But how	But how
26:54	2	οὖν	G3767	oun	then	then
26:54	3	αἱ	G3588	hai	{would} the	{would} the
26:54	4	γραφαὶ	G1124	graphai	Scriptures	Scriptures
26:54	5	πληρωθῶσιν	G4137	plērōthōsin	be fulfilled	be fulfilled
26:54	6	ὅτι	G3754	hoti	that say	that say
26:54	7	δεῖ	G1163	dei	it must	it must
26:54	8	γενέσθαι	G1096	genesthai	happen	happen
26:54	9	οὕτως	G3779	houtōs	this way	this way
26:55	1	Ἐν	G1722	En	At	At
26:55	2	ἐκείνῃ	G1565	ekeinē	that	that
26:55	3	τῇ	G3588	tē	-	-
26:55	4	ὥρᾳ	G5610	hōra	time	time
26:55	5	ὁ	G3588	ho	-	-
26:55	6	Ἰησοῦς	G2424	Iēsous	Jesus	Jesus
26:55	7	εἶπεν	G2036	eipen	said	said
26:55	8	τοῖς	G3588	tois	to the	to the
26:55	9	ὄχλοις	G3793	ochlois	crowd	crowd
26:55	10	ἐξήλθατε	G1831	exēlthate	Have you come out	Have you come out
26:55	11	μετὰ	G3326	meta	with	with
26:55	12	μαχαιρῶν	G3162	machairōn	swords	swords
26:55	13	καὶ	G2532	kai	and	and
26:55	14	ξύλων	G3586	xylōn	clubs	clubs
26:55	15	συλλαβεῖν	G4815	syllabein	to arrest	to arrest
26:55	16	με	G1473	me	Me	Me
26:55	17	Ὡς	G5613	Hōs	as	as
26:55	18	ἐπὶ	G1909	epi	[you would]	[you would]
26:55	19	λῃστὴν	G3027	lēstēn	an outlaw	an outlaw
26:55	20	καθ’	G2596	kath’	Every	Every
26:55	21	ἡμέραν	G2250	hēmeran	day	day
26:55	22	ἐκαθεζόμην	G2516	ekathezomēn	I sat	I sat
26:55	23	διδάσκων	G1321	didaskōn	teaching	teaching
26:55	24	ἐν	G1722	en	in	in
26:55	25	τῷ	G3588	tō	the	the
26:55	26	ἱερῷ	G2411	hierō	temple [courts]	temple [courts]
26:55	27	καὶ	G2532	kai	and	and
26:55	28	οὐκ	G3756	ouk	vvv	vvv
26:55	29	ἐκρατήσατέ	G2902	ekratēsate	you did not arrest	you did not arrest
26:55	30	με	G1473	me	Me	Me
26:56	1	δὲ	G1161	de	But	But
26:56	2	Τοῦτο	G3778	Touto	this	this
26:56	3	ὅλον	G3650	holon	{has} all	{has} all
26:56	4	γέγονεν	G1096	gegonen	happened	happened
26:56	5	ἵνα	G2443	hina	so that	so that
26:56	6	αἱ	G3588	hai	the	the
26:56	7	γραφαὶ	G1124	graphai	writings	writings
26:56	8	τῶν	G3588	tōn	of the	of the
26:56	9	προφητῶν	G4396	prophētōn	prophets	prophets
26:56	10	πληρωθῶσιν	G4137	plērōthōsin	would be fulfilled	would be fulfilled
26:56	11	Τότε	G5119	Tote	Then	Then
26:56	12	πάντες	G3956	pantes	all	all
26:56	13	οἱ	G3588	hoi	the	the
26:56	14	μαθηταὶ	G3101	mathētai	disciples	disciples
26:56	15	ἀφέντες	G863	aphentes	deserted	deserted
26:56	16	αὐτὸν	G846	auton	Him	Him
26:56	17	ἔφυγον	G5343	ephygon	[and] fled	[and] fled
26:57	1	δὲ	G1161	de	-	-
26:57	2	Οἱ	G3588	Hoi	Those	Those
26:57	3	κρατήσαντες	G2902	kratēsantes	who had arrested	who had arrested
26:57	4	τὸν	G3588	ton	-	-
26:57	5	Ἰησοῦν	G2424	Iēsoun	Jesus	Jesus
26:57	6	ἀπήγαγον	G520	apēgagon	led [Him] away	led [Him] away
26:57	7	πρὸς	G4314	pros	to [the house of]	to [the house of]
26:57	8	Καϊάφαν	G2533	Kaiaphan	Caiaphas	Caiaphas
26:57	9	τὸν	G3588	ton	the	the
26:57	10	ἀρχιερέα	G749	archierea	high priest	high priest
26:57	11	ὅπου	G3699	hopou	where	where
26:57	12	οἱ	G3588	hoi	the	the
26:57	13	γραμματεῖς	G1122	grammateis	scribes	scribes
26:57	14	καὶ	G2532	kai	and	and
26:57	15	οἱ	G3588	hoi	-	-
26:57	16	πρεσβύτεροι	G4245	presbyteroi	elders	elders
26:57	17	συνήχθησαν	G4863	synēchthēsan	had gathered	had gathered
26:58	1	δὲ	G1161	de	But	But
26:58	2	ὁ	G3588	ho	-	-
26:58	3	Πέτρος	G4074	Petros	Peter	Peter
26:58	4	ἠκολούθει	G190	ēkolouthei	followed	followed
26:58	5	αὐτῷ	G846	autō	Him	Him
26:58	6	ἀπὸ	G575	apo	at	at
26:58	7	μακρόθεν	G3113	makrothen	a distance	a distance
26:58	8	ἕως	G2193	heōs	right up	right up
26:58	9	τῆς	G3588	tēs	to the	to the
26:58	10	αὐλῆς	G833	aulēs	courtyard	courtyard
26:58	11	τοῦ	G3588	tou	of the	of the
26:58	12	ἀρχιερέως	G749	archiereōs	high priest	high priest
26:58	13	καὶ	G2532	kai	And	And
26:58	14	εἰσελθὼν	G1525	eiselthōn	he went	he went
26:58	15	ἔσω	G2080	esō	in	in
26:58	16	ἐκάθητο	G2521	ekathēto	[and] sat down	[and] sat down
26:58	17	μετὰ	G3326	meta	with	with
26:58	18	τῶν	G3588	tōn	the	the
26:58	19	ὑπηρετῶν	G5257	hypēretōn	guards	guards
26:58	20	ἰδεῖν	G3708	idein	to see	to see
26:58	21	τὸ	G3588	to	the	the
26:58	22	τέλος	G5056	telos	outcome	outcome
26:59	1	δὲ	G1161	de	Now	Now
26:59	2	Οἱ	G3588	Hoi	the	the
26:59	3	ἀρχιερεῖς	G749	archiereis	chief priests	chief priests
26:59	4	καὶ	G2532	kai	and	and
26:59	5	τὸ	G3588	to	the	the
26:59	6	ὅλον	G3650	holon	whole	whole
26:59	7	συνέδριον	G4892	synedrion	Sanhedrin	Sanhedrin
26:59	8	ἐζήτουν	G2212	ezētoun	were seeking	were seeking
26:59	9	ψευδομαρτυρίαν	G5577	pseudomartyrian	false testimony	false testimony
26:59	10	κατὰ	G2596	kata	against	against
26:59	11	τοῦ	G3588	tou	-	-
26:59	12	Ἰησοῦ	G2424	Iēsou	Jesus	Jesus
26:59	13	ὅπως	G3704	hopōs	in order to	in order to
26:59	14	θανατώσωσιν	G2289	thanatōsōsin	put Him to death	put Him to death
26:59	15	αὐτὸν	G846	auton	. . .	. . .
26:60	1	καὶ	G2532	kai	But	But
26:60	2	οὐχ	G3756	ouch	vvv	vvv
26:60	3	εὗρον	G2147	heuron	they did not find any	they did not find any
26:60	4	πολλῶν	G4183	pollōn	[though] many	[though] many
26:60	5	ψευδομαρτύρων	G5575	pseudomartyrōn	false witnesses	false witnesses
26:60	6	προσελθόντων	G4334	proselthontōn	came forward	came forward
26:60	7	δὲ	G1161	de	Finally	Finally
26:60	8	Ὕστερον	G5305	Hysteron	. . .	. . .
26:60	9	δύο	G1417	dyo	two	two
26:60	10	προσελθόντες	G4334	proselthontes	came forward	came forward
26:61	1	εἶπαν	G2036	eipan	[and] declared	[and] declared
26:61	2	Οὗτος	G3778	Houtos	This [man]	This [man]
26:61	3	ἔφη	G5346	ephē	said	said
26:61	4	Δύναμαι	G1410	Dynamai	I am able	I am able
26:61	5	καταλῦσαι	G2647	katalysai	to destroy	to destroy
26:61	6	τὸν	G3588	ton	the	the
26:61	7	ναὸν	G3485	naon	temple	temple
26:61	8	τοῦ	G3588	tou	-	-
26:61	9	Θεοῦ	G2316	Theou	of God	of God
26:61	10	καὶ	G2532	kai	and	and
26:61	11	οἰκοδομῆσαι	G3618	oikodomēsai	rebuild it	rebuild it
26:61	12	διὰ	G1223	dia	in	in
26:61	13	τριῶν	G5140	triōn	three	three
26:61	14	ἡμερῶν	G2250	hēmerōn	days	days
26:62	1	Καὶ	G2532	Kai	So	So
26:62	2	ὁ	G3588	ho	the	the
26:62	3	ἀρχιερεὺς	G749	archiereus	high priest	high priest
26:62	4	ἀναστὰς	G450	anastas	stood up	stood up
26:62	5	εἶπεν	G2036	eipen	[and] asked	[and] asked
26:62	6	αὐτῷ	G846	autō	Him	Him
26:62	7	ἀποκρίνῃ	G611	apokrinē	Have You no answer	Have You no answer
26:62	8	Οὐδὲν	G3762	Ouden	. . .	. . .
26:62	9	τί	G5101	ti	What	What
26:62	10	οὗτοί	G3778	houtoi	{are} these [men]	{are} these [men]
26:62	11	καταμαρτυροῦσιν	G2649	katamartyrousin	testifying against	testifying against
26:62	12	σου	G4771	sou	You	You
26:63	1	δὲ	G1161	de	But	But
26:63	2	Ὁ	G3588	Ho	-	-
26:63	3	Ἰησοῦς	G2424	Iēsous	Jesus	Jesus
26:63	4	ἐσιώπα	G4623	esiōpa	remained silent	remained silent
26:63	5	Καὶ	G2532	Kai	Then	Then
26:63	6	ὁ	G3588	ho	the	the
26:63	7	ἀρχιερεὺς	G749	archiereus	high priest	high priest
26:63	8	εἶπεν	G2036	eipen	said	said
26:63	9	αὐτῷ	G846	autō	to Him	to Him
26:63	10	Ἐξορκίζω	G1844	Exorkizō	I charge You under oath	I charge You under oath
26:63	11	σε	G4771	se	. . .	. . .
26:63	12	κατὰ	G2596	kata	by	by
26:63	13	τοῦ	G3588	tou	-	-
26:63	14	τοῦ	G3588	tou	the	the
26:63	15	ζῶντος	G2198	zōntos	living	living
26:63	16	Θεοῦ	G2316	Theou	God	God
26:63	17	ἵνα	G2443	hina	-	-
26:63	18	εἴπῃς	G2036	eipēs	Tell	Tell
26:63	19	ἡμῖν	G1473	hēmin	us	us
26:63	20	εἰ	G1487	ei	if	if
26:63	21	σὺ	G4771	sy	You	You
26:63	22	εἶ	G1510	ei	are	are
26:63	23	ὁ	G3588	ho	the	the
26:63	24	Χριστὸς	G5547	Christos	Christ	Christ
26:63	25	ὁ	G3588	ho	the	the
26:63	26	Υἱὸς	G5207	Huios	Son	Son
26:63	27	τοῦ	G3588	tou	-	-
26:63	28	Θεοῦ	G2316	Theou	of God	of God
26:64	1	Σὺ	G4771	Sy	You	You
26:64	2	εἶπας	G2036	eipas	have said [it] yourself	have said [it] yourself
26:64	3	ὁ	G3588	ho	-	-
26:64	4	Ἰησοῦς	G2424	Iēsous	Jesus	Jesus
26:64	5	Λέγει	G3004	Legei	answered	answered
26:64	6	αὐτῷ	G846	autō	. . .	. . .
26:64	7	πλὴν	G4133	plēn	But	But
26:64	8	λέγω	G3004	legō	I say	I say
26:64	9	ὑμῖν	G4771	hymin	to all of you	to all of you
26:64	10	ἀπ’	G575	ap’	from	from
26:64	11	ἄρτι	G737	arti	now on	now on
26:64	12	ὄψεσθε	G3708	opsesthe	you will see	you will see
26:64	13	τὸν	G3588	ton	the	the
26:64	14	Υἱὸν	G5207	Huion	Son	Son
26:64	15	τοῦ	G3588	tou	-	-
26:64	16	ἀνθρώπου	G444	anthrōpou	of Man	of Man
26:64	17	καθήμενον	G2521	kathēmenon	sitting	sitting
26:64	18	ἐκ	G1537	ek	at	at
26:64	19	δεξιῶν	G1188	dexiōn	[the] right hand	[the] right hand
26:64	20	τῆς	G3588	tēs	-	-
26:64	21	δυνάμεως	G1411	dynameōs	of Power	of Power
26:64	22	καὶ	G2532	kai	and	and
26:64	23	ἐρχόμενον	G2064	erchomenon	coming	coming
26:64	24	ἐπὶ	G1909	epi	on	on
26:64	25	τῶν	G3588	tōn	the	the
26:64	26	νεφελῶν	G3507	nephelōn	clouds	clouds
26:64	27	τοῦ	G3588	tou	-	-
26:64	28	οὐρανοῦ	G3772	ouranou	of heaven	of heaven
26:65	1	Τότε	G5119	Tote	At this	At this
26:65	2	ὁ	G3588	ho	the	the
26:65	3	ἀρχιερεὺς	G749	archiereus	high priest	high priest
26:65	4	διέρρηξεν	G1284	dierrēxen	tore	tore
26:65	5	αὐτοῦ	G846	autou	his	his
26:65	6	τὰ	G3588	ta	-	-
26:65	7	ἱμάτια	G2440	himatia	clothes	clothes
26:65	8	λέγων	G3004	legōn	[and] declared	[and] declared
26:65	9	Ἐβλασφήμησεν	G987	Eblasphēmēsen	He has blasphemed	He has blasphemed
26:65	10	τί	G5101	ti	Why	Why
26:65	11	ἔχομεν	G2192	echomen	do we	do we
26:65	12	χρείαν	G5532	chreian	need	need
26:65	13	ἔτι	G2089	eti	any more	any more
26:65	14	μαρτύρων	G3144	martyrōn	witnesses	witnesses
26:65	15	ἴδε	G2400	ide	Look	Look
26:65	16	νῦν	G3568	nyn	now	now
26:65	17	ἠκούσατε	G191	ēkousate	you have heard	you have heard
26:65	18	τὴν	G3588	tēn	the	the
26:65	19	βλασφημίαν	G988	blasphēmian	blasphemy	blasphemy
26:66	1	τί	G5101	ti	What	What
26:66	2	ὑμῖν	G4771	hymin	{do} you	{do} you
26:66	3	δοκεῖ	G1380	dokei	think	think
26:66	4	ἐστίν	G1510	estin	vvv	vvv
26:66	5	Ἔνοχος	G1777	Enochos	He deserves	He deserves
26:66	6	θανάτου	G2288	thanatou	to die	to die
26:66	7	δὲ	G1161	de	-	-
26:66	8	Οἱ	G3588	Hoi	-	-
26:66	9	ἀποκριθέντες	G611	apokrithentes	they answered	they answered
26:66	10	εἶπαν	G2036	eipan	. . .	. . .
26:67	1	Τότε	G5119	Tote	Then	Then
26:67	2	ἐνέπτυσαν	G1716	eneptysan	they spit	they spit
26:67	3	εἰς	G1519	eis	in	in
26:67	4	αὐτοῦ	G846	autou	His	His
26:67	5	τὸ	G3588	to	-	-
26:67	6	πρόσωπον	G4383	prosōpon	face	face
26:67	7	καὶ	G2532	kai	and	and
26:67	8	ἐκολάφισαν	G2852	ekolaphisan	struck	struck
26:67	9	αὐτόν	G846	auton	Him	Him
26:67	10	δὲ	G1161	de	-	-
26:67	11	οἱ	G3588	hoi	Others	Others
26:67	12	ἐράπισαν	G4474	erapisan	slapped [Him]	slapped [Him]
26:68	1	λέγοντες	G3004	legontes	[and] said	[and] said
26:68	2	Προφήτευσον	G4395	Prophēteuson	Prophesy	Prophesy
26:68	3	ἡμῖν	G1473	hēmin	to us	to us
26:68	4	Χριστέ	G5547	Christe	Christ	Christ
26:68	5	τίς	G5101	tis	Who	Who
26:68	6	ἐστιν	G1510	estin	. . .	. . .
26:68	7	ὁ	G3588	ho	. . .	. . .
26:68	8	παίσας	G3817	paisas	hit	hit
26:68	9	σε	G4771	se	You	You
26:69	1	δὲ	G1161	de	Meanwhile	Meanwhile
26:69	2	Ὁ	G3588	Ho	-	-
26:69	3	Πέτρος	G4074	Petros	Peter	Peter
26:69	4	ἐκάθητο	G2521	ekathēto	was sitting	was sitting
26:69	5	ἔξω	G1854	exō	out	out
26:69	6	ἐν	G1722	en	in	in
26:69	7	τῇ	G3588	tē	the	the
26:69	8	αὐλῇ	G833	aulē	courtyard	courtyard
26:69	9	καὶ	G2532	kai	and	and
26:69	10	μία	G1520	mia	a	a
26:69	11	παιδίσκη	G3814	paidiskē	servant girl	servant girl
26:69	12	προσῆλθεν	G4334	prosēlthen	came up	came up
26:69	13	αὐτῷ	G846	autō	to him	to him
26:69	14	σὺ	G4771	sy	You	You
26:69	15	Καὶ	G2532	Kai	also	also
26:69	16	ἦσθα	G1510	ēstha	were	were
26:69	17	μετὰ	G3326	meta	with	with
26:69	18	Ἰησοῦ	G2424	Iēsou	Jesus	Jesus
26:69	19	τοῦ	G3588	tou	the	the
26:69	20	Γαλιλαίου	G1057	Galilaiou	Galilean	Galilean
26:69	21	λέγουσα	G3004	legousa	she said	she said
26:70	1	δὲ	G1161	de	But	But
26:70	2	Ὁ	G3588	Ho	-	-
26:70	3	ἠρνήσατο	G720	ērnēsato	he denied [it]	he denied [it]
26:70	4	ἔμπροσθεν	G1715	emprosthen	before	before
26:70	5	πάντων	G3956	pantōn	[them] all	[them] all
26:70	6	λέγων	G3004	legōn	-	-
26:70	7	Οὐκ	G3756	Ouk	vvv	vvv
26:70	8	οἶδα	G1492	oida	I do not know	I do not know
26:70	9	τί	G5101	ti	what	what
26:70	10	λέγεις	G3004	legeis	you are talking about	you are talking about
26:71	1	δὲ	G1161	de	When	When
26:71	2	Ἐξελθόντα	G1831	Exelthonta	[Peter] had gone out	[Peter] had gone out
26:71	3	εἰς	G1519	eis	to	to
26:71	4	τὸν	G3588	ton	the	the
26:71	5	πυλῶνα	G4440	pylōna	gateway	gateway
26:71	6	ἄλλη	G243	allē	another [servant girl]	another [servant girl]
26:71	7	εἶδεν	G3708	eiden	saw	saw
26:71	8	αὐτὸν	G846	auton	him	him
26:71	9	καὶ	G2532	kai	and	and
26:71	10	λέγει	G3004	legei	said	said
26:71	11	τοῖς	G3588	tois	to the people	to the people
26:71	12	ἐκεῖ	G1563	ekei	there	there
26:71	13	Οὗτος	G3778	Houtos	This [man]	This [man]
26:71	14	ἦν	G1510	ēn	was	was
26:71	15	μετὰ	G3326	meta	with	with
26:71	16	Ἰησοῦ	G2424	Iēsou	Jesus	Jesus
26:71	17	τοῦ	G3588	tou	of	of
26:71	18	Ναζωραίου	G3480	Nazōraiou	Nazareth	Nazareth
26:72	1	Καὶ	G2532	Kai	And	And
26:72	2	πάλιν	G3825	palin	again	again
26:72	3	ἠρνήσατο	G720	ērnēsato	he denied [it]	he denied [it]
26:72	4	μετὰ	G3326	meta	with	with
26:72	5	ὅρκου	G3727	horkou	an oath	an oath
26:72	6	ὅτι	G3754	hoti	-	-
26:72	7	Οὐκ	G3756	Ouk	vvv	vvv
26:72	8	οἶδα	G1492	oida	I do not know	I do not know
26:72	9	τὸν	G3588	ton	the	the
26:72	10	ἄνθρωπον	G444	anthrōpon	man	man
26:73	1	δὲ	G1161	de	-	-
26:73	2	Μετὰ	G3326	Meta	After	After
26:73	3	μικρὸν	G3398	mikron	a little while	a little while
26:73	4	οἱ	G3588	hoi	those	those
26:73	5	ἑστῶτες	G2476	hestōtes	standing nearby	standing nearby
26:73	6	προσελθόντες	G4334	proselthontes	came up	came up
26:73	7	τῷ	G3588	tō	-	-
26:73	8	Πέτρῳ	G4074	Petrō	to Peter	to Peter
26:73	9	Ἀληθῶς	G230	Alēthōs	Surely	Surely
26:73	10	σὺ	G4771	sy	you	you
26:73	11	καὶ	G2532	kai	-	-
26:73	12	εἶ	G1510	ei	are	are
26:73	13	ἐξ	G1537	ex	one of	one of
26:73	14	αὐτῶν	G846	autōn	them	them
26:73	15	εἶπον	G2036	eipon	they said	they said
26:73	16	γὰρ	G1063	gar	for	for
26:73	17	καὶ	G2532	kai	-	-
26:73	18	σου	G4771	sou	your	your
26:73	19	ἡ	G3588	hē	-	-
26:73	20	λαλιά	G2981	lalia	accent	accent
26:73	21	ποιεῖ	G4160	poiei	gives	gives
26:73	22	σε	G4771	se	you	you
26:73	23	δῆλόν	G1212	dēlon	away	away
26:74	1	Τότε	G5119	Tote	At that	At that
26:74	2	ἤρξατο	G756	ērxato	he began	he began
26:74	3	καταθεματίζειν	G2653	katathematizein	to curse	to curse
26:74	4	καὶ	G2532	kai	and	and
26:74	5	ὀμνύειν	G3660	omnyein	swear [to them]	swear [to them]
26:74	6	ὅτι	G3754	hoti	-	-
26:74	7	Οὐκ	G3756	Ouk	vvv	vvv
26:74	8	οἶδα	G1492	oida	I do not know	I do not know
26:74	9	τὸν	G3588	ton	the	the
26:74	10	ἄνθρωπον	G444	anthrōpon	man	man
26:74	11	Καὶ	G2532	Kai	And	And
26:74	12	εὐθέως	G2112	eutheōs	immediately	immediately
26:74	13	ἀλέκτωρ	G220	alektōr	a rooster	a rooster
26:74	14	ἐφώνησεν	G5455	ephōnēsen	crowed	crowed
26:75	1	Καὶ	G2532	Kai	Then	Then
26:75	2	ὁ	G3588	ho	-	-
26:75	3	Πέτρος	G4074	Petros	Peter	Peter
26:75	4	ἐμνήσθη	G3403	emnēsthē	remembered	remembered
26:75	5	τοῦ	G3588	tou	the	the
26:75	6	ῥήματος	G4487	rhēmatos	word [that]	word [that]
26:75	7	Ἰησοῦ	G2424	Iēsou	Jesus	Jesus
26:75	8	εἰρηκότος	G2046	eirēkotos	had spoken	had spoken
26:75	9	ὅτι	G3754	hoti	-	-
26:75	10	Πρὶν	G4250	Prin	Before	Before
26:75	11	ἀλέκτορα	G220	alektora	[the] rooster	[the] rooster
26:75	12	φωνῆσαι	G5455	phōnēsai	crows	crows
26:75	13	ἀπαρνήσῃ	G533	aparnēsē	you will deny	you will deny
26:75	14	με	G1473	me	Me	Me
26:75	15	τρὶς	G5151	tris	three times	three times
26:75	16	καὶ	G2532	kai	And	And
26:75	17	ἐξελθὼν	G1831	exelthōn	he went	he went
26:75	18	ἔξω	G1854	exō	outside	outside
26:75	19	ἔκλαυσεν	G2799	eklausen	[and] wept	[and] wept
26:75	20	πικρῶς	G4090	pikrōs	bitterly	bitterly
27:1	1	δὲ	G1161	de	When	When
27:1	2	Πρωΐας	G4405	Prōias	morning	morning
27:1	3	γενομένης	G1096	genomenēs	came	came
27:1	4	πάντες	G3956	pantes	all	all
27:1	5	οἱ	G3588	hoi	the	the
27:1	6	ἀρχιερεῖς	G749	archiereis	chief priests	chief priests
27:1	7	καὶ	G2532	kai	and	and
27:1	8	οἱ	G3588	hoi	-	-
27:1	9	πρεσβύτεροι	G4245	presbyteroi	elders	elders
27:1	10	τοῦ	G3588	tou	of the	of the
27:1	11	λαοῦ	G2992	laou	people	people
27:1	12	ἔλαβον	G2983	elabon	vvv	vvv
27:1	13	συμβούλιον	G4824	symboulion	conspired	conspired
27:1	14	κατὰ	G2596	kata	against	against
27:1	15	τοῦ	G3588	tou	-	-
27:1	16	Ἰησοῦ	G2424	Iēsou	Jesus	Jesus
27:1	17	ὥστε	G5620	hōste	to	to
27:1	18	θανατῶσαι	G2289	thanatōsai	put Him to death	put Him to death
27:1	19	αὐτόν	G846	auton	. . .	. . .
27:2	1	καὶ	G2532	kai	-	-
27:2	2	δήσαντες	G1210	dēsantes	They bound	They bound
27:2	3	αὐτὸν	G846	auton	Him	Him
27:2	4	ἀπήγαγον	G520	apēgagon	led [Him] away	led [Him] away
27:2	5	καὶ	G2532	kai	and	and
27:2	6	παρέδωκαν	G3860	paredōkan	handed [Him] over to	handed [Him] over to
27:2	7	Πιλάτῳ	G4091	Pilatō	Pilate	Pilate
27:2	8	τῷ	G3588	tō	the	the
27:2	9	ἡγεμόνι	G2232	hēgemoni	governor	governor
27:3	1	Τότε	G5119	Tote	When	When
27:3	2	Ἰούδας	G2455	Ioudas	Judas	Judas
27:3	3	ὁ	G3588	ho	who	who
27:3	4	παραδιδοὺς	G3860	paradidous	had betrayed Him	had betrayed Him
27:3	5	αὐτὸν	G846	auton	. . .	. . .
27:3	6	ἰδὼν	G3708	idōn	saw	saw
27:3	7	ὅτι	G3754	hoti	that	that
27:3	8	κατεκρίθη	G2632	katekrithē	[Jesus] was condemned	[Jesus] was condemned
27:3	9	μεταμεληθεὶς	G3338	metamelētheis	he was filled with remorse	he was filled with remorse
27:3	10	ἔστρεψεν	G4762	estrepsen	[and] returned	[and] returned
27:3	11	τὰ	G3588	ta	the	the
27:3	12	τριάκοντα	G5144	triakonta	thirty	thirty
27:3	13	ἀργύρια	G694	argyria	pieces of silver	pieces of silver
27:3	14	τοῖς	G3588	tois	to the	to the
27:3	15	ἀρχιερεῦσιν	G749	archiereusin	chief priests	chief priests
27:3	16	καὶ	G2532	kai	and	and
27:3	17	πρεσβυτέροις	G4245	presbyterois	elders	elders
27:4	1	Ἥμαρτον	G264	Hēmarton	I have sinned	I have sinned
27:4	2	παραδοὺς	G3860	paradous	by betraying	by betraying
27:4	3	ἀθῷον	G121	athōon	innocent	innocent
27:4	4	αἷμα	G129	haima	blood	blood
27:4	5	λέγων	G3004	legōn	he said	he said
27:4	6	Τί	G5101	Ti	What [is that]	What [is that]
27:4	7	πρὸς	G4314	pros	to	to
27:4	8	ἡμᾶς	G1473	hēmas	us	us
27:4	9	δὲ	G1161	de	-	-
27:4	10	Οἱ	G3588	Hoi	-	-
27:4	11	εἶπαν	G2036	eipan	they replied	they replied
27:4	12	σὺ	G4771	sy	You	You
27:4	13	ὄψῃ	G3708	opsē	bear the responsibility	bear the responsibility
27:5	1	Καὶ	G2532	Kai	So	So
27:5	2	ῥίψας	G4496	rhipsas	[Judas] threw	[Judas] threw
27:5	3	τὰ	G3588	ta	the	the
27:5	4	ἀργύρια	G694	argyria	silver	silver
27:5	5	εἰς	G1519	eis	into	into
27:5	6	τὸν	G3588	ton	the	the
27:5	7	ναὸν	G3485	naon	temple	temple
27:5	8	ἀνεχώρησεν	G402	anechōrēsen	and left	and left
27:5	9	ἀπελθὼν	G565	apelthōn	Then he went away	Then he went away
27:5	10	καὶ	G2532	kai	and	and
27:5	11	ἀπήγξατο	G519	apēnxato	hanged himself	hanged himself
27:6	1	δὲ	G1161	de	-	-
27:6	2	Οἱ	G3588	Hoi	The	The
27:6	3	ἀρχιερεῖς	G749	archiereis	chief priests	chief priests
27:6	4	λαβόντες	G2983	labontes	picked up	picked up
27:6	5	τὰ	G3588	ta	the	the
27:6	6	ἀργύρια	G694	argyria	pieces of silver	pieces of silver
27:6	7	εἶπαν	G2036	eipan	[and] said	[and] said
27:6	8	Οὐκ	G3756	Ouk	vvv	vvv
27:6	9	ἔξεστιν	G1832	exestin	It is unlawful	It is unlawful
27:6	10	βαλεῖν	G906	balein	to put	to put
27:6	11	αὐτὰ	G846	auta	this	this
27:6	12	εἰς	G1519	eis	into	into
27:6	13	τὸν	G3588	ton	the	the
27:6	14	κορβανᾶν	G2878	korbanan	treasury	treasury
27:6	15	ἐπεὶ	G1893	epei	since	since
27:6	16	ἐστιν	G1510	estin	it is	it is
27:6	17	αἵματός	G129	haimatos	blood	blood
27:6	18	τιμὴ	G5092	timē	money	money
27:7	1	δὲ	G1161	de	[After]	[After]
27:7	2	λαβόντες	G2983	labontes	conferring together	conferring together
27:7	3	συμβούλιον	G4824	symboulion	. . .	. . .
27:7	4	ἐξ	G1537	ex	[they used]	[they used]
27:7	5	αὐτῶν	G846	autōn	[the money]	[the money]
27:7	6	ἠγόρασαν	G59	ēgorasan	to buy	to buy
27:7	7	τὸν	G3588	ton	the	the
27:7	8	τοῦ	G3588	tou	vvv	vvv
27:7	9	κεραμέως	G2763	kerameōs	potter’s	potter’s
27:7	10	ἀγρὸν	G68	agron	field	field
27:7	11	εἰς	G1519	eis	as	as
27:7	12	ταφὴν	G5027	taphēn	a burial place	a burial place
27:7	13	τοῖς	G3588	tois	for	for
27:7	14	ξένοις	G3581	xenois	foreigners	foreigners
27:8	1	διὸ	G1352	dio	That is why	That is why
27:8	2	ἐκεῖνος	G1565	ekeinos	-	-
27:8	3	ὁ	G3588	ho	-	-
27:8	4	ἀγρὸς	G68	agros	[it]	[it]
27:8	5	ἐκλήθη	G2564	eklēthē	has been called	has been called
27:8	6	Ἀγρὸς	G68	Agros	the Field	the Field
27:8	7	αἵματος	G129	haimatos	of Blood	of Blood
27:8	8	ἕως	G2193	heōs	to	to
27:8	9	τῆς	G3588	tēs	-	-
27:8	10	σήμερον	G4594	sēmeron	this day	this day
27:9	1	τότε	G5119	tote	Then	Then
27:9	2	τὸ	G3588	to	what	what
27:9	3	ῥηθὲν	G2046	rhēthen	was spoken	was spoken
27:9	4	διὰ	G1223	dia	through	through
27:9	5	Ἰερεμίου	G2408	Ieremiou	Jeremiah	Jeremiah
27:9	6	τοῦ	G3588	tou	the	the
27:9	7	προφήτου	G4396	prophētou	prophet	prophet
27:9	8	ἐπληρώθη	G4137	eplērōthē	was fulfilled	was fulfilled
27:9	9	λέγοντος	G3004	legontos	-	-
27:9	10	Καὶ	G2532	Kai	-	-
27:9	11	ἔλαβον	G2983	elabon	They took	They took
27:9	12	τὰ	G3588	ta	the	the
27:9	13	τριάκοντα	G5144	triakonta	thirty	thirty
27:9	14	ἀργύρια	G694	argyria	pieces of silver	pieces of silver
27:9	15	τὴν	G3588	tēn	the	the
27:9	16	τιμὴν	G5092	timēn	price	price
27:9	17	τοῦ	G3588	tou	set on Him	set on Him
27:9	18	τετιμημένου	G5091	tetimēmenou	. . .	. . .
27:9	19	ὃν	G3739	hon	. . .	. . .
27:9	20	ἐτιμήσαντο	G5091	etimēsanto	. . .	. . .
27:9	21	ἀπὸ	G575	apo	by	by
27:9	22	υἱῶν	G5207	huiōn	[the] people	[the] people
27:9	23	Ἰσραήλ	G2474	Israēl	of Israel	of Israel
27:10	1	καὶ	G2532	kai	and	and
27:10	2	ἔδωκαν	G1325	edōkan	they gave	they gave
27:10	3	αὐτὰ	G846	auta	them	them
27:10	4	εἰς	G1519	eis	for	for
27:10	5	τὸν	G3588	ton	the	the
27:10	6	τοῦ	G3588	tou	vvv	vvv
27:10	7	κεραμέως	G2763	kerameōs	potter’s	potter’s
27:10	8	ἀγρὸν	G68	agron	field	field
27:10	9	καθὰ	G2505	katha	as	as
27:10	10	Κύριος	G2962	Kyrios	[the] Lord	[the] Lord
27:10	11	συνέταξέν	G4929	synetaxen	had commanded	had commanded
27:10	12	μοι	G1473	moi	me	me
27:11	1	δὲ	G1161	de	Meanwhile	Meanwhile
27:11	2	Ὁ	G3588	Ho	-	-
27:11	3	Ἰησοῦς	G2424	Iēsous	Jesus	Jesus
27:11	4	ἐστάθη	G2476	estathē	stood	stood
27:11	5	ἔμπροσθεν	G1715	emprosthen	before	before
27:11	6	τοῦ	G3588	tou	the	the
27:11	7	ἡγεμόνος	G2232	hēgemonos	governor	governor
27:11	8	καὶ	G2532	kai	-	-
27:11	9	ὁ	G3588	ho	who	who
27:11	10	ἡγεμὼν	G2232	hēgemōn	-	-
27:11	11	ἐπηρώτησεν	G1905	epērōtēsen	questioned	questioned
27:11	12	αὐτὸν	G846	auton	Him	Him
27:11	13	λέγων	G3004	legōn	-	-
27:11	14	εἶ	G1510	ei	Are	Are
27:11	15	Σὺ	G4771	Sy	You	You
27:11	16	ὁ	G3588	ho	the	the
27:11	17	Βασιλεὺς	G935	Basileus	King	King
27:11	18	τῶν	G3588	tōn	of the	of the
27:11	19	Ἰουδαίων	G2453	Ioudaiōn	Jews	Jews
27:11	20	Σὺ	G4771	Sy	You	You
27:11	21	λέγεις	G3004	legeis	have said [so]	have said [so]
27:11	22	δὲ	G1161	de	-	-
27:11	23	Ὁ	G3588	Ho	-	-
27:11	24	Ἰησοῦς	G2424	Iēsous	Jesus	Jesus
27:11	25	ἔφη	G5346	ephē	replied	replied
27:12	1	Καὶ	G2532	Kai	And	And
27:12	2	ἐν	G1722	en	vvv	vvv
27:12	3	τῷ	G3588	tō	vvv	vvv
27:12	4	αὐτὸν	G846	auton	vvv	vvv
27:12	5	κατηγορεῖσθαι	G2723	katēgoreisthai	when He was accused	when He was accused
27:12	6	ὑπὸ	G5259	hypo	by	by
27:12	7	τῶν	G3588	tōn	the	the
27:12	8	ἀρχιερέων	G749	archiereōn	chief priests	chief priests
27:12	9	καὶ	G2532	kai	and	and
27:12	10	πρεσβυτέρων	G4245	presbyterōn	elders	elders
27:12	11	ἀπεκρίνατο	G611	apekrinato	He gave no answer	He gave no answer
27:12	12	οὐδὲν	G3762	ouden	. . .	. . .
27:13	1	Τότε	G5119	Tote	Then	Then
27:13	2	ὁ	G3588	ho	-	-
27:13	3	Πιλᾶτος	G4091	Pilatos	Pilate	Pilate
27:13	4	λέγει	G3004	legei	asked	asked
27:13	5	αὐτῷ	G846	autō	Him	Him
27:13	6	Οὐκ	G3756	Ouk	vvv	vvv
27:13	7	ἀκούεις	G191	akoueis	Do You not hear	Do You not hear
27:13	8	πόσα	G4214	posa	how many	how many
27:13	9	καταμαρτυροῦσιν	G2649	katamartyrousin	charges they are bringing against	charges they are bringing against
27:13	10	σου	G4771	sou	You	You
27:14	1	Καὶ	G2532	Kai	But	But
27:14	2	οὐκ	G3756	ouk	vvv	vvv
27:14	3	ἀπεκρίθη	G611	apekrithē	[Jesus] gave no answer	[Jesus] gave no answer
27:14	4	αὐτῷ	G846	autō	. . .	. . .
27:14	5	οὐδὲ	G3761	oude	not even	not even
27:14	6	πρὸς	G4314	pros	to	to
27:14	7	ἓν	G1520	hen	a single	a single
27:14	8	ῥῆμα	G4487	rhēma	charge	charge
27:14	9	λίαν	G3029	lian	much	much
27:14	10	ὥστε	G5620	hōste	to	to
27:14	11	τὸν	G3588	ton	the	the
27:14	12	ἡγεμόνα	G2232	hēgemona	governor’s	governor’s
27:14	13	θαυμάζειν	G2296	thaumazein	amazement	amazement
27:15	1	δὲ	G1161	de	Now	Now
27:15	2	ὁ	G3588	ho	[it was] the	[it was] the
27:15	3	ἡγεμὼν	G2232	hēgemōn	governor’s	governor’s
27:15	4	εἰώθει	G1486	eiōthei	custom	custom
27:15	5	Κατὰ	G2596	Kata	at	at
27:15	6	ἑορτὴν	G1859	heortēn	[the] feast	[the] feast
27:15	7	ἀπολύειν	G630	apolyein	to release	to release
27:15	8	τῷ	G3588	tō	to the	to the
27:15	9	ὄχλῳ	G3793	ochlō	crowd	crowd
27:15	10	ἕνα	G1520	hena	a	a
27:15	11	δέσμιον	G1198	desmion	prisoner	prisoner
27:15	12	ὃν	G3739	hon	of	of
27:15	13	ἤθελον	G2309	ēthelon	their choosing	their choosing
27:16	1	δὲ	G1161	de	-	-
27:16	2	τότε	G5119	tote	At that time	At that time
27:16	3	εἶχον	G2192	eichon	they were holding	they were holding
27:16	4	ἐπίσημον	G1978	episēmon	a notorious	a notorious
27:16	5	δέσμιον	G1198	desmion	prisoner	prisoner
27:16	6	λεγόμενον	G3004	legomenon	named	named
27:16	7	Βαραββᾶν	G912	Barabban	Barabbas	Barabbas
27:17	1	οὖν	G3767	oun	So	So
27:17	2	αὐτῶν	G846	autōn	vvv	vvv
27:17	3	συνηγμένων	G4863	synēgmenōn	when [the crowd] had assembled	when [the crowd] had assembled
27:17	4	ὁ	G3588	ho	-	-
27:17	5	Πιλᾶτος	G4091	Pilatos	Pilate	Pilate
27:17	6	εἶπεν	G2036	eipen	asked	asked
27:17	7	αὐτοῖς	G846	autois	them	them
27:17	8	Τίνα	G5101	Tina	Which [one]	Which [one]
27:17	9	θέλετε	G2309	thelete	do you want	do you want
27:17	10	ἀπολύσω	G630	apolysō	me to release	me to release
27:17	11	ὑμῖν	G4771	hymin	to you	to you
27:17	12	τὸν	G3588	ton	-	-
27:17	13	Βαραββᾶν	G912	Barabban	Barabbas	Barabbas
27:17	14	ἢ	G2228	ē	or	or
27:17	15	Ἰησοῦν	G2424	Iēsoun	Jesus	Jesus
27:17	16	τὸν	G3588	ton	who	who
27:17	17	λεγόμενον	G3004	legomenon	is called	is called
27:17	18	Χριστόν	G5547	Christon	Christ	Christ
27:18	1	γὰρ	G1063	gar	For	For
27:18	2	ᾔδει	G1492	ēdei	he knew	he knew
27:18	3	ὅτι	G3754	hoti	[it was]	[it was]
27:18	4	διὰ	G1223	dia	out of	out of
27:18	5	φθόνον	G5355	phthonon	envy [that]	envy [that]
27:18	6	παρέδωκαν	G3860	paredōkan	they had handed [Jesus] over	they had handed [Jesus] over
27:18	7	αὐτόν	G846	auton	to him	to him
27:19	1	δὲ	G1161	de	[While]	[While]
27:19	2	αὐτοῦ	G846	autou	vvv	vvv
27:19	3	Καθημένου	G2521	Kathēmenou	[Pilate] was sitting	[Pilate] was sitting
27:19	4	ἐπὶ	G1909	epi	on	on
27:19	5	τοῦ	G3588	tou	the	the
27:19	6	βήματος	G968	bēmatos	judgment seat	judgment seat
27:19	7	αὐτοῦ	G846	autou	his	his
27:19	8	ἡ	G3588	hē	-	-
27:19	9	γυνὴ	G1135	gynē	wife	wife
27:19	10	ἀπέστειλεν	G649	apesteilen	sent	sent
27:19	11	πρὸς	G4314	pros	-	-
27:19	12	αὐτὸν	G846	auton	him	him
27:19	13	λέγουσα	G3004	legousa	this message	this message
27:19	14	Μηδὲν	G3367	Mēden	Have nothing to do with	Have nothing to do with
27:19	15	σοὶ	G4771	soi	. . .	. . .
27:19	16	καὶ	G2532	kai	. . .	. . .
27:19	17	ἐκείνῳ	G1565	ekeinō	that	that
27:19	18	τῷ	G3588	tō	-	-
27:19	19	δικαίῳ	G1342	dikaiō	innocent [man]	innocent [man]
27:19	20	γὰρ	G1063	gar	for	for
27:19	21	ἔπαθον	G3958	epathon	I have suffered	I have suffered
27:19	22	πολλὰ	G4183	polla	terribly	terribly
27:19	23	κατ’	G2596	kat’	in	in
27:19	24	ὄναρ	G3677	onar	a dream	a dream
27:19	25	σήμερον	G4594	sēmeron	today	today
27:19	26	δι’	G1223	di’	because of	because of
27:19	27	αὐτόν	G846	auton	Him	Him
27:20	1	δὲ	G1161	de	But	But
27:20	2	Οἱ	G3588	Hoi	the	the
27:20	3	ἀρχιερεῖς	G749	archiereis	chief priests	chief priests
27:20	4	καὶ	G2532	kai	and	and
27:20	5	οἱ	G3588	hoi	-	-
27:20	6	πρεσβύτεροι	G4245	presbyteroi	elders	elders
27:20	7	ἔπεισαν	G3982	epeisan	persuaded	persuaded
27:20	8	τοὺς	G3588	tous	the	the
27:20	9	ὄχλους	G3793	ochlous	crowds	crowds
27:20	10	ἵνα	G2443	hina	to	to
27:20	11	αἰτήσωνται	G154	aitēsōntai	ask for	ask for
27:20	12	τὸν	G3588	ton	-	-
27:20	13	Βαραββᾶν	G912	Barabban	Barabbas	Barabbas
27:20	14	δὲ	G1161	de	and	and
27:20	15	ἀπολέσωσιν	G622	apolesōsin	to have Jesus put to death	to have Jesus put to death
27:20	16	τὸν	G3588	ton	. . .	. . .
27:20	17	Ἰησοῦν	G2424	Iēsoun	. . .	. . .
27:21	1	Τίνα	G5101	Tina	Which	Which
27:21	2	ἀπὸ	G575	apo	of	of
27:21	3	τῶν	G3588	tōn	the	the
27:21	4	δύο	G1417	dyo	two	two
27:21	5	θέλετε	G2309	thelete	do you want	do you want
27:21	6	ἀπολύσω	G630	apolysō	me to release	me to release
27:21	7	ὑμῖν	G4771	hymin	to you	to you
27:21	8	δὲ	G1161	de	-	-
27:21	9	Ἀποκριθεὶς	G611	Apokritheis	asked	asked
27:21	10	ὁ	G3588	ho	the	the
27:21	11	ἡγεμὼν	G2232	hēgemōn	governor	governor
27:21	12	εἶπεν	G2036	eipen	-	-
27:21	13	αὐτοῖς	G846	autois	-	-
27:21	14	Τὸν	G3588	Ton	-	-
27:21	15	Βαραββᾶν	G912	Barabban	Barabbas	Barabbas
27:21	16	δὲ	G1161	de	-	-
27:21	17	Οἱ	G3588	Hoi	-	-
27:21	18	εἶπαν	G2036	eipan	they replied	they replied
27:22	1	Τί	G5101	Ti	What	What
27:22	2	οὖν	G3767	oun	then	then
27:22	3	ποιήσω	G4160	poiēsō	should I do with	should I do with
27:22	4	Ἰησοῦν	G2424	Iēsoun	Jesus	Jesus
27:22	5	τὸν	G3588	ton	who	who
27:22	6	λεγόμενον	G3004	legomenon	is called	is called
27:22	7	Χριστόν	G5547	Christon	Christ	Christ
27:22	8	ὁ	G3588	ho	-	-
27:22	9	Πιλᾶτος	G4091	Pilatos	Pilate	Pilate
27:22	10	Λέγει	G3004	Legei	asked	asked
27:22	11	αὐτοῖς	G846	autois	-	-
27:22	12	πάντες	G3956	pantes	vvv	vvv
27:22	13	Λέγουσιν	G3004	Legousin	They all answered	They all answered
27:22	14	Σταυρωθήτω	G4717	Staurōthētō	Crucify Him	Crucify Him
27:23	1	γὰρ	G1063	gar	Why	Why
27:23	2	δὲ	G1161	de	-	-
27:23	3	Ὁ	G3588	Ho	-	-
27:23	4	ἔφη	G5346	ephē	asked [Pilate]	asked [Pilate]
27:23	5	Τί	G5101	Ti	What	What
27:23	6	κακὸν	G2556	kakon	evil	evil
27:23	7	ἐποίησεν	G4160	epoiēsen	has He done	has He done
27:23	8	δὲ	G1161	de	But	But
27:23	9	Οἱ	G3588	Hoi	-	-
27:23	10	ἔκραζον	G2896	ekrazon	they shouted	they shouted
27:23	11	περισσῶς	G4057	perissōs	all the louder	all the louder
27:23	12	λέγοντες	G3004	legontes	-	-
27:23	13	Σταυρωθήτω	G4717	Staurōthētō	Crucify Him	Crucify Him
27:24	1	δὲ	G1161	de	When	When
27:24	2	ὁ	G3588	ho	-	-
27:24	3	Πιλᾶτος	G4091	Pilatos	Pilate	Pilate
27:24	4	Ἰδὼν	G3708	Idōn	saw	saw
27:24	5	ὅτι	G3754	hoti	that	that
27:24	6	ὠφελεῖ	G5623	ōphelei	he was accomplishing	he was accomplishing
27:24	7	οὐδὲν	G3762	ouden	nothing	nothing
27:24	8	ἀλλὰ	G235	alla	but that	but that
27:24	9	μᾶλλον	G3123	mallon	instead	instead
27:24	10	θόρυβος	G2351	thorybos	a riot	a riot
27:24	11	γίνεται	G1096	ginetai	was breaking out	was breaking out
27:24	12	λαβὼν	G2983	labōn	he took	he took
27:24	13	ὕδωρ	G5204	hydōr	water	water
27:24	14	ἀπενίψατο	G633	apenipsato	[and] washed	[and] washed
27:24	15	τὰς	G3588	tas	[his]	[his]
27:24	16	χεῖρας	G5495	cheiras	hands	hands
27:24	17	ἀπέναντι	G561	apenanti	before	before
27:24	18	τοῦ	G3588	tou	the	the
27:24	19	ὄχλου	G3793	ochlou	crowd	crowd
27:24	20	εἰμι	G1510	eimi	I am	I am
27:24	21	Ἀθῷός	G121	Athōos	innocent	innocent
27:24	22	ἀπὸ	G575	apo	of	of
27:24	23	τούτου	G3778	toutou	this	this
27:24	24	τοῦ	G3588	tou	[man’s]	[man’s]
27:24	25	αἵματος	G129	haimatos	blood	blood
27:24	26	λέγων	G3004	legōn	he said	he said
27:24	27	ὑμεῖς	G4771	hymeis	You	You
27:24	28	ὄψεσθε	G3708	opsesthe	bear the responsibility	bear the responsibility
27:25	1	Καὶ	G2532	Kai	-	-
27:25	2	πᾶς	G3956	pas	All	All
27:25	3	ὁ	G3588	ho	the	the
27:25	4	λαὸς	G2992	laos	people	people
27:25	5	ἀποκριθεὶς	G611	apokritheis	answered	answered
27:25	6	εἶπεν	G2036	eipen	-	-
27:25	7	αὐτοῦ	G846	autou	His	His
27:25	8	Τὸ	G3588	To	-	-
27:25	9	αἷμα	G129	haima	blood	blood
27:25	10	ἐφ’	G1909	eph’	[be] on	[be] on
27:25	11	ἡμᾶς	G1473	hēmas	us	us
27:25	12	καὶ	G2532	kai	and	and
27:25	13	ἐπὶ	G1909	epi	on	on
27:25	14	ἡμῶν	G1473	hēmōn	our	our
27:25	15	τὰ	G3588	ta	-	-
27:25	16	τέκνα	G5043	tekna	children	children
27:26	1	Τότε	G5119	Tote	[So]	[So]
27:26	2	ἀπέλυσεν	G630	apelysen	[Pilate] released	[Pilate] released
27:26	3	τὸν	G3588	ton	-	-
27:26	4	Βαραββᾶν	G912	Barabban	Barabbas	Barabbas
27:26	5	αὐτοῖς	G846	autois	to them	to them
27:26	6	δὲ	G1161	de	But	But
27:26	7	φραγελλώσας	G5417	phragellōsas	he had Jesus flogged	he had Jesus flogged
27:26	8	τὸν	G3588	ton	. . .	. . .
27:26	9	Ἰησοῦν	G2424	Iēsoun	. . .	. . .
27:26	10	παρέδωκεν	G3860	paredōken	[and] handed Him over	[and] handed Him over
27:26	11	ἵνα	G2443	hina	to	to
27:26	12	σταυρωθῇ	G4717	staurōthē	be crucified	be crucified
27:27	1	Τότε	G5119	Tote	Then	Then
27:27	2	οἱ	G3588	hoi	the	the
27:27	3	τοῦ	G3588	tou	-	-
27:27	4	ἡγεμόνος	G2232	hēgemonos	governor’s	governor’s
27:27	5	στρατιῶται	G4757	stratiōtai	soldiers	soldiers
27:27	6	παραλαβόντες	G3880	paralabontes	took	took
27:27	7	τὸν	G3588	ton	-	-
27:27	8	Ἰησοῦν	G2424	Iēsoun	Jesus	Jesus
27:27	9	εἰς	G1519	eis	into	into
27:27	10	τὸ	G3588	to	the	the
27:27	11	πραιτώριον	G4232	praitōrion	Praetorium	Praetorium
27:27	12	συνήγαγον	G4863	synēgagon	[and] gathered	[and] gathered
27:27	13	τὴν	G3588	tēn	the	the
27:27	14	ὅλην	G3650	holēn	whole	whole
27:27	15	σπεῖραν	G4686	speiran	company	company
27:27	16	ἐπ’	G1909	ep’	around	around
27:27	17	αὐτὸν	G846	auton	Him	Him
27:28	1	καὶ	G2532	kai	-	-
27:28	2	ἐκδύσαντες	G1562	ekdysantes	They stripped	They stripped
27:28	3	αὐτὸν	G846	auton	Him	Him
27:28	4	περιέθηκαν	G4060	periethēkan	[and] put	[and] put
27:28	5	κοκκίνην	G2847	kokkinēn	a scarlet	a scarlet
27:28	6	χλαμύδα	G5511	chlamyda	robe	robe
27:28	7	αὐτῷ	G846	autō	on Him	on Him
27:29	1	καὶ	G2532	kai	And	And
27:29	2	πλέξαντες	G4120	plexantes	they twisted together	they twisted together
27:29	3	στέφανον	G4735	stephanon	a crown	a crown
27:29	4	ἐξ	G1537	ex	of	of
27:29	5	ἀκανθῶν	G173	akanthōn	thorns	thorns
27:29	6	ἐπέθηκαν	G2007	epethēkan	[and] set [it]	[and] set [it]
27:29	7	ἐπὶ	G1909	epi	on	on
27:29	8	αὐτοῦ	G846	autou	His	His
27:29	9	τῆς	G3588	tēs	-	-
27:29	10	κεφαλῆς	G2776	kephalēs	head	head
27:29	11	καὶ	G2532	kai	[They put]	[They put]
27:29	12	κάλαμον	G2563	kalamon	a staff	a staff
27:29	13	ἐν	G1722	en	in	in
27:29	14	αὐτοῦ	G846	autou	His	His
27:29	15	τῇ	G3588	tē	-	-
27:29	16	δεξιᾷ	G1188	dexia	right hand	right hand
27:29	17	καὶ	G2532	kai	-	-
27:29	18	γονυπετήσαντες	G1120	gonypetēsantes	knelt down	knelt down
27:29	19	ἔμπροσθεν	G1715	emprosthen	before	before
27:29	20	αὐτοῦ	G846	autou	Him	Him
27:29	21	ἐνέπαιξαν	G1702	enepaixan	[and] mocked	[and] mocked
27:29	22	αὐτῷ	G846	autō	Him	Him
27:29	23	λέγοντες	G3004	legontes	saying	saying
27:29	24	Χαῖρε	G5463	Chaire	Hail	Hail
27:29	25	Βασιλεῦ	G935	Basileu	King	King
27:29	26	τῶν	G3588	tōn	of the	of the
27:29	27	Ἰουδαίων	G2453	Ioudaiōn	Jews	Jews
27:30	1	καὶ	G2532	kai	Then	Then
27:30	2	ἐμπτύσαντες	G1716	emptysantes	they spit	they spit
27:30	3	εἰς	G1519	eis	on	on
27:30	4	αὐτὸν	G846	auton	Him	Him
27:30	5	ἔλαβον	G2983	elabon	[and] took	[and] took
27:30	6	τὸν	G3588	ton	the	the
27:30	7	κάλαμον	G2563	kalamon	staff	staff
27:30	8	καὶ	G2532	kai	and	and
27:30	9	ἔτυπτον	G5180	etypton	struck	struck
27:30	10	αὐτοῦ	G846	autou	Him	Him
27:30	11	εἰς	G1519	eis	on	on
27:30	12	τὴν	G3588	tēn	the	the
27:30	13	κεφαλὴν	G2776	kephalēn	head {repeatedly}	head {repeatedly}
27:31	1	Καὶ	G2532	Kai	After	After
27:31	2	ὅτε	G3753	hote	. . .	. . .
27:31	3	ἐνέπαιξαν	G1702	enepaixan	they had mocked	they had mocked
27:31	4	αὐτῷ	G846	autō	Him	Him
27:31	5	ἐξέδυσαν	G1562	exedysan	they removed	they removed
27:31	6	αὐτὸν	G846	auton	-	-
27:31	7	τὴν	G3588	tēn	the	the
27:31	8	χλαμύδα	G5511	chlamyda	robe	robe
27:31	9	καὶ	G2532	kai	and	and
27:31	10	ἐνέδυσαν	G1746	enedysan	put	put
27:31	11	αὐτοῦ	G846	autou	His	His
27:31	12	τὰ	G3588	ta	[own]	[own]
27:31	13	ἱμάτια	G2440	himatia	clothes	clothes
27:31	14	αὐτὸν	G846	auton	[back] on Him	[back] on Him
27:31	15	καὶ	G2532	kai	Then	Then
27:31	16	ἀπήγαγον	G520	apēgagon	they led Him away	they led Him away
27:31	17	αὐτὸν	G846	auton	-	-
27:31	18	εἰς	G1519	eis	to	to
27:31	19	τὸ	G3588	to	-	-
27:31	20	σταυρῶσαι	G4717	staurōsai	crucify [Him]	crucify [Him]
27:32	1	δὲ	G1161	de	Along the way	Along the way
27:32	2	Ἐξερχόμενοι	G1831	Exerchomenoi	. . .	. . .
27:32	3	εὗρον	G2147	heuron	they found	they found
27:32	4	ἄνθρωπον	G444	anthrōpon	a man	a man
27:32	5	Κυρηναῖον	G2956	Kyrēnaion	from Cyrene	from Cyrene
27:32	6	ὀνόματι	G3686	onomati	named	named
27:32	7	Σίμωνα	G4613	Simōna	Simon	Simon
27:32	8	ἠγγάρευσαν	G29	ēngareusan	[and] they forced	[and] they forced
27:32	9	τοῦτον	G3778	touton	him	him
27:32	10	ἵνα	G2443	hina	to	to
27:32	11	ἄρῃ	G142	arē	carry	carry
27:32	12	τὸν	G3588	ton	the	the
27:32	13	σταυρὸν	G4716	stauron	cross	cross
27:32	14	αὐτοῦ	G846	autou	of [Jesus]	of [Jesus]
27:33	1	Καὶ	G2532	Kai	And [when]	And [when]
27:33	2	ἐλθόντες	G2064	elthontes	they came	they came
27:33	3	εἰς	G1519	eis	to	to
27:33	4	τόπον	G5117	topon	a place	a place
27:33	5	λεγόμενον	G3004	legomenon	called	called
27:33	6	Γολγοθᾶ	G1115	Golgotha	Golgotha	Golgotha
27:33	7	ὅ	G3739	ho	which	which
27:33	8	ἐστιν	G1510	estin	means	means
27:33	9	λεγόμενος	G3004	legomenos	. . .	. . .
27:33	10	τόπος	G5117	topos	The Place	The Place
27:33	11	κρανίου	G2898	kraniou	of the Skull	of the Skull
27:34	1	ἔδωκαν	G1325	edōkan	they offered	they offered
27:34	2	αὐτῷ	G846	autō	Him	Him
27:34	3	οἶνον	G3631	oinon	wine	wine
27:34	4	πιεῖν	G4095	piein	to drink	to drink
27:34	5	μεμιγμένον	G3396	memigmenon	mixed	mixed
27:34	6	μετὰ	G3326	meta	with	with
27:34	7	χολῆς	G5521	cholēs	gall	gall
27:34	8	καὶ	G2532	kai	but	but
27:34	9	γευσάμενος	G1089	geusamenos	after tasting [it]	after tasting [it]
27:34	10	ἠθέλησεν	G2309	ēthelēsen	He refused	He refused
27:34	11	οὐκ	G3756	ouk	. . .	. . .
27:34	12	πιεῖν	G4095	piein	to drink [it]	to drink [it]
27:35	1	δὲ	G1161	de	When	When
27:35	2	Σταυρώσαντες	G4717	Staurōsantes	they had crucified	they had crucified
27:35	3	αὐτὸν	G846	auton	Him	Him
27:35	4	διεμερίσαντο	G1266	diemerisanto	they divided up	they divided up
27:35	5	αὐτοῦ	G846	autou	His	His
27:35	6	τὰ	G3588	ta	-	-
27:35	7	ἱμάτια	G2440	himatia	garments	garments
27:35	8	βάλλοντες	G906	ballontes	by casting	by casting
27:35	9	κλῆρον	G2819	klēron	lots	lots
27:36	1	καὶ	G2532	kai	And	And
27:36	2	καθήμενοι	G2521	kathēmenoi	sitting down	sitting down
27:36	3	ἐτήρουν	G5083	etēroun	they kept watch over	they kept watch over
27:36	4	αὐτὸν	G846	auton	Him	Him
27:36	5	ἐκεῖ	G1563	ekei	there	there
27:37	1	ἐπάνω	G1883	epanō	Above	Above
27:37	2	αὐτοῦ	G846	autou	His	His
27:37	3	τῆς	G3588	tēs	-	-
27:37	4	κεφαλῆς	G2776	kephalēs	head	head
27:37	5	καὶ	G2532	kai	-	-
27:37	6	ἐπέθηκαν	G2007	epethēkan	they posted	they posted
27:37	7	τὴν	G3588	tēn	the	the
27:37	8	γεγραμμένην	G1125	gegrammenēn	written	written
27:37	9	αἰτίαν	G156	aitian	charge	charge
27:37	10	αὐτοῦ	G846	autou	against Him	against Him
27:37	11	ΟΥΤΟΣ	G3778	HOUTOS	THIS	THIS
27:37	12	ΕΣΤΙΝ	G1510	ESTIN	IS	IS
27:37	13	ΙΗΣΟΥΣ	G2424	IĒSOUS	JESUS	JESUS
27:37	14	Ο	G3588	HO	THE	THE
27:37	15	ΒΑΣΙΛΕΥΣ	G935	BASILEUS	KING	KING
27:37	16	ΤΩΝ	G3588	TŌN	OF THE	OF THE
27:37	17	ΙΟΥΔΑΙΩΝ	G2453	IOUDAIŌN	JEWS	JEWS
27:38	1	Τότε	G5119	Tote	-	-
27:38	2	δύο	G1417	dyo	Two	Two
27:38	3	λῃσταί	G3027	lēstai	robbers	robbers
27:38	4	σταυροῦνται	G4717	staurountai	were crucified	were crucified
27:38	5	σὺν	G4862	syn	with	with
27:38	6	αὐτῷ	G846	autō	Him	Him
27:38	7	εἷς	G1520	heis	one	one
27:38	8	ἐκ	G1537	ek	on	on
27:38	9	δεξιῶν	G1188	dexiōn	[His] right	[His] right
27:38	10	καὶ	G2532	kai	and	and
27:38	11	εἷς	G1520	heis	[the other]	[the other]
27:38	12	ἐξ	G1537	ex	on	on
27:38	13	εὐωνύμων	G2176	euōnymōn	[His] left	[His] left
27:39	1	δὲ	G1161	de	And	And
27:39	2	Οἱ	G3588	Hoi	those who	those who
27:39	3	παραπορευόμενοι	G3899	paraporeuomenoi	passed by	passed by
27:39	4	ἐβλασφήμουν	G987	eblasphēmoun	heaped abuse on	heaped abuse on
27:39	5	αὐτὸν	G846	auton	Him	Him
27:39	6	κινοῦντες	G2795	kinountes	shaking	shaking
27:39	7	αὐτῶν	G846	autōn	their	their
27:39	8	τὰς	G3588	tas	-	-
27:39	9	κεφαλὰς	G2776	kephalas	heads	heads
27:40	1	καὶ	G2532	kai	and	and
27:40	2	λέγοντες	G3004	legontes	saying	saying
27:40	3	Ὁ	G3588	Ho	You who	You who
27:40	4	καταλύων	G2647	katalyōn	are going to destroy	are going to destroy
27:40	5	τὸν	G3588	ton	the	the
27:40	6	ναὸν	G3485	naon	temple	temple
27:40	7	καὶ	G2532	kai	and	and
27:40	8	οἰκοδομῶν	G3618	oikodomōn	rebuild [it]	rebuild [it]
27:40	9	ἐν	G1722	en	in	in
27:40	10	τρισὶν	G5140	trisin	three	three
27:40	11	ἡμέραις	G2250	hēmerais	days	days
27:40	12	σῶσον	G4982	sōson	save	save
27:40	13	σεαυτόν	G4572	seauton	Yourself	Yourself
27:40	14	εἰ	G1487	ei	If	If
27:40	15	εἶ	G1510	ei	You are	You are
27:40	16	Υἱὸς	G5207	Huios	[the] Son	[the] Son
27:40	17	τοῦ	G3588	tou	-	-
27:40	18	Θεοῦ	G2316	Theou	of God	of God
27:40	19	καὶ	G2532	kai	-	-
27:40	20	κατάβηθι	G2597	katabēthi	come down	come down
27:40	21	ἀπὸ	G575	apo	from	from
27:40	22	τοῦ	G3588	tou	the	the
27:40	23	σταυροῦ	G4716	staurou	cross	cross
27:41	1	Ὁμοίως	G3668	Homoiōs	In the same way	In the same way
27:41	2	καὶ	G2532	kai	-	-
27:41	3	οἱ	G3588	hoi	the	the
27:41	4	ἀρχιερεῖς	G749	archiereis	chief priests	chief priests
27:41	5	μετὰ	G3326	meta	-	-
27:41	6	τῶν	G3588	tōn	-	-
27:41	7	γραμματέων	G1122	grammateōn	scribes	scribes
27:41	8	καὶ	G2532	kai	and	and
27:41	9	πρεσβυτέρων	G4245	presbyterōn	elders	elders
27:41	10	ἐμπαίζοντες	G1702	empaizontes	mocked Him	mocked Him
27:41	11	ἔλεγον	G2036	elegon	saying	saying
27:42	1	ἔσωσεν	G4982	esōsen	He saved	He saved
27:42	2	Ἄλλους	G243	Allous	others	others
27:42	3	οὐ	G3756	ou	vvv	vvv
27:42	4	δύναται	G1410	dynatai	[but] He cannot	[but] He cannot
27:42	5	σῶσαι	G4982	sōsai	save	save
27:42	6	ἑαυτὸν	G1438	heauton	Himself	Himself
27:42	7	ἐστιν	G1510	estin	He is	He is
27:42	8	Βασιλεὺς	G935	Basileus	[the] King	[the] King
27:42	9	Ἰσραήλ	G2474	Israēl	of Israel	of Israel
27:42	10	καταβάτω	G2597	katabatō	Let Him come down	Let Him come down
27:42	11	νῦν	G3568	nyn	now	now
27:42	12	ἀπὸ	G575	apo	from	from
27:42	13	τοῦ	G3588	tou	the	the
27:42	14	σταυροῦ	G4716	staurou	cross	cross
27:42	15	καὶ	G2532	kai	and	and
27:42	16	πιστεύσομεν	G4100	pisteusomen	we will believe	we will believe
27:42	17	ἐπ’	G1909	ep’	in	in
27:42	18	αὐτόν	G846	auton	Him	Him
27:43	1	πέποιθεν	G3982	pepoithen	He trusts	He trusts
27:43	2	ἐπὶ	G1909	epi	in	in
27:43	3	τὸν	G3588	ton	-	-
27:43	4	Θεόν	G2316	Theon	God	God
27:43	5	ῥυσάσθω	G4506	rhysasthō	Let [God] deliver	Let [God] deliver
27:43	6	αὐτόν	G846	auton	Him	Him
27:43	7	νῦν	G3568	nyn	now	now
27:43	8	εἰ	G1487	ei	if	if
27:43	9	θέλει	G2309	thelei	He wants Him	He wants Him
27:43	10	γὰρ	G1063	gar	For	For
27:43	11	εἶπεν	G2036	eipen	He said	He said
27:43	12	ὅτι	G3754	hoti	-	-
27:43	13	εἰμι	G1510	eimi	I am	I am
27:43	14	Υἱός	G5207	Huios	[the] Son	[the] Son
27:43	15	Θεοῦ	G2316	Theou	of God	of God
27:44	1	δ’	G1161	d’	vvv	vvv
27:44	2	Τὸ	G3588	To	vvv	vvv
27:44	3	αὐτὸ	G846	auto	In the same way	In the same way
27:44	4	καὶ	G2532	kai	even	even
27:44	5	οἱ	G3588	hoi	the	the
27:44	6	λῃσταὶ	G3027	lēstai	robbers	robbers
27:44	7	οἱ	G3588	hoi	who	who
27:44	8	συσταυρωθέντες	G4957	systaurōthentes	were crucified	were crucified
27:44	9	σὺν	G4862	syn	with	with
27:44	10	αὐτῷ	G846	autō	Him	Him
27:44	11	ὠνείδιζον	G3679	ōneidizon	berated	berated
27:44	12	αὐτόν	G846	auton	Him	Him
27:45	1	δὲ	G1161	de	-	-
27:45	2	Ἀπὸ	G575	Apo	From	From
27:45	3	ἕκτης	G1623	hektēs	[the] sixth	[the] sixth
27:45	4	ὥρας	G5610	hōras	hour	hour
27:45	5	ἕως	G2193	heōs	until	until
27:45	6	ἐνάτης	G1766	enatēs	[the] ninth	[the] ninth
27:45	7	ὥρας	G5610	hōras	hour	hour
27:45	8	σκότος	G4655	skotos	darkness	darkness
27:45	9	ἐγένετο	G1096	egeneto	came	came
27:45	10	ἐπὶ	G1909	epi	over	over
27:45	11	πᾶσαν	G3956	pasan	all	all
27:45	12	τὴν	G3588	tēn	the	the
27:45	13	γῆν	G1093	gēn	land	land
27:46	1	δὲ	G1161	de	-	-
27:46	2	περὶ	G4012	peri	About	About
27:46	3	τὴν	G3588	tēn	the	the
27:46	4	ἐνάτην	G1766	enatēn	ninth	ninth
27:46	5	ὥραν	G5610	hōran	hour	hour
27:46	6	ὁ	G3588	ho	-	-
27:46	7	Ἰησοῦς	G2424	Iēsous	Jesus	Jesus
27:46	8	ἀνεβόησεν	G310	aneboēsen	cried out	cried out
27:46	9	μεγάλῃ	G3173	megalē	vvv	vvv
27:46	10	φωνῇ	G5456	phōnē	in a loud voice	in a loud voice
27:46	11	λέγων	G3004	legōn	-	-
27:46	12	Ἠλὶ	G2241	Ēli	Eli	Eli
27:46	13	ἠλὶ	G2241	ēli	Eli	Eli
27:46	14	λεμὰ	G2982	lema	lema	lema
27:46	15	σαβαχθάνι	G4518	sabachthani	sabachthani	sabachthani
27:46	16	τοῦτ’	G3778	tout’	which	which
27:46	17	ἔστιν	G1510	estin	means	means
27:46	18	μου	G1473	mou	My	My
27:46	19	Θεέ	G2316	Thee	God	God
27:46	20	μου	G1473	mou	My	My
27:46	21	θεέ	G2316	thee	God	God
27:46	22	ἵνα‿	G2443	hina	why	why
27:46	23	τί	G5101	ti	. . .	. . .
27:46	24	ἐγκατέλιπες	G1459	enkatelipes	have You forsaken	have You forsaken
27:46	25	με	G1473	me	Me	Me
27:47	1	δὲ	G1161	de	When	When
27:47	2	Τινὲς	G5100	Tines	some	some
27:47	3	τῶν	G3588	tōn	of those	of those
27:47	4	ἑστηκότων	G2476	hestēkotōn	standing	standing
27:47	5	ἐκεῖ	G1563	ekei	there	there
27:47	6	ἀκούσαντες	G191	akousantes	heard this	heard this
27:47	7	ἔλεγον	G2036	elegon	they said	they said
27:47	8	ὅτι	G3754	hoti	-	-
27:47	9	οὗτος	G3778	houtos	[He]	[He]
27:47	10	φωνεῖ	G5455	phōnei	is calling	is calling
27:47	11	Ἠλίαν	G2243	Ēlian	Elijah	Elijah
27:48	1	καὶ	G2532	kai	-	-
27:48	2	εἷς	G1520	heis	One	One
27:48	3	ἐξ	G1537	ex	of	of
27:48	4	αὐτῶν	G846	autōn	them	them
27:48	5	εὐθέως	G2112	eutheōs	quickly	quickly
27:48	6	δραμὼν	G5143	dramōn	ran	ran
27:48	7	καὶ	G2532	kai	and	and
27:48	8	λαβὼν	G2983	labōn	brought	brought
27:48	9	σπόγγον	G4699	spongon	a sponge	a sponge
27:48	10	τε	G5037	te	-	-
27:48	11	πλήσας	G4130	plēsas	He filled [it]	He filled [it]
27:48	12	ὄξους	G3690	oxous	with sour wine	with sour wine
27:48	13	καὶ	G2532	kai	-	-
27:48	14	περιθεὶς	G4060	peritheis	put [it] on	put [it] on
27:48	15	καλάμῳ	G2563	kalamō	a reed	a reed
27:48	16	ἐπότιζεν	G4222	epotizen	and held it up for [Jesus] to drink	and held it up for [Jesus] to drink
27:48	17	αὐτόν	G846	auton	. . .	. . .
27:49	1	δὲ	G1161	de	But	But
27:49	2	Οἱ	G3588	Hoi	the	the
27:49	3	λοιποὶ	G3062	loipoi	others	others
27:49	4	ἔλεγον	G2036	elegon	said	said
27:49	5	Ἄφες	G863	Aphes	Leave [Him] alone	Leave [Him] alone
27:49	6	ἴδωμεν	G3708	idōmen	Let us see	Let us see
27:49	7	εἰ	G1487	ei	if	if
27:49	8	Ἠλίας	G2243	Ēlias	Elijah	Elijah
27:49	9	ἔρχεται	G2064	erchetai	comes	comes
27:49	10	σώσων	G4982	sōsōn	to save	to save
27:49	11	αὐτόν	G846	auton	Him	Him
27:50	1	δὲ	G1161	de	When	When
27:50	2	Ὁ	G3588	Ho	-	-
27:50	3	Ἰησοῦς	G2424	Iēsous	Jesus	Jesus
27:50	4	κράξας	G2896	kraxas	had cried out	had cried out
27:50	5	πάλιν	G3825	palin	again	again
27:50	6	μεγάλῃ	G3173	megalē	vvv	vvv
27:50	7	φωνῇ	G5456	phōnē	in a loud voice	in a loud voice
27:50	8	ἀφῆκεν	G863	aphēken	He yielded up	He yielded up
27:50	9	τὸ	G3588	to	[His]	[His]
27:50	10	πνεῦμα	G4151	pneuma	spirit	spirit
27:51	1	Καὶ	G2532	Kai	At that moment	At that moment
27:51	2	ἰδοὺ	G2400	idou	. . .	. . .
27:51	3	τὸ	G3588	to	the	the
27:51	4	καταπέτασμα	G2665	katapetasma	veil	veil
27:51	5	τοῦ	G3588	tou	of the	of the
27:51	6	ναοῦ	G3485	naou	temple	temple
27:51	7	ἐσχίσθη	G4977	eschisthē	was torn	was torn
27:51	8	εἰς	G1519	eis	in	in
27:51	9	δύο	G1417	dyo	two	two
27:51	10	ἀπ’	G575	ap’	from	from
27:51	11	ἄνωθεν	G509	anōthen	top	top
27:51	12	ἕως	G2193	heōs	to	to
27:51	13	κάτω	G2736	katō	bottom	bottom
27:51	14	καὶ	G2532	kai	-	-
27:51	15	ἡ	G3588	hē	The	The
27:51	16	γῆ	G1093	gē	earth	earth
27:51	17	ἐσείσθη	G4579	eseisthē	quaked	quaked
27:51	18	καὶ	G2532	kai	and	and
27:51	19	αἱ	G3588	hai	the	the
27:51	20	πέτραι	G4073	petrai	rocks	rocks
27:51	21	ἐσχίσθησαν	G4977	eschisthēsan	were split	were split
27:52	1	καὶ	G2532	kai	-	-
27:52	2	τὰ	G3588	ta	The	The
27:52	3	μνημεῖα	G3419	mnēmeia	tombs	tombs
27:52	4	ἀνεῴχθησαν	G455	aneōchthēsan	broke open	broke open
27:52	5	καὶ	G2532	kai	and	and
27:52	6	σώματα	G4983	sōmata	[the] bodies	[the] bodies
27:52	7	πολλὰ	G4183	polla	of many	of many
27:52	8	τῶν	G3588	tōn	-	-
27:52	9	ἁγίων	G40	hagiōn	saints	saints
27:52	10	κεκοιμημένων	G2837	kekoimēmenōn	who had fallen asleep	who had fallen asleep
27:52	11	ἠγέρθησαν	G1453	ēgerthēsan	were raised	were raised
27:53	1	καὶ	G2532	kai	-	-
27:53	2	μετὰ	G3326	meta	After	After
27:53	3	αὐτοῦ	G846	autou	[Jesus’]	[Jesus’]
27:53	4	τὴν	G3588	tēn	-	-
27:53	5	ἔγερσιν	G1454	egersin	resurrection	resurrection
27:53	6	ἐξελθόντες	G1831	exelthontes	when they had come	when they had come
27:53	7	ἐκ	G1537	ek	out of	out of
27:53	8	τῶν	G3588	tōn	the	the
27:53	9	μνημείων	G3419	mnēmeiōn	tombs	tombs
27:53	10	εἰσῆλθον	G1525	eisēlthon	they entered	they entered
27:53	11	εἰς	G1519	eis	. . .	. . .
27:53	12	τὴν	G3588	tēn	the	the
27:53	13	ἁγίαν	G40	hagian	holy	holy
27:53	14	πόλιν	G4172	polin	city	city
27:53	15	καὶ	G2532	kai	and	and
27:53	16	ἐνεφανίσθησαν	G1718	enephanisthēsan	appeared	appeared
27:53	17	πολλοῖς	G4183	pollois	to many [people]	to many [people]
27:54	1	δὲ	G1161	de	When	When
27:54	2	Ὁ	G3588	Ho	the	the
27:54	3	ἑκατόνταρχος	G1543	hekatontarchos	centurion	centurion
27:54	4	καὶ	G2532	kai	and	and
27:54	5	οἱ	G3588	hoi	those	those
27:54	6	μετ’	G3326	met’	with	with
27:54	7	αὐτοῦ	G846	autou	him	him
27:54	8	τηροῦντες	G5083	tērountes	who were guarding	who were guarding
27:54	9	τὸν	G3588	ton	-	-
27:54	10	Ἰησοῦν	G2424	Iēsoun	Jesus	Jesus
27:54	11	ἰδόντες	G3708	idontes	saw	saw
27:54	12	τὸν	G3588	ton	the	the
27:54	13	σεισμὸν	G4578	seismon	earthquake	earthquake
27:54	14	καὶ	G2532	kai	and	and
27:54	15	τὰ	G3588	ta	all that	all that
27:54	16	γενόμενα	G1096	genomena	had happened	had happened
27:54	17	ἐφοβήθησαν	G5399	ephobēthēsan	they were terrified	they were terrified
27:54	18	σφόδρα	G4970	sphodra	. . .	. . .
27:54	19	λέγοντες	G3004	legontes	[and] said	[and] said
27:54	20	Ἀληθῶς	G230	Alēthōs	Truly	Truly
27:54	21	οὗτος	G3778	houtos	this	this
27:54	22	ἦν	G1510	ēn	was	was
27:54	23	Υἱὸς	G5207	Huios	[the] Son	[the] Son
27:54	24	Θεοῦ	G2316	Theou	of God	of God
27:55	1	δὲ	G1161	de	And	And
27:55	2	πολλαὶ	G4183	pollai	many	many
27:55	3	γυναῖκες	G1135	gynaikes	women	women
27:55	4	Ἦσαν	G1510	Ēsan	were	were
27:55	5	ἐκεῖ	G1563	ekei	there	there
27:55	6	θεωροῦσαι	G2334	theōrousai	watching	watching
27:55	7	ἀπὸ	G575	apo	from	from
27:55	8	μακρόθεν	G3113	makrothen	a distance	a distance
27:55	9	αἵτινες	G3748	haitines	[They]	[They]
27:55	10	ἠκολούθησαν	G190	ēkolouthēsan	had followed	had followed
27:55	11	τῷ	G3588	tō	-	-
27:55	12	Ἰησοῦ	G2424	Iēsou	Jesus	Jesus
27:55	13	ἀπὸ	G575	apo	from	from
27:55	14	τῆς	G3588	tēs	-	-
27:55	15	Γαλιλαίας	G1056	Galilaias	Galilee	Galilee
27:55	16	διακονοῦσαι	G1247	diakonousai	to minister	to minister
27:55	17	αὐτῷ	G846	autō	to Him	to Him
27:56	1	ἐν	G1722	en	Among	Among
27:56	2	αἷς	G3739	hais	[them]	[them]
27:56	3	ἦν	G1510	ēn	were	were
27:56	4	Μαρία	G3137	Maria	Mary	Mary
27:56	5	ἡ	G3588	hē	-	-
27:56	6	Μαγδαληνή	G3094	Magdalēnē	Magdalene	Magdalene
27:56	7	καὶ	G2532	kai	-	-
27:56	8	Μαρία	G3137	Maria	Mary	Mary
27:56	9	ἡ	G3588	hē	the	the
27:56	10	μήτηρ	G3384	mētēr	mother	mother
27:56	11	τοῦ	G3588	tou	-	-
27:56	12	Ἰακώβου	G2385	Iakōbou	of James	of James
27:56	13	καὶ	G2532	kai	and	and
27:56	14	Ἰωσὴφ	G2501	Iōsēph	Joseph	Joseph
27:56	15	καὶ	G2532	kai	and	and
27:56	16	ἡ	G3588	hē	the	the
27:56	17	μήτηρ	G3384	mētēr	mother	mother
27:56	18	τῶν	G3588	tōn	of	of
27:56	19	Ζεβεδαίου	G2199	Zebedaiou	Zebedee’s	Zebedee’s
27:56	20	υἱῶν	G5207	huiōn	sons	sons
27:57	1	δὲ	G1161	de	When	When
27:57	2	γενομένης	G1096	genomenēs	it was	it was
27:57	3	Ὀψίας	G3798	Opsias	evening	evening
27:57	4	ἦλθεν	G2064	ēlthen	there came	there came
27:57	5	πλούσιος	G4145	plousios	a rich	a rich
27:57	6	ἄνθρωπος	G444	anthrōpos	man	man
27:57	7	ἀπὸ	G575	apo	from	from
27:57	8	Ἁριμαθαίας	G707	Harimathaias	Arimathea	Arimathea
27:57	9	τοὔνομα	G5122	tounoma	named	named
27:57	10	Ἰωσήφ	G2501	Iōsēph	Joseph	Joseph
27:57	11	ὃς	G3739	hos	who	who
27:57	12	αὐτὸς	G846	autos	himself	himself
27:57	13	καὶ	G2532	kai	. . .	. . .
27:57	14	ἐμαθητεύθη	G3100	emathēteuthē	was a disciple	was a disciple
27:57	15	τῷ	G3588	tō	-	-
27:57	16	Ἰησοῦ	G2424	Iēsou	of Jesus	of Jesus
27:58	1	οὗτος	G3778	houtos	He	He
27:58	2	προσελθὼν	G4334	proselthōn	went	went
27:58	3	τῷ	G3588	tō	-	-
27:58	4	Πιλάτῳ	G4091	Pilatō	to Pilate	to Pilate
27:58	5	ᾐτήσατο	G154	ētēsato	to ask for	to ask for
27:58	6	τὸ	G3588	to	the	the
27:58	7	σῶμα	G4983	sōma	body	body
27:58	8	τοῦ	G3588	tou	-	-
27:58	9	Ἰησοῦ	G2424	Iēsou	of Jesus	of Jesus
27:58	10	τότε	G5119	tote	and	and
27:58	11	ὁ	G3588	ho	-	-
27:58	12	Πιλᾶτος	G4091	Pilatos	Pilate	Pilate
27:58	13	ἐκέλευσεν	G2753	ekeleusen	ordered that	ordered that
27:58	14	ἀποδοθῆναι	G591	apodothēnai	it be given to him	it be given to him
27:59	1	καὶ	G2532	kai	So	So
27:59	2	ὁ	G3588	ho	-	-
27:59	3	Ἰωσὴφ	G2501	Iōsēph	Joseph	Joseph
27:59	4	λαβὼν	G2983	labōn	took	took
27:59	5	τὸ	G3588	to	the	the
27:59	6	σῶμα	G4983	sōma	body	body
27:59	7	ἐνετύλιξεν	G1794	enetylixen	wrapped	wrapped
27:59	8	αὐτὸ	G846	auto	it	it
27:59	9	ἐν	G1722	en	in	in
27:59	10	καθαρᾷ	G2513	kathara	a clean	a clean
27:59	11	σινδόνι	G4616	sindoni	linen cloth	linen cloth
27:60	1	καὶ	G2532	kai	and	and
27:60	2	ἔθηκεν	G5087	ethēken	placed	placed
27:60	3	αὐτὸ	G846	auto	it	it
27:60	4	ἐν	G1722	en	in	in
27:60	5	αὐτοῦ	G846	autou	his own	his own
27:60	6	καινῷ	G2537	kainō	new	new
27:60	7	τῷ	G3588	tō	-	-
27:60	8	μνημείῳ	G3419	mnēmeiō	tomb	tomb
27:60	9	ὃ	G3739	ho	that	that
27:60	10	ἐλατόμησεν	G2998	elatomēsen	he had cut	he had cut
27:60	11	ἐν	G1722	en	into	into
27:60	12	τῇ	G3588	tē	the	the
27:60	13	πέτρᾳ	G4073	petra	rock	rock
27:60	14	καὶ	G2532	kai	Then	Then
27:60	15	προσκυλίσας	G4351	proskylisas	he rolled	he rolled
27:60	16	μέγαν	G3173	megan	a great	a great
27:60	17	λίθον	G3037	lithon	stone	stone
27:60	18	τῇ	G3588	tē	across the	across the
27:60	19	θύρᾳ	G2374	thyra	entrance	entrance
27:60	20	τοῦ	G3588	tou	to the	to the
27:60	21	μνημείου	G3419	mnēmeiou	tomb	tomb
27:60	22	ἀπῆλθεν	G565	apēlthen	[and] went away	[and] went away
27:61	1	δὲ	G1161	de	-	-
27:61	2	Μαριὰμ	G3137	Mariam	Mary	Mary
27:61	3	ἡ	G3588	hē	-	-
27:61	4	Μαγδαληνὴ	G3094	Magdalēnē	Magdalene	Magdalene
27:61	5	καὶ	G2532	kai	and	and
27:61	6	ἡ	G3588	hē	the	the
27:61	7	ἄλλη	G243	allē	other	other
27:61	8	Μαρία	G3137	Maria	Mary	Mary
27:61	9	Ἦν	G1510	Ēn	were	were
27:61	10	καθήμεναι	G2521	kathēmenai	sitting	sitting
27:61	11	ἐκεῖ	G1563	ekei	there	there
27:61	12	ἀπέναντι	G561	apenanti	opposite	opposite
27:61	13	τοῦ	G3588	tou	the	the
27:61	14	τάφου	G5028	taphou	tomb	tomb
27:62	1	δὲ	G1161	de	-	-
27:62	2	Τῇ	G3588	Tē	The	The
27:62	3	ἐπαύριον	G1887	epaurion	next day	next day
27:62	4	ἥτις	G3748	hētis	the one	the one
27:62	5	ἐστὶν	G1510	estin	-	-
27:62	6	μετὰ	G3326	meta	after	after
27:62	7	τὴν	G3588	tēn	-	-
27:62	8	Παρασκευήν	G3904	Paraskeuēn	Preparation Day	Preparation Day
27:62	9	οἱ	G3588	hoi	the	the
27:62	10	ἀρχιερεῖς	G749	archiereis	chief priests	chief priests
27:62	11	καὶ	G2532	kai	and	and
27:62	12	οἱ	G3588	hoi	-	-
27:62	13	Φαρισαῖοι	G5330	Pharisaioi	Pharisees	Pharisees
27:62	14	συνήχθησαν	G4863	synēchthēsan	assembled	assembled
27:62	15	πρὸς	G4314	pros	before	before
27:62	16	Πιλᾶτον	G4091	Pilaton	Pilate	Pilate
27:63	1	Κύριε	G2962	Kyrie	Sir	Sir
27:63	2	λέγοντες	G3004	legontes	they said	they said
27:63	3	ἐμνήσθημεν	G3403	emnēsthēmen	we remember	we remember
27:63	4	ὅτι	G3754	hoti	that	that
27:63	5	ἔτι	G2089	eti	while	while
27:63	6	ζῶν	G2198	zōn	He was alive	He was alive
27:63	7	ἐκεῖνος	G1565	ekeinos	that	that
27:63	8	ὁ	G3588	ho	-	-
27:63	9	πλάνος	G4108	planos	deceiver	deceiver
27:63	10	εἶπεν	G2036	eipen	said	said
27:63	11	Μετὰ	G3326	Meta	After	After
27:63	12	τρεῖς	G5140	treis	three	three
27:63	13	ἡμέρας	G2250	hēmeras	days	days
27:63	14	ἐγείρομαι	G1453	egeiromai	I will rise again	I will rise again
27:64	1	οὖν	G3767	oun	So	So
27:64	2	κέλευσον	G2753	keleuson	give the order that	give the order that
27:64	3	τὸν	G3588	ton	the	the
27:64	4	τάφον	G5028	taphon	tomb	tomb
27:64	5	ἀσφαλισθῆναι	G805	asphalisthēnai	be secured	be secured
27:64	6	ἕως	G2193	heōs	until	until
27:64	7	τῆς	G3588	tēs	the	the
27:64	8	τρίτης	G5154	tritēs	third	third
27:64	9	ἡμέρας	G2250	hēmeras	day	day
27:64	10	μή‿	G3361	mē	Otherwise	Otherwise
27:64	11	ποτε	G4219	pote	. . .	. . .
27:64	12	αὐτοῦ	G846	autou	His	His
27:64	13	οἱ	G3588	hoi	-	-
27:64	14	μαθηταὶ	G3101	mathētai	disciples	disciples
27:64	15	ἐλθόντες	G2064	elthontes	may come	may come
27:64	16	κλέψωσιν	G2813	klepsōsin	[and] steal Him away	[and] steal Him away
27:64	17	αὐτὸν	G846	auton	. . .	. . .
27:64	18	καὶ	G2532	kai	and	and
27:64	19	εἴπωσιν	G2036	eipōsin	tell	tell
27:64	20	τῷ	G3588	tō	the	the
27:64	21	λαῷ	G2992	laō	people	people
27:64	22	Ἠγέρθη	G1453	Ēgerthē	He has risen	He has risen
27:64	23	ἀπὸ	G575	apo	from	from
27:64	24	τῶν	G3588	tōn	the	the
27:64	25	νεκρῶν	G3498	nekrōn	dead	dead
27:64	26	καὶ	G2532	kai	And	And
27:64	27	ἡ	G3588	hē	[this]	[this]
27:64	28	ἐσχάτη	G2078	eschatē	last	last
27:64	29	πλάνη	G4106	planē	deception	deception
27:64	30	ἔσται	G1510	estai	would be	would be
27:64	31	χείρων	G5501	cheirōn	worse	worse
27:64	32	τῆς	G3588	tēs	than the	than the
27:64	33	πρώτης	G4413	prōtēs	first	first
27:65	1	Ἔχετε	G2192	Echete	You have	You have
27:65	2	κουστωδίαν	G2892	koustōdian	a guard	a guard
27:65	3	ὁ	G3588	ho	-	-
27:65	4	Πιλᾶτος	G4091	Pilatos	Pilate	Pilate
27:65	5	Ἔφη	G5346	Ephē	said	said
27:65	6	αὐτοῖς	G846	autois	. . .	. . .
27:65	7	ὑπάγετε	G5217	hypagete	Go	Go
27:65	8	ἀσφαλίσασθε	G805	asphalisasthe	make [the tomb as] secure	make [the tomb as] secure
27:65	9	ὡς	G5613	hōs	as	as
27:65	10	οἴδατε	G1492	oidate	you know [how]	you know [how]
27:66	1	δὲ	G1161	de	So	So
27:66	2	οἱ	G3588	hoi	-	-
27:66	3	πορευθέντες	G4198	poreuthentes	they went [and]	they went [and]
27:66	4	τὸν	G3588	ton	vvv	vvv
27:66	5	τάφον	G5028	taphon	vvv	vvv
27:66	6	ἠσφαλίσαντο	G805	ēsphalisanto	secured the tomb	secured the tomb
27:66	7	σφραγίσαντες	G4972	sphragisantes	by sealing	by sealing
27:66	8	τὸν	G3588	ton	the	the
27:66	9	λίθον	G3037	lithon	stone	stone
27:66	10	μετὰ	G3326	meta	[and posting]	[and posting]
27:66	11	τῆς	G3588	tēs	the	the
27:66	12	κουστωδίας	G2892	koustōdias	guard	guard
28:1	1	δὲ	G1161	de	-	-
28:1	2	Ὀψὲ	G3796	Opse	After	After
28:1	3	σαββάτων	G4521	sabbatōn	[the] Sabbath	[the] Sabbath
28:1	4	τῇ	G3588	tē	-	-
28:1	5	ἐπιφωσκούσῃ	G2020	epiphōskousē	at dawn	at dawn
28:1	6	εἰς	G1519	eis	on	on
28:1	7	μίαν	G1520	mian	[the] first [day]	[the] first [day]
28:1	8	σαββάτων	G4521	sabbatōn	of [the] week	of [the] week
28:1	9	Μαριὰμ	G3137	Mariam	Mary	Mary
28:1	10	ἡ	G3588	hē	-	-
28:1	11	Μαγδαληνὴ	G3094	Magdalēnē	Magdalene	Magdalene
28:1	12	καὶ	G2532	kai	and	and
28:1	13	ἡ	G3588	hē	the	the
28:1	14	ἄλλη	G243	allē	other	other
28:1	15	Μαρία	G3137	Maria	Mary	Mary
28:1	16	ἦλθεν	G2064	ēlthen	went	went
28:1	17	θεωρῆσαι	G2334	theōrēsai	to see	to see
28:1	18	τὸν	G3588	ton	the	the
28:1	19	τάφον	G5028	taphon	tomb	tomb
28:2	1	Καὶ	G2532	Kai	vvv	vvv
28:2	2	ἰδοὺ	G2400	idou	Suddenly	Suddenly
28:2	3	ἐγένετο	G1096	egeneto	there was	there was
28:2	4	μέγας	G3173	megas	a great	a great
28:2	5	σεισμὸς	G4578	seismos	earthquake	earthquake
28:2	6	γὰρ	G1063	gar	for	for
28:2	7	ἄγγελος	G32	angelos	an angel	an angel
28:2	8	Κυρίου	G2962	Kyriou	of [the] Lord	of [the] Lord
28:2	9	καταβὰς	G2597	katabas	descended	descended
28:2	10	ἐξ	G1537	ex	from	from
28:2	11	οὐρανοῦ	G3772	ouranou	heaven	heaven
28:2	12	καὶ	G2532	kai	-	-
28:2	13	προσελθὼν	G4334	proselthōn	-	-
28:2	14	ἀπεκύλισεν	G617	apekylisen	rolled away	rolled away
28:2	15	τὸν	G3588	ton	the	the
28:2	16	λίθον	G3037	lithon	stone	stone
28:2	17	καὶ	G2532	kai	and	and
28:2	18	ἐκάθητο	G2521	ekathēto	sat	sat
28:2	19	ἐπάνω	G1883	epanō	on	on
28:2	20	αὐτοῦ	G846	autou	it	it
28:3	1	δὲ	G1161	de	-	-
28:3	2	αὐτοῦ	G846	autou	His	His
28:3	3	ἡ	G3588	hē	-	-
28:3	4	εἰδέα	G2397	eidea	appearance	appearance
28:3	5	ἦν	G1510	ēn	was	was
28:3	6	ὡς	G5613	hōs	like	like
28:3	7	ἀστραπὴ	G796	astrapē	lightning	lightning
28:3	8	καὶ	G2532	kai	and	and
28:3	9	αὐτοῦ	G846	autou	his	his
28:3	10	τὸ	G3588	to	-	-
28:3	11	ἔνδυμα	G1742	endyma	clothes [were]	clothes [were]
28:3	12	λευκὸν	G3022	leukon	white	white
28:3	13	ὡς	G5613	hōs	as	as
28:3	14	χιών	G5510	chiōn	snow	snow
28:4	1	δὲ	G1161	de	-	-
28:4	2	οἱ	G3588	hoi	The	The
28:4	3	τηροῦντες	G5083	tērountes	guards	guards
28:4	4	ἐσείσθησαν	G4579	eseisthēsan	trembled	trembled
28:4	5	ἀπὸ	G575	apo	in	in
28:4	6	τοῦ	G3588	tou	-	-
28:4	7	φόβου	G5401	phobou	fear	fear
28:4	8	αὐτοῦ	G846	autou	of him	of him
28:4	9	καὶ	G2532	kai	and	and
28:4	10	ἐγενήθησαν	G1096	egenēthēsan	became	became
28:4	11	ὡς	G5613	hōs	like	like
28:4	12	νεκροί	G3498	nekroi	dead [men]	dead [men]
28:5	1	δὲ	G1161	de	But	But
28:5	2	ὁ	G3588	ho	the	the
28:5	3	ἄγγελος	G32	angelos	angel	angel
28:5	4	Ἀποκριθεὶς	G611	Apokritheis	vvv	vvv
28:5	5	εἶπεν	G2036	eipen	said	said
28:5	6	ταῖς	G3588	tais	to the	to the
28:5	7	γυναιξίν	G1135	gynaixin	women	women
28:5	8	Μὴ	G3361	Mē	{Do} not	{Do} not
28:5	9	φοβεῖσθε	G5399	phobeisthe	be afraid	be afraid
28:5	10	γὰρ	G1063	gar	for	for
28:5	11	οἶδα	G1492	oida	I know	I know
28:5	12	ὅτι	G3754	hoti	that	that
28:5	13	ὑμεῖς	G4771	hymeis	you	you
28:5	14	ζητεῖτε	G2212	zēteite	are looking for	are looking for
28:5	15	Ἰησοῦν	G2424	Iēsoun	Jesus	Jesus
28:5	16	τὸν	G3588	ton	who	who
28:5	17	ἐσταυρωμένον	G4717	estaurōmenon	was crucified	was crucified
28:6	1	ἔστιν	G1510	estin	He is	He is
28:6	2	οὐκ	G3756	ouk	not	not
28:6	3	ὧδε	G5602	hōde	here	here
28:6	4	γὰρ	G1063	gar	-	-
28:6	5	ἠγέρθη	G1453	ēgerthē	He has risen	He has risen
28:6	6	καθὼς	G2531	kathōs	just as	just as
28:6	7	εἶπεν	G2036	eipen	He said	He said
28:6	8	δεῦτε	G1205	deute	Come	Come
28:6	9	ἴδετε	G3708	idete	see	see
28:6	10	τὸν	G3588	ton	the	the
28:6	11	τόπον	G5117	topon	place	place
28:6	12	ὅπου	G3699	hopou	where	where
28:6	13	ἔκειτο	G2749	ekeito	He lay	He lay
28:7	1	καὶ	G2532	kai	Then	Then
28:7	2	πορευθεῖσαι	G4198	poreutheisai	go	go
28:7	3	ταχὺ	G5035	tachy	quickly	quickly
28:7	4	εἴπατε	G2036	eipate	[and] tell	[and] tell
28:7	5	αὐτοῦ	G846	autou	His	His
28:7	6	τοῖς	G3588	tois	-	-
28:7	7	μαθηταῖς	G3101	mathētais	disciples	disciples
28:7	8	ὅτι	G3754	hoti	-	-
28:7	9	Ἠγέρθη	G1453	Ēgerthē	He has risen	He has risen
28:7	10	ἀπὸ	G575	apo	from	from
28:7	11	τῶν	G3588	tōn	the	the
28:7	12	νεκρῶν	G3498	nekrōn	dead	dead
28:7	13	καὶ	G2532	kai	and	and
28:7	14	ἰδοὺ	G2400	idou	-	-
28:7	15	προάγει	G4254	proagei	is going ahead of	is going ahead of
28:7	16	ὑμᾶς	G4771	hymas	you	you
28:7	17	εἰς	G1519	eis	into	into
28:7	18	τὴν	G3588	tēn	-	-
28:7	19	Γαλιλαίαν	G1056	Galilaian	Galilee	Galilee
28:7	20	ἐκεῖ	G1563	ekei	There	There
28:7	21	ὄψεσθε	G3708	opsesthe	you will see	you will see
28:7	22	αὐτὸν	G846	auton	Him	Him
28:7	23	ἰδοὺ	G2400	idou	See	See
28:7	24	εἶπον	G2036	eipon	I have told	I have told
28:7	25	ὑμῖν	G4771	hymin	you	you
28:8	1	Καὶ	G2532	Kai	So	So
28:8	2	ἀπελθοῦσαι	G565	apelthousai	they hurried away	they hurried away
28:8	3	ταχὺ	G5035	tachy	. . .	. . .
28:8	4	ἀπὸ	G575	apo	from	from
28:8	5	τοῦ	G3588	tou	the	the
28:8	6	μνημείου	G3419	mnēmeiou	tomb	tomb
28:8	7	μετὰ	G3326	meta	in	in
28:8	8	φόβου	G5401	phobou	fear	fear
28:8	9	καὶ	G2532	kai	and	and
28:8	10	μεγάλης	G3173	megalēs	great	great
28:8	11	χαρᾶς	G5479	charas	joy	joy
28:8	12	ἔδραμον	G5143	edramon	[and] ran	[and] ran
28:8	13	ἀπαγγεῖλαι	G518	apangeilai	to tell	to tell
28:8	14	αὐτοῦ	G846	autou	His	His
28:8	15	τοῖς	G3588	tois	-	-
28:8	16	μαθηταῖς	G3101	mathētais	disciples	disciples
28:9	1	καὶ	G2532	kai	Suddenly	Suddenly
28:9	2	ἰδοὺ	G2400	idou	. . .	. . .
28:9	3	Ἰησοῦς	G2424	Iēsous	Jesus	Jesus
28:9	4	ὑπήντησεν	G5221	hypēntēsen	met	met
28:9	5	αὐταῖς	G846	autais	them	them
28:9	6	λέγων	G3004	legōn	[and] said	[and] said
28:9	7	Χαίρετε	G5463	Chairete	Greetings	Greetings
28:9	8	δὲ	G1161	de	-	-
28:9	9	αἱ	G3588	hai	-	-
28:9	10	προσελθοῦσαι	G4334	proselthousai	They came to [Him]	They came to [Him]
28:9	11	ἐκράτησαν	G2902	ekratēsan	grasped	grasped
28:9	12	αὐτοῦ	G846	autou	His	His
28:9	13	τοὺς	G3588	tous	-	-
28:9	14	πόδας	G4228	podas	feet	feet
28:9	15	καὶ	G2532	kai	and	and
28:9	16	προσεκύνησαν	G4352	prosekynēsan	worshiped	worshiped
28:9	17	αὐτῷ	G846	autō	Him	Him
28:10	1	Μὴ	G3361	Mē	{Do} not	{Do} not
28:10	2	φοβεῖσθε	G5399	phobeisthe	be afraid	be afraid
28:10	3	τότε	G5119	tote	-	-
28:10	4	λέγει	G3004	legei	said	said
28:10	5	ὁ	G3588	ho	-	-
28:10	6	Ἰησοῦς	G2424	Iēsous	Jesus	Jesus
28:10	7	αὐταῖς	G846	autais	-	-
28:10	8	ὑπάγετε	G5217	hypagete	Go	Go
28:10	9	ἀπαγγείλατε	G518	apangeilate	[and] tell	[and] tell
28:10	10	μου	G1473	mou	My	My
28:10	11	τοῖς	G3588	tois	-	-
28:10	12	ἀδελφοῖς	G80	adelphois	brothers	brothers
28:10	13	ἵνα	G2443	hina	to	to
28:10	14	ἀπέλθωσιν	G565	apelthōsin	go	go
28:10	15	εἰς	G1519	eis	to	to
28:10	16	τὴν	G3588	tēn	-	-
28:10	17	Γαλιλαίαν	G1056	Galilaian	Galilee	Galilee
28:10	18	κἀκεῖ	G2546	kakei	There	There
28:10	19	ὄψονται	G3708	opsontai	they will see	they will see
28:10	20	με	G1473	me	Me	Me
28:11	1	δὲ	G1161	de	While	While
28:11	2	αὐτῶν	G846	autōn	[the women]	[the women]
28:11	3	Πορευομένων	G4198	Poreuomenōn	were on their way	were on their way
28:11	4	ἰδού	G2400	idou	-	-
28:11	5	τινες	G5100	tines	some	some
28:11	6	τῆς	G3588	tēs	of the	of the
28:11	7	κουστωδίας	G2892	koustōdias	guards	guards
28:11	8	ἐλθόντες	G2064	elthontes	went	went
28:11	9	εἰς	G1519	eis	into	into
28:11	10	τὴν	G3588	tēn	the	the
28:11	11	πόλιν	G4172	polin	city	city
28:11	12	ἀπήγγειλαν	G518	apēngeilan	[and] reported	[and] reported
28:11	13	τοῖς	G3588	tois	to the	to the
28:11	14	ἀρχιερεῦσιν	G749	archiereusin	chief priests	chief priests
28:11	15	ἅπαντα	G537	hapanta	all	all
28:11	16	τὰ	G3588	ta	that	that
28:11	17	γενόμενα	G1096	genomena	had happened	had happened
28:12	1	καὶ	G2532	kai	And after	And after
28:12	2	συναχθέντες	G4863	synachthentes	[the chief priests] had met	[the chief priests] had met
28:12	3	μετὰ	G3326	meta	with	with
28:12	4	τῶν	G3588	tōn	the	the
28:12	5	πρεσβυτέρων	G4245	presbyterōn	elders	elders
28:12	6	τε	G5037	te	and	and
28:12	7	λαβόντες	G2983	labontes	formed a plan	formed a plan
28:12	8	συμβούλιόν	G4824	symboulion	. . .	. . .
28:12	9	ἔδωκαν	G1325	edōkan	they gave	they gave
28:12	10	τοῖς	G3588	tois	the	the
28:12	11	στρατιώταις	G4757	stratiōtais	soldiers	soldiers
28:12	12	ἱκανὰ	G2425	hikana	a large	a large
28:12	13	ἀργύρια	G694	argyria	sum of money	sum of money
28:13	1	λέγοντες	G3004	legontes	[and] instructed them	[and] instructed them
28:13	2	Εἴπατε	G2036	Eipate	You are to say	You are to say
28:13	3	ὅτι	G3754	hoti	-	-
28:13	4	αὐτοῦ	G846	autou	His	His
28:13	5	Οἱ	G3588	Hoi	-	-
28:13	6	μαθηταὶ	G3101	mathētai	disciples	disciples
28:13	7	ἐλθόντες	G2064	elthontes	came	came
28:13	8	νυκτὸς	G3571	nyktos	by night	by night
28:13	9	ἔκλεψαν	G2813	eklepsan	[and] stole	[and] stole
28:13	10	αὐτὸν	G846	auton	Him {away}	Him {away}
28:13	11	ἡμῶν	G1473	hēmōn	{while} we	{while} we
28:13	12	κοιμωμένων	G2837	koimōmenōn	were asleep	were asleep
28:14	1	καὶ	G2532	kai	-	-
28:14	2	ἐὰν	G1437	ean	If	If
28:14	3	τοῦτο	G3778	touto	this [report]	this [report]
28:14	4	ἀκουσθῇ	G191	akousthē	reaches	reaches
28:14	5	ἐπὶ	G1909	epi	. . .	. . .
28:14	6	τοῦ	G3588	tou	the	the
28:14	7	ἡγεμόνος	G2232	hēgemonos	governor	governor
28:14	8	ἡμεῖς	G1473	hēmeis	we	we
28:14	9	πείσομεν	G3982	peisomen	will satisfy	will satisfy
28:14	10	αὐτὸν	G846	auton	him	him
28:14	11	καὶ	G2532	kai	and	and
28:14	12	ποιήσομεν	G4160	poiēsomen	keep	keep
28:14	13	ὑμᾶς	G4771	hymas	you	you
28:14	14	ἀμερίμνους	G275	amerimnous	out of trouble	out of trouble
28:15	1	δὲ	G1161	de	So	So
28:15	2	Οἱ	G3588	Hoi	the [guards]	the [guards]
28:15	3	λαβόντες	G2983	labontes	took	took
28:15	4	τὰ	G3588	ta	the	the
28:15	5	ἀργύρια	G694	argyria	money	money
28:15	6	ἐποίησαν	G4160	epoiēsan	[and] did	[and] did
28:15	7	ὡς	G5613	hōs	as	as
28:15	8	ἐδιδάχθησαν	G1321	edidachthēsan	they were instructed	they were instructed
28:15	9	Καὶ	G2532	Kai	And	And
28:15	10	οὗτος	G3778	houtos	this	this
28:15	11	ὁ	G3588	ho	-	-
28:15	12	λόγος	G3056	logos	account	account
28:15	13	διεφημίσθη	G1310	diephēmisthē	has been circulated	has been circulated
28:15	14	παρὰ	G3844	para	among	among
28:15	15	Ἰουδαίοις	G2453	Ioudaiois	[the] Jews	[the] Jews
28:15	16	μέχρι	G3360	mechri	to	to
28:15	17	τῆς	G3588	tēs	this	this
28:15	18	σήμερον	G4594	sēmeron	very	very
28:15	19	ἡμέρας	G2250	hēmeras	day	day
28:16	1	δὲ	G1161	de	Meanwhile	Meanwhile
28:16	2	Οἱ	G3588	Hoi	the	the
28:16	3	ἕνδεκα	G1733	hendeka	eleven	eleven
28:16	4	μαθηταὶ	G3101	mathētai	disciples	disciples
28:16	5	ἐπορεύθησαν	G4198	eporeuthēsan	went	went
28:16	6	εἰς	G1519	eis	to	to
28:16	7	τὴν	G3588	tēn	-	-
28:16	8	Γαλιλαίαν	G1056	Galilaian	Galilee	Galilee
28:16	9	εἰς	G1519	eis	to	to
28:16	10	τὸ	G3588	to	the	the
28:16	11	ὄρος	G3735	oros	mountain	mountain
28:16	12	οὗ	G3757	hou	. . .	. . .
28:16	13	ὁ	G3588	ho	-	-
28:16	14	Ἰησοῦς	G2424	Iēsous	Jesus	Jesus
28:16	15	ἐτάξατο	G5021	etaxato	had designated	had designated
28:16	16	αὐτοῖς	G846	autois	. . .	. . .
28:17	1	καὶ	G2532	kai	When	When
28:17	2	ἰδόντες	G3708	idontes	they saw	they saw
28:17	3	αὐτὸν	G846	auton	Him	Him
28:17	4	προσεκύνησαν	G4352	prosekynēsan	they worshiped Him	they worshiped Him
28:17	5	δὲ	G1161	de	but	but
28:17	6	οἱ	G3588	hoi	some	some
28:17	7	ἐδίστασαν	G1365	edistasan	doubted	doubted
28:18	1	Καὶ	G2532	Kai	Then	Then
28:18	2	ὁ	G3588	ho	-	-
28:18	3	Ἰησοῦς	G2424	Iēsous	Jesus	Jesus
28:18	4	προσελθὼν	G4334	proselthōn	came to	came to
28:18	5	αὐτοῖς	G846	autois	them	them
28:18	6	ἐλάλησεν	G2980	elalēsen	[and] said	[and] said
28:18	7	λέγων	G3004	legōn	. . .	. . .
28:18	8	πᾶσα	G3956	pasa	All	All
28:18	9	ἐξουσία	G1849	exousia	authority	authority
28:18	10	ἐν	G1722	en	in	in
28:18	11	οὐρανῷ	G3772	ouranō	heaven	heaven
28:18	12	καὶ	G2532	kai	and	and
28:18	13	ἐπὶ	G1909	epi	on	on
28:18	14	τῆς	G3588	tēs	-	-
28:18	15	γῆς	G1093	gēs	earth	earth
28:18	16	Ἐδόθη	G1325	Edothē	has been given	has been given
28:18	17	μοι	G1473	moi	to Me	to Me
28:19	1	οὖν	G3767	oun	Therefore	Therefore
28:19	2	πορευθέντες	G4198	poreuthentes	go [and]	go [and]
28:19	3	μαθητεύσατε	G3100	mathēteusate	make disciples	make disciples
28:19	4	πάντα	G3956	panta	of all	of all
28:19	5	τὰ	G3588	ta	-	-
28:19	6	ἔθνη	G1484	ethnē	nations	nations
28:19	7	βαπτίζοντες	G907	baptizontes	baptizing	baptizing
28:19	8	αὐτοὺς	G846	autous	them	them
28:19	9	εἰς	G1519	eis	in	in
28:19	10	τὸ	G3588	to	the	the
28:19	11	ὄνομα	G3686	onoma	name	name
28:19	12	τοῦ	G3588	tou	of the	of the
28:19	13	Πατρὸς	G3962	Patros	Father	Father
28:19	14	καὶ	G2532	kai	and	and
28:19	15	τοῦ	G3588	tou	of the	of the
28:19	16	Υἱοῦ	G5207	Huiou	Son	Son
28:19	17	καὶ	G2532	kai	and	and
28:19	18	τοῦ	G3588	tou	of the	of the
28:19	19	Ἁγίου	G40	Hagiou	Holy	Holy
28:19	20	Πνεύματος	G4151	Pneumatos	Spirit	Spirit
28:20	1	διδάσκοντες	G1321	didaskontes	[and] teaching	[and] teaching
28:20	2	αὐτοὺς	G846	autous	them	them
28:20	3	τηρεῖν	G5083	tērein	to obey	to obey
28:20	4	πάντα	G3956	panta	all	all
28:20	5	ὅσα	G3745	hosa	that	that
28:20	6	ἐνετειλάμην	G1781	eneteilamēn	I have commanded	I have commanded
28:20	7	ὑμῖν	G4771	hymin	you	you
28:20	8	καὶ	G2532	kai	And	And
28:20	9	ἰδοὺ	G2400	idou	surely	surely
28:20	10	ἐγὼ	G1473	egō	I	I
28:20	11	εἰμι	G1510	eimi	am	am
28:20	12	μεθ’	G3326	meth’	with	with
28:20	13	ὑμῶν	G4771	hymōn	you	you
28:20	14	πάσας	G3956	pasas	always	always
28:20	15	τὰς	G3588	tas	. . .	. . .
28:20	16	ἡμέρας	G2250	hēmeras	. . .	. . .
28:20	17	ἕως	G2193	heōs	even to	even to
28:20	18	τῆς	G3588	tēs	the	the
28:20	19	συντελείας	G4930	synteleias	end	end
28:20	20	τοῦ	G3588	tou	of the	of the
28:20	21	αἰῶνος	G165	aiōnos	age	age
